"Social Anxiety","Happiness/Self-Esteem","Insomnia/Fatigue","Depression","Inattentiveness","Anxiety","Stress","Restless/Concentration","Somatic Symptoms","Autism","Impulsivity","Negative Mental Health","ADHD & Anxiety"
-1.22200029219955,1.27812028439674,-0.053357457864931,0.440975360893378,-0.313989829764842,-0.923541392002526,1.05816054374033,-0.0280355718613174,0.206217896001035,-1.1009359101475,-0.474838770604311,-1.20552914728357,0.075163177365867
0.709155861679661,-0.729723067630228,2.79351150797479,3.56166064327631,1.00215337390884,2.86612147435145,1.03139461235959,2.69835397363107,1.02676366138043,0.203405142632936,-0.849607112185833,2.19760369622368,3.02824467427098
0.602030152874027,0.422264702706372,-0.296070739535537,0.444924050108836,0.512804106385078,-0.615777028474252,-0.419068399214061,-1.3338504590313,0.270974119180538,0.0366476773978122,-0.0587769830115584,0.00474960094499064,-0.662714941905741
0.917073852243978,-0.656732194211955,0.681615893753865,2.08779193053691,0.133312784654991,3.77122619372518,0.902616882171496,0.270395394599287,-0.417596796341497,-1.01504922813317,1.14004314508555,1.26877500064929,1.9945730744121
-1.003791817814,1.64216896014015,-0.983092917338084,0.469959224703427,-0.911120857983687,-1.14805378654959,0.547160178351385,-0.191693165671073,0.0194282817888942,-0.568867607071251,1.52927271053611,-1.72414873898728,0.3194676362283
-0.233301370882532,0.252797422564336,1.37398408836063,0.799914691974322,0.813460879735047,0.763540428217819,0.656037358118562,0.458243474960137,2.67304017133808,-0.327051988597855,-0.319056491799905,0.196383435689996,1.90734490436085
-1.38303581257147,0.875197243830512,2.15561880321574,-0.483324923424365,0.704728862159796,-0.81195334627499,1.16883577734688,-0.0730198262310701,0.452388073619385,-1.31343552682546,0.699606617266227,-0.998149705731191,1.5587307758885
0.863756541463526,-0.0459716524029223,-0.820833004676668,-0.0301825645102813,0.29310401925607,-1.18920241714013,2.88663136619209,0.0511456269568615,0.0481481762661344,1.83640135928945,0.00959737292973678,0.887516579160087,-0.651093041732827
-1.58207036389292,0.716680843010814,1.66352578293634,0.217353013796589,0.330217532231424,-1.6553722108905,0.352053110117882,-3.01752972160256,-1.26313291307327,-1.11604482095758,0.907137473489188,-0.891622845134034,-0.639227338196001
-0.799966263422315,0.806717288622788,-1.50792104679194,0.68292172687227,0.0277003523092319,-1.0891033725909,-0.0635679633753642,-2.0611019027367,-1.05714151925155,-0.330220677542936,0.0568512244360731,-0.848780698549864,-1.59037162061195
1.76893799402271,-0.595654643501258,1.57563181817664,2.50763294189168,-0.587853745168004,1.30557161804724,0.430658218930996,-0.585307081374872,1.75014018103176,0.0972975147777619,1.17443049237091,1.64224147960323,1.36058611862454
-0.228002132162216,0.0130287766128221,0.357542289629113,-0.581673175476188,0.196546833829381,1.85842061544023,-1.98285438130423,1.05883640632254,0.614149885783271,-0.017467195649155,-0.285607704243086,-0.323549946409192,1.06346823970786
-1.15458807488202,0.289943548369633,-0.829878064519098,-1.12287200381242,0.11820205500246,-0.547655819532336,-2.22281352792543,2.50736488601683,-0.963158409513438,1.6946930209879,1.44213174602468,-1.15165417256025,0.809715991099706
2.3202642832241,1.59234398322591,-0.794839810340108,-0.558869066111348,0.082897482760108,-1.73398867287419,0.0799024019307319,1.30918294313389,-0.523183061638934,-1.07940647904818,1.55220736823767,-0.943149299334795,0.456428492021441
-0.683717533350909,1.31749229440928,-0.55016704334677,0.843265368779832,0.875676380091005,-1.23310827580923,-1.36460110092759,-0.365500632277317,-1.22769027628327,-1.10672137170107,-1.01909688100586,-1.16527436376667,-0.887630796478031
1.2752168967279,1.57279966611519,-0.746094644367696,-0.191109058873126,-0.0555092652184086,0.787955782379267,-0.940689417720703,-0.362893399914081,0.493697095649601,-0.0331858934638235,0.580699506577287,-0.826923769247899,0.268671060204367
-1.17321090133549,0.950733980988243,-0.804937188324299,-0.456956958902605,-0.102931721056871,-1.32237913130268,-0.629849462781837,-1.10804256243472,-1.62577798773607,0.458007047394324,-1.20853774808833,-1.02444922971902,-2.0180791578368
0.307870581089113,-1.87838726813287,0.735712127121029,0.899174199117082,1.01969809844494,-0.0897403046211875,-1.83672097500381,-1.80922323371098,-0.0761955425323093,-1.3203085540354,1.13972588857438,1.04575021586119,-0.00370215952856061
0.583399631900327,0.956491818663339,0.238909708082709,-1.16075910504613,-0.241790534267085,-0.600767448254141,0.00779178734385039,-1.63644275961103,-0.799901648417159,-0.00893376147201963,1.54019719097912,-0.747533293602493,-0.391176043338504
0.331011559555184,1.09057767685202,-1.27263944433593,-0.747615147536718,-1.07305235856625,-1.18641961596519,-1.16776112458256,0.520710141511836,-0.763309210795992,0.017686797374189,0.66502016375515,-1.26846142306122,-0.714366414940622
-0.138757927022464,-0.424161890490172,-0.560471005877184,-0.193721477925722,-0.215965756606872,-2.48899165744616,0.889016399801606,2.14206743073959,-0.39027587290654,-1.35224216466719,-0.551789416141884,-0.23295373966897,-0.231988764246497
-0.924891415257277,0.325077228542475,-0.51851620140413,2.99545174298334,0.169458885775011,-1.64376148062044,2.6249977672748,0.954442602274702,1.84224430262532,-1.60997048094444,-0.375257649264621,-0.0501101035299584,0.98320858784068
0.0870705031940211,0.21354370428509,-0.0446159831731513,0.0113764055515029,-0.0345638700905259,1.63271514781921,-1.08538649892472,0.722716193644837,-0.391227541913707,-0.989380484650691,2.62057736714809,-0.675631897870218,1.97358080664443
0.730055543629038,0.0247019181668544,0.205898764310472,0.950875559545456,0.447242292858923,-0.597247798217061,-1.6580787079604,-1.12361573555767,0.586219630237287,-0.250094844904649,0.318948830024765,0.175881098893033,-0.262343218396238
-0.267902760377393,1.23675399879705,-0.565927655400337,0.450044685553268,0.0856088428609555,0.162786254802279,-0.111306901795061,0.256428420978445,0.357492748402969,-0.202310705765131,0.0919289355236201,-0.894695595732412,0.446062616312799
-0.10628122212701,-0.201909751216788,-1.14144139438436,-1.12675341338314,0.65569829412647,0.00254809844577655,0.56083766498936,-0.454144025527127,-0.381187966175116,1.29712052008154,0.677980418393801,0.0231773239849625,-0.367219575201066
-0.0114672343917729,-0.204954611195478,0.0862380578539382,0.0930355391694288,1.00031317603963,-0.392001947728006,-1.91940842988182,2.49702657421371,-0.154810211923965,-0.723813312526343,2.3539247240313,-0.57483031721141,2.24027597458453
0.392422917302729,1.09894515245195,0.247379264498918,2.09201669979841,0.745411122885334,1.15621204916841,-1.93272117615752,-2.43363220954867,-1.23010907981086,0.88447269181315,0.227697843292274,0.0872000729087003,-0.698950767220051
0.195667705013862,0.735904186160282,-1.27780556223939,-0.173855476658828,0.639101086335307,-0.788649546402869,0.0563325735161691,0.282968788342229,-0.849552343445591,1.43716896140443,0.612169623625551,-0.365006355907928,-0.402664850625544
-0.977137079514078,0.77823094721634,-0.759333546130383,-0.324099449640139,-0.730661963486278,-0.304971752994363,-1.58054552263752,-0.712355568565907,1.1352626811213,-0.38038799159116,1.15622263433518,-1.47219246169011,0.261817434782232
-0.238280425909041,0.000903305124266202,0.260584587507077,-0.871753684600279,-0.533304780402294,0.428159888033807,-1.42492166793906,-0.61874234668378,0.0874222128570393,-1.29576815706291,-1.56109148400952,-0.475159109563704,-0.853411226966987
2.27852685065665,-0.444564382594339,0.525293597452422,3.45293759059005,0.945141812067121,-0.826916538948587,-1.42746114001257,0.592354930713244,0.952242405359582,2.49161748486765,0.219045371016349,2.06830317876571,0.182272717140651
-1.20009793372042,0.79773126209797,0.126536315067217,-0.535644232789336,-1.47858667540146,-0.284359507584408,-1.32590103637345,-0.128735645487152,-0.223356591734344,-0.722805148695846,0.740707078712333,-1.50756736586217,0.0405476396450403
0.70151502468207,-0.832483821456572,3.46055688399413,1.12272006102829,1.80744558118205,0.796212129006376,-0.856132329455285,1.91505728534542,1.54648790117649,1.58745210896635,0.616416530789301,1.62902845869903,2.83424379708728
-1.00858614150538,0.819948241133738,-0.666250347669838,-0.103181871436426,0.0994843535030005,-0.93393290529853,-0.571726148543504,-0.193315050810621,-0.165327385481053,0.836038058124761,0.449189877554273,-0.95358716463884,-0.264183997655375
1.98066069066854,-0.85312013218806,0.655630413086866,-0.461190052636872,0.188217560160059,-1.87384740435019,-0.516052045382672,0.227688002747779,-0.200352684629894,-0.645564252142,-1.5609106761447,1.0610569970385,-1.39815379853114
-0.866820582283303,0.900268322790203,-1.35110496098033,-0.0960618170206702,0.0842349142853561,-0.653955646282823,-0.96798008809588,-0.955171806515035,-0.56948717180692,-1.01107568573315,-0.399662506012678,-1.29834644749014,-0.994532407679291
0.676245187502191,-0.305314353066356,-0.26051467112871,2.66641590241913,-0.346793297904448,0.734724542942031,1.16737310708346,2.32367264114027,1.24818301222158,0.362067557516631,0.640613852894251,0.973946013697181,1.77868792019038
1.10414444881613,0.353918171432149,-0.507687909179134,-0.370877213430621,0.304316629340696,0.00406178737260604,-0.683917111805735,-0.48181835799604,0.0137637121302697,-0.722149469414768,-1.25886884251578,-0.030693030899694,-0.921057430780558
-1.04470218039219,0.657493099489625,-1.3765297250583,-0.595949992452422,-0.424808072901866,-0.956089084606465,0.300372248314862,-1.23788458486866,-0.0282165599476187,0.190914921346216,-0.0530161529493047,-1.0170026823631,-1.14588613322626
0.24741064398094,1.08314961149891,-1.46570248757218,0.338839592824644,-0.826914142541446,0.198960243949946,-1.06782484389818,-1.55663698703584,1.04322353519822,-1.03673774108234,-1.06722062573229,-0.935853462422989,-1.19754175961089
2.80381032418121,-0.686854771444761,-0.164230541527371,-0.449855606579492,1.73283091572113,0.867289363530884,0.00808551370513932,-1.34690063337887,-0.27386545456946,0.618686755500587,-0.0554223342068359,1.61886937094016,-0.605599357396081
-1.08038408014098,0.790025700572551,0.0328488889822237,-0.0225597480718918,-0.599442281920849,0.100514475675663,-0.287763424415432,1.34339034489937,-0.034936354577684,-0.43642440257139,0.710414991211024,-1.14619105195068,1.07857993136973
-0.201581283251991,0.921879600254079,-0.130587189023779,0.597282424776562,0.889015338205363,-1.69068231316178,-2.17339683798054,0.0951638179986323,-0.350914814711793,-0.134512236462555,0.140093917545981,-0.88596311774879,-0.231278545456853
2.72971966013102,-0.64260979135297,0.82583808780667,-0.418536298661539,1.25768878022043,2.34292098995027,1.50097280938619,1.43896407220546,-0.533406590095061,-0.722110287290523,1.60260474556249,1.39366836293491,2.18420319350414
-0.664800115098955,-0.341127419363344,-0.786992784217037,0.0987352067683108,0.423912628417855,-0.382208448272183,0.668626409321218,2.17053062665506,4.35625643493414,-1.09995327030814,1.61460528838822,-0.625751249119099,3.03625307821146
1.58530057517839,-1.68846177696947,-0.22871571499054,0.798851891885538,-1.24136617624362,1.05111132072854,-0.953413490322606,-0.661523467261287,0.358376794819174,0.159003996805389,-0.487943492802723,1.64767892145502,-1.00020138370894
-1.35351149630529,1.48322752202207,0.697854250231886,-0.237609490126412,0.494451410601195,0.649153391395329,1.44060972218079,1.18090813136436,0.0567635983839216,-0.136227556429012,0.920802301962319,-1.2304715479558,1.9923091279895
2.03329530659481,0.0301046020966735,0.285469729919239,-0.499570329274239,-0.701391148941735,-1.14456653785045,-0.442783287962715,-0.247995334640792,-1.73335858303993,0.719911185011409,0.402421185187173,0.566194507770834,-1.33278009103285
-0.820299702988228,1.26235842968014,0.371573691393008,0.21830299704608,0.797907921993933,-0.960841233747533,0.233757461347888,-1.06020690858253,-0.627141172550905,-0.334062325759292,0.0993552091291288,-0.93096624210421,-0.175440903731507
0.428968408219689,-1.62998273575694,-1.44916905560519,1.10146136071321,-0.00647949492079003,-1.12038122000943,-1.64101669252047,0.0339831825685904,-0.132515802742492,1.56584323430676,-0.0460287457714023,1.19670279213172,-1.36988362704071
-0.562946583321444,0.590881369267101,-0.615777919695758,1.44625427821877,1.1846250916029,-0.201447255521277,-1.14113137069964,-1.16863954142925,-0.440219580310282,-0.908075949175762,2.19178938656447,-0.781038323488802,0.800885025288296
-0.877809034842145,0.863542214719192,-1.2754761050998,-0.547012707217283,0.390856112363897,0.462120540379876,-0.107691530450917,1.8027003814841,-0.571326913424918,1.88379968732736,0.269250506016981,-0.786881908774942,0.534817744305818
0.0379948881279652,0.578164114114471,-1.71389561644897,0.715015125301212,-0.158446701551101,0.20726652856157,-0.937359319061501,-1.82066729874301,2.51832225037574,-1.51119798097293,-0.685063228521976,-0.753989016575988,-0.512979543698952
-0.690966759019342,-0.821025182283482,-0.753540857555527,0.878421626730293,2.40648663506626,-1.37353156708226,1.46909246701902,0.0995376190312855,0.676846110533452,-0.472028077787777,1.56809392028562,0.340689601131408,1.21497295800453
-0.881893355869139,0.182841430153413,-0.61358792108075,-0.529743833791505,1.89099817756976,0.0345823784426142,-0.122713054214191,1.83928463815233,-0.411711121930323,1.84240302665303,0.71854008750748,-0.263702823870726,1.17879466738439
1.00500794734995,-0.966969937852493,0.267180722334358,2.85979979349024,0.414972011546114,1.07236805879311,-0.622547683254098,2.834187759434,2.16771259665633,-0.482735951992361,1.72810591563382,1.09639927712063,3.10374594977688
-1.29857621551781,0.439936021424751,-1.02163072754168,-0.199435278655045,-1.00056361233451,-1.40365147684701,-0.938400483218834,-0.774439313509623,-1.09498586401291,-0.354991407811977,-0.925784121223521,-1.0660852673506,-1.85823410498428
0.682515967195619,-0.460368275947804,0.312463127709468,-0.686545778718193,-0.161940879108813,-2.25913845629852,-0.733618834204375,-0.394934628784247,-0.98407355801152,-0.00128102046622597,0.723903216094987,0.114828982103542,-1.01148782263678
-0.627840594704483,1.35884904454256,-1.09298394555164,-0.197881092286389,-0.584894454095704,0.339550171661113,-0.680851220179013,-1.60499526549328,-1.35202040606986,0.906409703932759,0.273286795864133,-1.09132269748699,-1.22587503395379
-0.453756202586685,0.461110075863185,0.344151369230455,1.65861447632219,0.221042158660458,-0.761522063583703,-0.280885845897378,-0.0302729208382611,0.818595650494444,-0.460179872392194,-0.889755342647158,-0.111991907658247,0.0307144139605643
-0.366533618116582,0.541852648694873,-0.646495256937511,0.880164430919701,-1.16690573312444,0.162540860924103,0.157049335662232,0.62192465394696,0.93634455393435,0.237023236109951,-0.0449787610714836,-0.413609212733376,0.243611360166337
-1.02540439598275,1.21763752396181,-1.23348100804472,0.110954926695668,-0.374667755262508,-0.883467185768679,-1.82761307240169,0.910694773682831,-1.37960314098402,0.424352236788427,-0.937429139923703,-1.35938073943345,-1.05032797130561
-1.3539613618585,-0.535473042293013,0.415493240523008,-0.390341379865224,-0.936975228748614,-0.562293560554314,1.61979038161259,1.86320425742568,1.57253929083678,-0.435508037841038,0.461991155852401,-0.306068195908781,1.4398765684397
-0.776650314108172,0.895127960349943,-0.534176656426149,-0.314140695094499,0.87477441763557,-1.83323449544033,0.112181166755384,-0.415478256795027,-0.755849628149066,-1.11122768192117,0.0583578041070083,-1.16130571000171,-0.449404410988074
1.61406462319434,-1.63607827391338,-0.217138027393776,3.36232710474406,-1.1407375855959,0.983896294374441,0.764648787005671,3.40256321914507,1.08522238217305,-0.00927282549450656,-0.254898852963636,2.1467633370612,1.37302201662233
-0.616785767727588,-0.874435039789386,0.0321895868215086,2.10250372196425,0.265837940374726,0.200981610505317,1.12129315133203,-1.13915573668057,-1.05303448869072,1.60773079490595,-0.268970998810622,1.3772696940106,-0.852772720126505
-1.18267146926955,-0.42449712077703,0.310574567253253,-1.60157636934788,0.164214668583213,-0.832886622480899,-1.24135371127473,1.32266425148941,-0.128288838254293,-1.69655778716398,-0.894632114733314,-0.912884817578973,0.131753496198044
1.59900531295755,-0.376592383902542,-0.258746223878452,-1.06741592974001,0.528641473829889,4.53710938740224,-1.58815216267362,1.29729820943278,-0.969346833432115,-1.86034655142399,2.89105851986208,-0.118708798367972,2.84669285773665
0.095453036441991,0.650450171923867,-0.000418175713428171,1.28964241346242,-1.48403891099736,1.44947282108077,-1.00573821472348,1.04385351477315,1.55043625047196,-0.352949859964509,-0.293259088182633,-0.371499778084323,0.952723328564854
-0.0119053135912365,0.758680225872604,0.20473941874791,0.0998033801167323,-0.228042416874736,-0.865087828907468,-1.5898230454086,-0.00675802756165751,-0.866355814671743,1.84343891178007,-0.491782340773958,-0.256948241279341,-1.01527369352259
2.17193917476839,-2.17198900751605,1.63394755086482,3.98215238989322,0.467732964592686,0.883440600806103,-1.34377383123452,1.84694224974462,-0.504774712273265,2.2027084648194,0.230307757386212,3.35838357809613,0.801585572441783
0.772266370602829,-0.610880023983221,1.14291146153569,0.450047522153599,0.358623231448398,0.126267567101654,0.149611858487029,-0.221619451796232,0.912000530955076,2.10564283355093,-0.166813385360738,1.34870759637013,0.10154838024489
0.0285093119047137,0.0149569747785462,-1.2964767611878,-0.933142553784574,0.589580419645789,-0.557310214794096,-1.12670134833497,0.967643718874749,-0.598609316570193,0.790691269348096,-0.0260204992659364,-0.376730337009635,-0.4147193907808
0.32216334945622,0.974549670542555,0.218445173374903,-0.0917676864852994,-0.350081514704564,-1.54810079911113,-0.173279940924752,-1.51012205272452,-0.903969610903497,-1.49223183212069,1.34996765295804,-0.984628847558713,-0.469294339442695
-0.779304689400591,-0.807384853940464,0.0369081875201753,0.88010494654312,-0.45539286861551,-1.33072679875973,0.0270397900999119,1.13810576890096,1.54911813220997,-0.133092527792167,-0.135603118424746,0.20533829441427,0.442344231077499
1.18230058680487,0.150158848857257,-0.848815906191785,-0.311732809089522,-1.52348017925276,-1.22514805456978,-1.28312915598599,-0.548177336340848,-0.88171716456705,-0.564598327739668,-0.166737006937566,-0.279659544366007,-1.76389483116456
0.421161875678732,0.193554214187276,-0.16536362499544,-0.207703831934765,0.221554027932677,-0.0885718985145244,-0.7105009950065,0.563105587435087,1.08013485803296,-0.549088679896402,-0.515386182323799,-0.226156208724907,0.296450444950263
-0.115555435997518,-0.0617167704644528,-1.29244324443645,-0.487570099688061,-0.624884661566014,0.619265647652694,-0.711370371571802,0.104523724112192,-0.548001712309049,0.188095124875414,-0.248839107781313,-0.303950449152304,-0.69242645600436
-0.548552623612716,0.780988406656651,-0.254367458600457,0.93808913543875,0.530296786856046,-0.620170191770556,-0.772253587213156,-0.30767931695718,-1.46302418386308,0.896167734392425,0.202729362797123,-0.393096597256285,-0.523771012546927
-1.21861923586978,1.12126579297645,-0.223391792011232,-0.608525765509118,-0.219982276319565,-1.36061236010781,0.225364798533068,-0.76930002915233,-0.796024623947103,-0.645883486517974,-0.10531952952375,-1.37902952275277,-0.73760115984543
-0.537979429421272,0.282791797659032,-0.101160134613759,1.54879953025048,1.19066715414545,0.298501392094942,-1.05927457822172,-0.693195595890235,1.337224330655,-0.118796336716667,1.81442957236545,-0.323128399648216,1.50987837332096
-1.17779206144576,0.0610437985216216,-1.03365681301935,-0.429662398185088,-0.238917633157508,-0.671443322885048,-0.411681151607714,1.51306880586304,-1.14516261364486,-0.438625142983382,1.82998313690583,-1.11101943343915,0.775176181191231
1.9715012915736,0.868139802383395,-0.501507585206758,1.03291833894238,-1.18591082974884,-1.41599737262284,-0.429139294231485,1.09118475358126,-2.05893975436596,0.665803387247957,0.648915158118577,0.112321028103302,-0.9416248433439
-0.307038849266895,-0.553453648151554,-0.737464543056803,0.764144592135822,-0.593051504014012,-0.431463063149528,0.636948258282865,0.0937952808249237,-0.631649775828558,-0.671755299765476,2.18501843229246,-0.0695241317030759,0.53170105740611
0.994583649097997,-0.583592214372002,-1.10905445854729,0.661737081144524,-0.386232743273865,0.367231228600826,-1.05415884515024,0.0782303532668267,-0.993044636999823,1.23291053656163,-1.51520917715864,0.977776217242363,-1.72849688589178
0.219418950869013,0.892141472556745,2.39007652197642,0.60232539025436,1.59520860222428,2.5348205293915,-0.710378511726937,-0.080067367633,0.865814886019351,-1.6728856682797,1.59610875248585,-0.376107591084809,3.17685386737595
-0.12603372548698,0.919985181181627,-1.20535668235298,-0.160817791418366,-1.02614479009025,-0.649832360453902,-0.809203696744639,-1.33716902639917,-1.24778422794233,-1.21062590479412,-1.83663513514174,-0.950349942794851,-2.3609320082521
0.203657298998444,-0.230648709904506,0.103530854177617,-0.509901151332374,0.153237647771055,-0.441094085044749,1.70421721020437,1.63575831817196,0.133007427642047,0.407740161606955,1.66424969906767,0.135955128186517,1.42464864864523
-0.063194980710104,-0.135982048702436,-0.378134209937688,2.44175639553206,1.22120894550368,0.310984353973964,2.6248282129104,0.752298125544888,-1.40851243988473,-0.179931179257629,-0.0366034511746243,0.963055305695205,0.543345858950331
-1.17149159817266,0.124918920019886,1.27872428812377,1.16143617097033,0.365393517894049,-1.80798225831211,-0.340242201296958,-1.21992813832888,-0.707543968415746,-0.822804641610598,0.348069889336453,-0.313343634250675,-0.296612198699759
1.83635427106651,-0.173594069312955,2.72280075904961,1.5776001682491,0.148243828367152,-1.77081870240493,0.611531540830085,1.02908548739007,-0.250953391302162,1.21928974641565,-0.866985499379478,1.70881712207264,-0.0770272024563065
-0.0796539378541743,-0.364987222823296,-0.539444489029551,0.15471579598069,0.163301703855802,0.0986030186458326,1.68154934000479,-0.111529165962393,-1.27297694840914,0.00286590954222365,-0.226647425965811,0.466695298189361,-0.536076698231705
-0.413683121282297,0.912721978153564,0.46748647955933,1.44977505189379,0.399125341313616,0.919893018525991,-0.875944326517562,-1.18319477095403,-0.301127554393467,-1.33537553965493,-0.45980773051412,-0.504420595613502,0.121530137723523
0.880438516236274,1.60770423501247,-0.0837027932518661,-0.533723520640702,-1.05362813149891,-1.35349935805759,-0.242363418706232,-1.64772958062235,1.26722330507192,-1.32258316622079,-0.63298758989138,-1.15335900419252,-1.05800859950222
1.06545754613713,-1.559656218224,2.64516013353314,0.825517440137985,1.60576288750475,0.0187975473361536,0.0773987225579073,1.32705848526381,0.285410616601918,0.579208330242445,-0.785024202754439,2.11369809222866,1.05571547262142
0.880258399450426,0.983270896976299,1.78027032436343,-0.0322131653872519,-0.449654421682254,1.2179838773337,-2.04872647734828,2.15478151369421,-0.318835513308208,3.05044957251454,-0.506857977026189,0.273227823266475,0.760181909449323
1.48931488381383,0.109085871294577,0.999626530954892,2.83996522158095,1.48903273786548,1.54069750016761,1.77108980500704,-1.03815666050464,-1.00320491141692,-0.901109805107213,0.112921006484341,1.49107712926113,0.701049319901889
-0.0638686490158645,-0.211737362291592,0.635843081674988,0.404492244557603,-0.621593602471859,-1.83802732563626,0.778379189865017,-1.89146635432624,-0.20434545863918,0.393280130476039,1.97198093558477,0.147103638684412,-0.462537847254824
-0.101416386840122,-0.389969718810083,-0.249293072505342,-0.609571700019051,1.9504141755044,-0.641932581030385,1.60350961950286,-0.0169786610937157,-1.31759532978693,-0.425529365505533,0.519893184862943,0.256502720009335,0.192518670196995
0.689029968510202,-0.562680974559176,0.0559764866927587,0.267453942832691,0.725945992565548,0.400196110392234,0.353514327961149,-0.410896335299498,0.724520705462546,3.14270873259656,1.67401812559376,1.17407102592322,0.579935242305625
-1.49907964609552,1.13776827753147,-1.12898541427598,-0.171568536524202,-0.099981681703712,-0.7945935324684,-1.03689450624456,1.48240208838556,-0.797311245718962,-0.190738081245954,0.478873511522963,-1.7126945484231,0.347207279151635
-0.125135008968438,0.790206457417643,-0.268322586386178,-0.378587008170025,0.234568193741891,1.22419132990468,0.116156941165777,0.147501435456466,-0.66952787309582,-1.06243849161242,-0.166984754374517,-0.70418531245654,0.404455682306596
-0.544634545367436,0.174683875167175,0.233745934998836,0.537372226498163,-0.260460430252909,-0.0329017162656085,-1.96015680268187,-0.10190665730721,-0.709675710602472,1.31742825862558,0.897662828533427,-0.253363267183515,-0.0426222189749681
-1.25866625745031,1.34151261859552,-0.55291746836673,-1.01169347184888,1.00919517323899,0.276482156658553,0.309696453824689,-0.645670118732228,-1.30157511516349,-1.72648099267783,0.542519942229053,-1.72900336835502,0.365983962031288
-1.07521636215358,0.336911569245402,-0.61286722819659,-0.170477279503909,1.22693722306018,0.11142728778274,-0.586518980214419,0.635664927354157,0.798048196108692,0.254551103423945,2.59298939011399,-0.972224188337189,2.03626141827248
0.774556012973407,0.0464400648936997,1.24935464671223,-0.261293486510168,-0.109083644505743,1.73508741914602,-2.43974013436212,0.821470669383675,3.56053827233379,1.19389480200826,-1.22532415667559,0.36251427450083,1.23161027667841
-0.272890498665837,-0.734909448923241,-1.26164082145331,2.93667047467834,4.1851381228777,1.70882103039589,1.76201074649274,0.916039240320666,-0.0618054721516959,1.06260805044338,0.0651381069313868,1.62273459974686,1.76533308536437
0.808797451164543,-0.4733321832191,0.110513535264842,0.781459146533095,-0.586868222431007,-0.409530120978977,-1.38979163868931,-0.471576398946343,1.57265872693246,0.449697851971373,-1.47152904221566,0.721530465960381,-0.960376662139487
-0.885000371823453,-0.490185483402685,0.173741957536724,-1.1202853731131,1.02978616645838,0.185745055513195,0.0738857089422318,-0.325167472509036,2.34798298854886,-1.82227868365234,3.25398013011733,-0.908538915420529,2.73953276396789
1.06355305849201,0.85220068383284,-1.12781094492939,-0.374242765707229,1.51029731776909,0.782969032964585,-1.7743287453416,1.18116933588989,1.41926122209618,-1.01814370406441,2.55541080043015,-1.06117537953433,2.43833733942099
0.141325202416168,0.761049629804286,-0.621674672774659,0.227779796645883,1.01808657586747,1.09163247474252,-0.801759927417505,0.154051912906306,-1.15804936456983,0.182173053854198,1.18289803532262,-0.493640443736412,0.721446411711115
2.17882917182082,-2.32814972558359,1.98215244169933,0.132228877982722,0.252131501150049,-0.0386451535675639,-0.373389259750839,1.57314316455113,1.50180932510386,2.27214355820841,0.271724007031379,2.71312549954805,0.871503474637515
-0.736426873949921,1.21648357509161,-1.43393631954047,0.124030794391463,-0.230026802787081,0.159016213009586,-0.426302341910492,-0.859316476224384,-1.13766594819829,-0.201630610709298,-0.288674171432158,-1.15627285184086,-0.974418239269908
1.70797069497593,0.748742638787437,-0.347307328419536,1.04283917621293,0.634023841748734,0.538575482524775,1.32580918405152,0.562859791979915,-1.01387363415015,-0.464769831424614,2.13946924783529,0.206000507355198,1.27958261214074
0.42931130853384,-0.142473449903843,-1.12551255667901,-0.789866824274368,1.37279748555569,-0.32831959551056,-0.811894029460015,-1.4419042735938,-0.934865005671421,2.82152234058481,-0.26769165594932,0.557412642999432,-1.6603335186749
-0.689828804195429,0.744879259669569,-1.31919155307328,-0.110477062434218,-0.269390339693733,-1.09315084411314,-0.467180025143493,0.301504470222973,-0.429677120069577,0.423491753270934,0.741701046720562,-1.04304219953861,-0.317806919861497
-0.782571181324268,0.365555484609511,-0.683465543127952,-0.340987431178235,-0.249240276183046,0.524916561339502,-0.848206840485684,0.893816051280047,-0.525194467873138,-1.60330245607149,0.475359091220883,-1.14023134111899,0.648375241588972
-0.988356502989134,0.909950858215818,0.298243078273839,0.159902935665724,-0.218872347687046,-0.904661340787385,-1.36167130479893,-0.487230181615934,-0.898420007960648,-0.585700467674851,-0.474068852858607,-1.07773318620079,-0.676785499131301
-0.327470421582249,-0.040981569275991,-0.427131217621374,0.346824433752601,-0.709071951138991,0.174343595754909,0.367828729465294,0.69264058638301,2.38568495457932,-0.628640594172901,1.23078507548959,-0.430140981937079,1.51825092900736
1.40138701518275,-1.3451322104681,1.7833726130724,2.07071163815983,0.533824371909693,-0.121096100088617,-3.26601044650354,1.50777989663166,0.409681381495946,-0.0219638531687444,-0.758293963677312,1.57344542831585,0.522034083616258
0.611462912530449,-0.0384373326014544,0.478636733214142,-0.429030825633308,1.21663576528453,2.18535924438872,-0.774381542195596,-1.15447306784461,-0.947978404089699,0.573511551000262,0.354395574792562,0.472069771206972,0.24961083878044
-0.728340088713467,-0.900688002603585,-0.175753751469341,1.37827101305329,-0.247898477334399,-0.959443606335741,0.228641367533956,-1.59907014557936,-0.819672389442455,0.107885510550102,-0.600820104074196,0.705264392762349,-1.55855588348545
-1.65460141098583,-3.13674059347171,2.66885855048099,3.45980002153406,1.6441597184106,-0.205646313154972,3.93801026414801,1.67496877401393,-1.3853962315504,-0.597272161543309,0.113196235649221,2.9190186457704,1.81526544861953
1.82741308451212,0.134715777017388,-0.596982199025062,1.28828153069452,-0.579638949618263,-0.564010585053161,-0.967418132184388,0.699574087134606,1.02549019486232,2.96237059909711,-0.140418044056405,1.04898134230364,-0.593445664287127
-0.899567416259806,-2.55994343714105,-0.319920619363667,-0.598023005313142,0.944106772877211,2.31993697280026,-0.457180863170871,0.553234403164603,0.0882061219848582,-0.141227052476302,0.116951204451086,1.17611794591837,0.855043050803669
2.64725155744975,0.992982956403445,-1.43988815136189,0.640318816216328,3.0505152117142,0.585702579715005,0.26053238126281,-0.899265021298996,-0.349049911370679,-0.753432958438257,-1.64795321043071,0.621477000016074,-0.720582698657239
-1.06741927630201,-0.479663954453601,-1.30760934956681,0.730557848599658,0.34407273887182,0.141529749800482,-1.20814889812894,1.64574983675062,0.576786422718743,0.297609145390622,0.600152700213604,-0.31401060819484,0.910958089895068
-0.25700583611003,-0.545388491259916,2.47309070113614,-1.01510012920236,-0.619518478673737,-0.965911286659702,-0.384129918183905,0.301489103683603,0.26677635652007,-0.536417609158033,-1.48374033403012,0.261182931365323,-0.309932410088116
-0.825833413614434,-0.406407344488813,-0.741133179482851,-0.573733857493218,0.379536977413156,-0.859389623194566,-0.144098947313336,-1.24334802619338,0.0520364741735496,-0.226680077585731,0.421153809589669,-0.337887796245816,-0.636063028536309
-1.25947369649541,1.25532490889017,-0.444064468069117,-0.212940649184298,-0.193839241589805,-1.44965105784817,-0.876287344422393,0.810342788052002,-0.458654664331954,-0.397587587186834,1.25759796824391,-1.76152233801534,0.531338818503402
0.610883858805027,-0.0817667187965025,0.663810564030452,0.915467560312835,2.22820953545059,0.640760051259572,1.61512690839619,2.44171592230537,1.45541198581761,0.889792399335468,0.167818012872768,0.970086566388503,2.48275252266575
0.540762789799809,-0.58809730767125,2.33477417127713,1.58881795314537,1.24040311466393,-1.32892654515159,-0.311116797855711,-0.942684047950535,3.03395591907455,-0.183408584219457,1.08917505718659,0.944738959179699,1.58224121971674
-0.830461506845923,0.117611649010845,-0.00402263174183121,-0.0983414644192608,0.0810651517058169,0.578379842454081,0.130716235589275,-0.850837093891406,0.521736984765144,0.175865425968918,0.799025284642961,-0.352292518220977,0.47933519110567
-0.0198692907434066,-0.502071611963906,2.12619154352974,1.03712760946862,-0.0864904441508927,1.02852791823425,0.294594252130451,0.0645710904259017,0.627668515337783,0.106686055871103,0.589334837627559,0.830388736800829,1.37953678816587
-1.38844884791706,-1.45991494795249,1.84567700271638,1.25571687055439,0.552186326248892,0.515363082411277,0.596749480135464,-0.67157725105056,-0.789357521160642,-0.188708725869354,1.72629029732621,0.897493180466484,1.2346495955414
-0.122197235088378,-0.0844319017436921,2.88043441824443,0.526911713626828,0.139539962712213,-1.66742508129016,-1.42160217143806,0.236072746456318,3.08201496781894,-1.37506831432038,-0.757913167794987,-0.0483599376395102,1.17030594876872
-0.224660505639056,1.48551822473711,1.23232196136587,2.77618670745925,2.51741640250944,-0.119367953862422,0.136991505545594,0.644237259386452,-0.549516252520712,-0.492429340040395,-0.761744516809168,-0.0461415395765143,1.24991134389807
-1.26536941440851,0.286974417454224,1.34217745627642,-1.96955587924286,-0.463787588390263,-0.492010739462932,-0.898933831655891,0.292444719525915,-0.324279843840123,0.190530743764873,0.275004321718111,-1.01535283989216,0.262433384033041
-1.28529456809864,0.900508209516855,2.09995160966737,-1.02322502382063,-0.107466102496639,-1.08564388079352,-1.69272138783979,1.46748756377302,-1.57376998869217,2.21587639276238,1.19476754304329,-0.938454854909713,0.754986598500311
-0.459302506662268,0.993306269204942,-0.37119545253142,-0.231864557861852,0.47960599612319,0.168466772822259,-0.0078392822601997,-0.284947199169776,-0.168937558133369,-0.235377190122492,-0.975054555945278,-0.724906299230103,-0.326199753072643
-0.818348054435283,0.906110936769085,-0.572551230677454,-0.717645794881773,-0.801663159841437,-0.339504183685948,-0.576696977828962,0.438074422397224,-0.988241491911602,-1.90231608204757,0.929868703193254,-1.68513256369958,0.279838861720387
0.241689820151947,1.31849319851173,0.116127208846033,-0.762987956918141,-0.621138892703163,-0.745426977529149,-0.587182673701802,-0.329717775247513,0.29380039580101,0.797527431497182,-0.218563577101342,-0.850978314265358,-0.547952809153059
-0.464735033890115,-0.115412444429637,0.781761562781692,0.263725779551416,-0.559012270095969,-1.11087268385368,-2.16820009238444,-0.993020959218828,-1.51146249288765,-1.89316684805287,-0.405112138458422,-0.561423371822429,-1.15126602501353
1.32432655137212,-2.45117634375581,0.112982542291456,2.07922210514923,0.739172848478132,2.89675094863418,2.07646527163603,-2.27037983812188,0.203729597587127,-1.19368909884066,-1.83159457242186,2.97610296800728,-0.76963034997418
1.40091467728056,-0.125476633702424,-0.209894883680006,0.647201967889548,1.12721425812605,1.72295790691758,-0.843963334164234,0.593136782022055,0.416502236343579,1.09139534384007,-0.214647807697846,0.935093296345006,0.646338819181209
-0.274401122113649,0.165622720448321,0.180510843416479,-1.43568187658043,1.1533696221562,-1.14086873920299,0.84791018096287,0.722054872670172,-0.406523545058217,1.11186643407904,0.05309933491692,-0.148361863153373,0.100490745239399
1.62053740129249,-2.13752559699821,0.0611080358166298,2.43192227099861,0.160257656974665,0.410984825388565,0.874534034171049,1.94334743674625,-0.585746595356343,0.49236719045469,1.18115534183856,2.4089897363665,0.984282592871394
0.317462608359308,1.26654406988953,-0.203126388100193,0.762170716942658,-0.378853900334797,-1.08265949746123,-1.15140539358681,-0.310726149549629,-0.244662717838004,0.581364617684427,-0.216526366171882,-0.622562349449803,-0.758363993571084
-0.51551348145216,0.877497257355876,-1.31961890528582,-0.404200304407004,-0.970832958259236,-0.562099287602399,-1.05722675565701,-0.637094939302317,-1.27573332355055,-0.459627060355053,0.336689004895252,-1.28646152941061,-1.13244107226142
1.40169140629552,-1.80665269716917,1.81370891885385,0.907124531780893,1.3269813423843,0.809538645883709,1.61892959282585,1.60136089955057,1.89568322725892,0.416940945143183,0.231064112726914,2.30487591471359,2.12223327870137
-0.431933961423311,1.22466720069415,0.54284385726129,0.466050514630478,-0.251399227978111,-0.379980569919812,-1.18956782310493,2.37007510944348,0.620480275535691,-1.61728853046062,0.503329709076711,-1.41322877371874,1.8224362156693
0.294699999744315,-0.390193801484888,1.78476020841938,-1.02919673655283,2.18237703052056,-0.562383061256425,1.98894066958141,2.39476117249001,0.271421512100258,0.308979960637221,1.142997536334,0.572725123450702,2.49195776929409
-1.27203715529649,0.381472207060258,1.09279675293195,1.80912870702471,0.233349390902102,1.71867568239903,2.47145709210018,0.984339033205492,1.04426481991787,0.576333830483772,-0.503845397026958,0.424331103433525,1.82071430701321
-0.864240234201763,0.715137718823648,0.0562207208516789,-0.00724624528969248,-1.23455158285512,0.544205697704806,-0.518867223551359,1.24056380659673,-1.11919699963819,-0.631249305143055,0.909633774725575,-1.09953942785452,0.737847935920997
1.843869439264,-0.260952738279955,0.989976221957355,0.039262541997335,1.00368858443151,1.00708104081036,0.856521535872307,1.55999631229334,-1.07342524457728,-0.255889858606009,-0.896361917763946,1.19429614676015,0.566437156799816
0.301719514655649,0.947204961755537,-0.474212800959688,-0.0749667229233846,0.858514968022206,-0.0505894452175884,-1.57495148546729,0.320278792732043,-1.09776504210032,0.37308963370323,1.86883703652255,-0.836333677322801,0.697181955391825
0.261110839510071,1.40828154004725,-0.815549457920187,-0.73481635686046,0.331789491783738,0.213241460414003,-0.6800656042262,-0.558648974386273,0.344181899216039,-0.674527174579417,1.06689064945819,-1.3326577222645,0.473945615191807
-0.699659045136563,0.741920284945591,-1.22003215557415,-0.12573191231136,0.579670445042442,-1.21938190704864,0.0277183497128596,-1.32940815920893,-0.699070114265324,0.996827533988845,0.759246688960597,-0.726482903889816,-0.908265795462895
2.08240333934258,1.8510498273352,2.11711072562272,0.343613092819187,-0.00367669976536919,-1.46889881066201,0.510525028798016,-2.11103875634075,-0.102877751048443,0.51355605627144,0.59138510317009,0.0259073954509492,-0.503589872725291
0.334056319414769,-0.413263953855835,0.542980766503146,2.09419827138107,1.20828757852922,0.113395324427821,0.918759075326363,-0.159425151568642,2.77392157980538,-1.55449259424477,0.233431792808698,0.69366620163499,1.71514750752463
-0.30222140430043,-1.20262495612028,-1.18914833122511,-1.78522963122852,-0.0194814950582413,-1.42338347056094,-0.643139914736777,-0.733385235003188,-0.984009052441504,0.260418961175519,-1.091925016732,0.160172844009783,-2.22851334675436
0.601360441300286,-0.600307139936131,0.536659648739229,1.87105598866245,2.20649076379831,0.210619718549106,0.53733306468661,1.53284880551035,0.52339273743634,-0.768133281178831,-2.32102432832078,1.33235388027986,0.614291170407209
0.0932591585480721,1.69444722719133,0.52035835820492,0.268303956385307,0.969769581652108,-1.64503217912764,-0.78041765810052,0.400260553018132,-0.412638411478112,2.41863023080824,-1.03365415872935,-0.416607325421018,-0.667843132435821
1.21692443464831,-0.114605194952526,1.55100969250109,-0.580415596919109,3.08410568382355,-0.908133568166694,1.22720562042611,0.633725347504739,3.413084595307,2.44622501420559,-0.664312133218149,1.33836911675008,1.50826067317035
-0.81632560592229,0.244832185557408,-0.681346265678965,0.126282550166128,-0.746061660619142,0.443693682948054,-0.0987673803396696,0.431339284074588,0.283930988337309,-1.06735863871217,0.572997932495766,-0.833122934998735,0.580989985970837
1.10581288192903,1.27937886246208,0.0575331845965289,0.0899587642856753,0.110728081235558,-0.403406677607618,0.0969919859146804,1.33215260964595,-1.0321126830162,-0.24025224334028,2.2846618688172,-0.731487648460282,1.34288341336527
-0.932562892475941,0.900200095468771,-0.0146293833557148,1.22152719404752,-0.472408378902997,-0.375695281258973,-0.467843427644084,-0.290602252615173,-1.05418102621196,-1.6719310615165,-0.305815522181938,-0.975366789077751,-0.282649537269211
-1.45845461335259,-2.32415691734044,0.109375372542384,0.47693132007299,-0.144719513000176,-0.687654246686104,0.990687850520801,1.01441487982338,-1.15693103663512,-0.866316603967494,1.95956712630435,0.707758930072502,0.862635705293519
-0.805783084570734,0.272497213737009,1.36151042584086,1.03093586877661,1.56939300459467,-0.156464410597568,-2.61204751595543,-0.485526609026519,-0.9049064511933,0.0830745862350341,1.02550409854853,-0.335571263419413,0.784344092308169
-0.461418141633153,1.33626095890498,-0.573941754987601,0.412368867948741,1.25062793229113,-0.111433703196609,1.46826258986486,-0.448943795971766,2.39758991619435,1.07043655650333,1.87246268997564,-0.740649768878628,1.810137339459
0.887902469206306,1.15664456441155,-0.313734654929959,0.31341528788364,0.212421896733786,-0.983781939663502,-0.145845684076195,0.772882386207703,-0.618689472165151,-0.674321419231624,-0.905749790846284,-0.485862454285002,-0.454252343336577
0.995574008829348,-1.10447518368464,-0.148215402848968,-0.420360923201517,-1.51091166966366,2.7379858177327,0.426849695894932,0.685410290890539,1.02181807295072,-0.779897134960559,-0.896728163863395,0.90807228836628,0.354488994512073
0.882404162518384,-0.894454596444531,2.89432764787849,0.072287850790416,1.92277788039493,2.15915937814132,1.16344602204689,-0.541262331328641,0.647627883141836,1.08067807061731,0.057572490973822,1.88917616983609,1.6508779039804
0.401906123950812,-0.994876278296921,0.168886981410909,1.40897992376489,0.101274852157047,-0.0751354262711563,0.170353708732253,0.202131383731032,-0.164967423562972,0.997671059872766,0.822428967922009,1.17778925906054,0.22951086974784
-0.0774794523714186,0.816312314733158,-0.661360311299131,-0.321799853158987,0.435562740153886,-0.976545817307846,-1.25202559995567,-0.938541055137449,-0.0094541070068363,-1.19539637878695,-0.242283290170187,-1.03970354223028,-0.678014932398751
1.26388138890926,-1.94814139676459,2.00872572674872,1.19713108444119,1.37336928559061,-1.53933719315761,2.59134036774828,0.222022485145741,0.67520839891834,1.24344078380855,-0.329641402188368,2.7402094547238,0.238449220317162
-1.24095966098011,0.435509772698795,0.101534372521432,1.09475972276015,-0.746922489029253,1.99123478066063,-1.19303970160754,0.147749904306231,2.62969031705402,1.39585064967932,2.21173680547746,-0.602790547937232,2.34891055522085
-1.22240841031456,0.944481464192241,-1.26555157483068,0.306011123007209,-0.643857952758186,-0.909878411349433,-1.03798098288027,-1.23415701983601,-1.45066802917173,-0.331295518836475,-0.46445133265267,-1.25150089925723,-1.68102477824902
-0.773982201354866,1.52573986751891,0.0607079137996464,0.301434952568321,0.746357911390678,0.241833833906312,0.312412544580251,0.681206904318232,0.958461797516853,-0.266261221956449,0.636539193934483,-1.18805142300501,1.58774450714815
2.09214517823784,-1.74153819508197,0.124450252741838,1.36740124974694,3.08688204740179,0.883347479069839,-1.47116619896774,-1.87919064056298,0.689172749150097,0.0481170697661492,0.010897311128639,2.22456141872694,-0.0240596523117865
0.641994236726691,-2.28827568236821,0.954900775630845,1.55671693372136,0.393599550108843,1.95548544064789,-1.20626282424173,2.54364418554444,-0.0621360970438255,0.440241751813543,1.13535519385725,1.90091181196398,2.06528331827943
0.719006476580363,1.21191416937605,-1.34942357442623,-0.844667702651072,-0.403891934777549,0.509696976597299,-1.26658921334194,-1.19571253849362,0.430765456041501,-0.764700267912023,-0.841585098548268,-1.03564810817888,-1.05984252134865
2.79033192539218,-1.8435181391478,2.33521136541379,3.29960029354122,1.65153736227167,-1.87349410339068,1.448645584735,4.079536554583,-1.569717231973,2.16382391447651,0.569958450900073,3.4969287364818,1.40388694569415
-1.31755014799114,0.528962195400282,0.27533208799562,0.265112259427306,0.88144243585109,-0.138138844198072,0.141012273086675,-0.445513275433542,-0.81260166164454,0.0801491502333677,0.457617073491013,-0.591419666857218,0.331035301143375
-0.815160447289926,1.38590826888241,-0.473895637784619,-0.488664806802249,-0.224617918466119,0.0296431038907294,0.294183611946924,0.471267574144384,0.599915589397279,-2.14113080114434,1.49865359069309,-1.89356255138055,1.52296861366204
0.92340278451525,-1.23651195185889,-0.73809960295782,3.33420330364179,1.86181830396973,-0.394286382939162,0.756493681318155,2.06631770846226,0.495712679966155,0.108035532492284,0.6146522150838,1.72741325482346,1.42754743352317
-0.890534505537034,1.26384800229637,0.921439984623084,-0.236698855794298,-0.8860935973842,-1.09929087346554,-0.0268009061892752,-0.472707924949279,-0.470577240770899,-0.764345638501166,3.4233435743934,-1.65724247878767,1.37514918967652
-0.35601086860007,-1.63201300416934,-0.67776586883302,-1.28355042063677,-0.46652012646498,0.69810306132008,1.28496944073195,-0.597481962054324,2.19713868248392,-0.548341462193345,1.65795865010882,0.350282464196477,0.980637337507756
-1.20556036600954,-0.345999000743705,-1.0304357113732,-0.353373402053031,0.59928569888411,1.96790298350195,-0.0873367828597052,2.33072804006198,0.656621774133665,-1.60380981272714,1.13049928019406,-0.815008780131801,2.48857228754079
2.82185615385025,-0.0269211407148287,-0.931433583937692,0.920954196761445,-2.30944470200243,3.12276101078458,-1.2609759798024,-0.693170813002659,0.291354919501389,-1.77260976808231,0.295881541607272,0.520463834211388,-0.188661274652928
-1.23010032257948,-1.04909016688129,0.0149422447795245,0.0828974055889001,0.341944201782135,-0.0224160902061398,0.48275173538008,-0.466826387291548,-1.14921661258916,-0.390951381034359,1.1105010506107,0.178268781764254,0.172688073752234
2.09438447142229,0.291130281236873,-0.59927742364099,-1.88877758534764,0.359987633025726,-0.06660818046504,-0.138124670888702,0.647053942658573,-0.720548872817098,-0.981195365990589,0.82964965731848,-0.245034961028955,0.120551370930802
-0.458124271060209,-0.845610576867879,-1.16117667966096,-1.24629511511197,-0.836014767098789,-0.915613906659618,-0.283539449863455,-1.48342543408265,-0.232608042918188,0.265426358894152,-1.65208329112707,0.102891281532961,-2.50721470074654
2.10969835839762,-0.542518067627374,-0.530198146963136,0.126154185129628,-0.583129086005285,-0.243877464705875,-0.50642631800897,-1.45522781798727,0.342076512379675,0.488703106507712,0.69120885425332,0.929599505478136,-1.03333039689732
-0.574879297957161,1.10344678017095,-0.85133519202444,-0.290363284755978,-1.47628573067729,-0.680572690149213,0.089335378780718,-0.877430776774929,-1.26346224090282,-0.294775117119307,-1.93832724471499,-0.935857945321754,-2.23616934386809
0.265337299806071,0.522653691117448,-0.928877258060186,0.418748430634709,-2.5288200032627,0.434019093133911,-0.627248612258958,-1.18433751505539,-1.27245691161051,-0.112886710434872,-0.190459472491662,-0.42814068635487,-1.75193216526524
-0.25552126639872,0.413557283376866,-0.673195080916298,0.431974567998134,-1.19079972965912,0.964792802595566,1.31688304808284,-1.29562250339883,-0.402355600208261,-1.15284505357896,-1.81044313838763,-0.135334902393115,-1.36452564125138
-1.16154738511957,1.01049249421188,-1.1988721927879,-0.760754885575109,-1.73407584893638,-1.17708591081347,-0.706460007738617,-0.152187677397884,-1.38514532749336,-0.53731192874649,-0.816608009545944,-1.58614526403349,-1.73812342508467
0.235040347442395,-1.41988800298367,-1.56276416385804,0.992547272182614,-0.993352476432125,2.22865360686332,-0.780850151340074,-1.34081541488253,-1.26552013873437,-1.46850654339708,-0.0796260421093093,0.715188984572834,-1.06483890214462
-0.199988595800963,-0.512095213224672,-0.308818010351007,-0.103005649421722,0.269024140038816,-1.32860983621901,0.329509996786531,-1.60864564330135,0.795993022920713,2.39626146736016,-2.05033401962527,0.920267179847611,-2.1928898901146
0.0416197229923138,-1.05653409611918,0.383608055570954,-0.226055862936111,0.7559816721432,0.240928461857613,-0.921712313927316,-0.470150076660405,0.92372191900408,-1.36337970121313,-0.484911274519851,0.395974933425654,0.187399982070122
-0.779988544069271,0.0770890100881594,0.108832667405574,-0.48398476161967,0.447876978978445,1.72131314890816,-0.129144604385786,-0.500980270251882,2.11717776358727,-1.83540319142469,0.0266131344031194,-0.672894790342085,1.45160081032512
3.36081253189411,-2.86867701711987,1.18748074130063,3.42206275249206,0.938117822746287,0.274908282403678,-1.30153875371186,-1.08770024909624,0.0824558468420763,-1.04156498745052,0.132231229820703,3.4910255291616,-0.321573274220284
0.525629890001056,-1.60948962499204,-0.593833486455596,-0.162964207626598,-0.39358524388655,-0.162917930103902,0.775092725502399,-0.640970530608279,0.986702016377446,0.476985534188506,-0.947553668795462,1.310495871281,-1.07964504013368
-0.06988593369253,-1.98437031902116,-1.43980467557409,0.185665726984326,-0.663964226560712,-0.402230973649171,1.42071379416963,-1.73735847864121,0.0616104920155497,1.62700413073743,0.0447700540758771,1.52711015966904,-1.81094301553381
2.89683438096249,-1.61986859752566,0.385745033363088,-0.412275438920653,0.489626189783211,-0.593787857889259,-0.985960330881605,0.00249126558804186,0.575165925817724,-1.00699761385572,-2.06969389443043,1.82603939105539,-1.3319216792213
0.1374999220049,0.970032191224342,-0.66262080383039,-1.07353860085776,-1.14236848980559,-1.29188885941159,-0.0396334149105721,0.834177014164032,-1.07646930021072,-0.898722941445533,-1.64576242166216,-1.01422974015224,-1.447018907325
0.475032655053265,-1.57304598466724,2.75027901586224,-0.0994969479566075,-1.11580042458833,2.57613147322028,-1.58390760756284,-0.2410221620445,3.64616766295019,-1.79681015891539,2.79476408745545,0.553536561773933,3.40796933878218
1.28059579733342,-2.0708412148113,1.02042508796121,-0.773132188735755,1.20773315427531,-0.217292115167497,0.763929958496093,2.43900886960829,0.777046831395962,-0.381286921650081,0.133839668954252,1.63136580132516,1.45010873216551
1.20378305853663,-0.670338275960403,-0.180012692254356,0.269566984444716,2.06079154600801,0.580101422825106,0.542346304782953,-0.48980157215989,0.0948644896552389,2.40112433242834,-0.0746573313843352,1.60340338876448,-0.0916543696815384
-0.45068262588062,-1.13839082778552,-0.0850057884533339,-1.32412709011827,0.0411624149895198,0.563335916070114,0.612278227494486,-0.80167771970847,0.987022007879751,-0.485482548723529,-0.0152613359210475,0.284885881303966,0.0277004245523748
-0.686000265738475,-0.288731797669675,0.0924236467956193,-1.24697419024964,-0.0276891768458574,0.667679222096936,-1.40726964155566,-0.117229972429767,0.77133450648555,0.331446590259008,0.0315639262486472,-0.408046592342772,0.240343629705911
0.0688308137457006,1.13410861779438,-1.50625160464591,-0.40238320540394,-0.479266424195044,-0.646089429676276,-0.758729442126301,0.771164812127358,-0.353425730306428,-0.518867548848811,-0.349401066299614,-1.21469090864175,-0.537360655996223
0.882350505893448,0.420236117434737,-1.48834080156673,-0.81552881073683,-0.539702274242651,1.22635741887045,-0.449314274003954,0.809242281469911,0.70247725987638,-1.24183924493303,-0.154920602494828,-0.634635968943906,0.317937509121714
-0.715905533687581,0.504873912612544,-0.0565197628371629,-0.729443998502747,-0.188422735674852,-0.760637987583614,-0.733199786487106,-0.134400977021945,-0.320530784570802,-1.57731223380784,-0.846336889783513,-1.05951365750545,-0.545158152701714
2.43412713844828,0.46823345306521,-1.06076786657146,0.348230224622773,-0.0933336348272149,0.195178565306721,0.089288839801297,0.564133091338903,-0.222654583097597,-1.99795699625019,0.085583000007564,0.0603465052624322,-0.00363778425026505
-0.96295509276503,0.194521188198667,0.307581337178119,-0.500152813611251,-0.727580794879895,0.0980012052279093,-0.91022912046416,0.667027780898893,0.487694607144679,-0.130068135566275,0.0572089248567096,-0.749062128410649,0.46070970757731
-0.858171662287375,1.10599342302767,-0.115301284834643,2.62765296887735,-1.38962887842689,0.453685527248559,1.34363023582329,1.1870541583341,0.950420732327271,1.2075540529835,0.519677404881361,-0.225908436406374,1.14010641573488
0.309516613396517,-0.526532800043529,-0.801545179644381,0.461387700931097,0.395240427837348,-0.123003875960102,-0.507183773466836,-1.08205181494397,-0.57596394383802,-0.741335512509188,-0.868835816347088,0.388379522265496,-1.2222145264721
0.973555123908573,0.60301494880126,1.69407379898133,-0.637083927221653,0.992488649896583,1.04600506827202,0.928085930566669,0.65738623764464,-0.82423840475281,0.001868609832994,-0.356341698457974,0.356831861156385,0.898975273222934
1.24808842095396,-0.264165370313416,-0.232961896913809,-1.01449512404778,-0.211837347284038,-0.178403406871068,0.892618537376659,0.263758427843192,-0.123352985744026,1.39577010577932,0.137485793552697,0.675349276438846,-0.449969285099005
-0.493377963046003,0.741744118889951,-1.06528885720104,-0.359856217886586,-0.0205918985862228,1.21908431357504,-1.51130666734687,-0.723750684480522,-0.481310641704122,0.523548400184203,-1.47355508946519,-0.64193277536229,-1.11857799103396
-0.319171981414985,-0.14884605347979,0.172624276049735,0.374493171147686,0.165588680261819,0.427576741624106,0.361830316956929,-0.183702704479376,1.15359661604056,1.16493773744975,-0.66353156542352,0.45420352357472,0.084821821368459
2.04731072125016,-2.62100494186912,1.95277667813429,-0.829210284517496,-0.180891179618984,0.658940135468455,2.40186483838792,2.89431037281151,0.467832768526225,1.80832235513493,2.81310926903985,2.60275837034922,2.57456184668391
-0.875554130085346,0.021951886917933,0.204299388231671,-0.594344797675312,-0.471569070809793,1.41046906420719,-1.39056621951985,0.420013981322381,-0.748949547971305,-1.34262814177402,-0.18195958560133,-0.774058745052614,0.392527253966473
-0.723804082251239,0.143954347339749,-0.829918543428882,-0.545440699685138,-1.917045953265,-0.518462957996819,1.47294032060663,-0.0398181561321525,0.821134793380969,-0.122694831510376,0.302415227036861,-0.619284932020643,-0.320334795958179
-0.87462673900943,0.412958635306023,-0.416687982277104,-0.17338988975444,-1.3685080617559,-0.569869509595127,-0.681506599512824,-0.913487308107704,-0.254633199642532,-1.17132137247025,-1.91789365760396,-0.821182219431301,-1.73466950576513
-0.840085830280845,0.649821114419425,-0.765681595231365,-0.396808066706775,-0.324706343382258,-0.913740588752622,0.598337772407569,-0.197365424807156,-0.696556705934569,0.673463674756359,-0.0880017186829309,-0.695463805748428,-0.778725764917272
-0.18146272454453,-0.696159628654628,0.385562940327734,-1.14765167061446,-1.23943318190136,-0.696684831984515,0.651842063075925,0.518362043197654,1.33430455748515,-1.02708886312851,-0.534874224411331,-0.0719411148205528,-0.0193635019440523
0.270954834460155,0.737780029225042,-0.87481288977191,-1.03818842360307,0.433433201038787,-0.782935468768637,2.05322802822677,-0.610244833733119,0.0292461019908959,-0.566594599521397,0.308214384312876,-0.55936158908159,-0.230648173807079
-0.502073734715909,-0.547671885706662,0.202655205592597,-0.0304141470734348,-0.442425199086351,0.00172213212756228,1.11527485201775,0.235906639030481,-1.15969091179593,0.31962720327995,-0.0286495093635206,0.390819467661665,-0.31093083820537
-0.152333323386429,1.11979449494973,1.01202123676777,-0.63641055644487,-0.539833378460946,-0.426963351386654,1.17544208821885,-0.266933740682004,-0.107527728304502,0.885002364925791,-0.659736754921266,-0.374838714183497,-0.336829014898152
-0.016251991255825,0.396884441621983,-1.1573585991499,-0.958983246005868,-1.6856544862253,2.17659167389277,0.36302888532403,-0.930143871412354,0.930633435391526,-0.199987171629039,-0.292685217558892,-0.540457379916615,-0.325877939156142
-0.729194862004443,0.426751381315384,0.324413145700883,-0.665335701892953,2.1925568949625,1.84114079706667,0.475467074343842,2.68696861378747,2.85433276501589,0.292891667059763,-1.77933092627737,-0.180960009493412,2.50840105368795
-0.776761096671016,-0.781865000172555,-1.28770233578093,-0.216642280573523,-0.0761788391941247,0.401249216504893,1.59560626499554,-0.222928483228757,-1.24840120334357,-0.48731702342151,1.17399606622752,0.0381324716097336,-0.0270777586293243
0.0138078397806547,-0.504297088259752,3.47158881781837,-0.380043144224458,0.757820005904402,1.02925316547289,1.18375702844801,-2.83551127588254,0.46135322730063,-1.39397096982795,0.475429387297833,0.756098526354635,0.841619540902409
-1.17810649134188,0.742381180312469,-1.42609767161363,0.472162437895878,-0.982798691312649,-0.768900740485029,-1.22862837215748,-0.488852314035372,0.661957668177954,0.102865638280224,-1.38870924949685,-1.03899489855455,-1.35596689188158
-0.336681258820786,0.280050219448337,-1.43399431906774,-0.934016727994592,-0.664003227482338,0.05372212740935,-0.932842586272931,-0.62239088826496,0.488661294480109,-0.877976996137156,1.23303879995644,-1.15105283589735,-0.0116101932891742
0.566165942576386,-0.3598881521539,1.52025046518005,0.646010739565024,1.20033634613388,1.97933671195897,-0.428003307167348,2.06747991947156,2.45840226634808,-0.30387178254269,1.59285865440052,0.50024578824463,3.63922839310886
0.101484449661546,-0.227488665694728,0.548469595611133,-1.22841020056428,-0.568739458766526,0.393784277865377,0.191971351376403,1.27604414979649,0.782175434228275,0.390677316466304,1.48694917523525,-0.18113612895689,1.42946774055124
-0.735868721356318,-0.128342654024513,-0.484978644968081,-0.0588134027639092,-2.02057020101617,-1.23819546136048,0.266796894008712,-1.03834880972479,-0.515617237059577,-0.22439862047936,-2.09123776504902,-0.176191159185983,-2.50462760199757
0.000736866570682643,0.118647590243317,0.203173179562468,-0.328628643606225,-0.569397465906159,-0.183309387404983,0.226909195994661,-0.478917848903102,-1.15212483959363,1.60337004145317,-0.216562031231305,0.253996721006381,-1.02326735606441
1.87888880548142,-2.81014998202514,-0.26133525396678,-0.156571122539364,-0.483248310724845,0.471219864786534,3.79168376888082,0.384908938182446,-1.82985342857043,0.106226791011565,-1.37203499917236,2.99275833780783,-1.54495672845412
1.15054022078168,1.1847695653978,0.314760580140074,-1.41406119086927,-0.0256401896954316,-0.305884995528563,-0.541281393435108,-0.41992056833831,-0.646306085867563,1.27875374757239,-1.76648358669541,-0.186891098970069,-1.50865141959725
0.414318563383927,0.39505382805288,-1.09512036237229,-0.587827764584517,-0.0717773395276276,-0.465954827323701,-0.877728340288251,-1.71784555024832,0.538516310935088,0.251076685994233,-0.31394080351602,-0.381666325023975,-1.31075579520236
-0.602038049028872,0.719536553127347,-1.52789252184209,-0.633072554840752,-1.90390741302304,-0.663380737628607,-0.738550298220613,-0.194408681757032,0.0431109209294828,-0.172459509427153,-1.91257539222115,-1.06115878094346,-1.9918314509417
-0.586435339324789,-1.47801211370838,-0.423926383544795,-0.800610569297901,-0.190202264557334,-0.719370082962873,-0.33226218774828,1.86376139971647,-0.0191004685236494,0.422331138873091,-1.38785522600626,0.545946602916337,-0.538311141066822
-0.440330035813019,-0.367206748310955,-0.144078582321123,-0.59009715358272,0.480276962982872,0.627139114963399,0.223070047462722,0.862387672545069,0.409006457843585,0.270318982295454,-1.88962749278186,0.268447433853403,-0.184349221114864
1.00266014997993,-2.02757436375729,-0.331994585560611,1.52586036168179,-0.417579765069348,0.243547483441662,-0.691950472193673,1.61551865590613,-0.349112767721485,2.00947655073626,-0.358498454908042,2.1154632387842,-0.412251280239959
-0.523242587071019,0.667943289840841,1.43241045169407,0.15349532812191,1.11160140797243,1.16709768523576,1.76644936074656,0.306028751015435,1.50503399239558,1.66955149116339,0.303556481194915,0.269223353494967,1.85219261535668
-0.824998675278538,1.17029075509791,0.0493478670003533,-0.265044253551856,0.879229547377053,-0.0290778037883234,1.59461356530332,-0.246863818307802,0.949281542084762,-1.09115429981341,-1.73806853232563,-0.78322655652444,0.150043745428458
1.16302778985496,0.80547880628145,0.297477987018912,1.43388349002302,-0.539238009126811,0.983157938975172,1.49908131299193,3.54097203710116,-0.580096726441767,1.84099322490726,0.745842045308755,0.599794808139964,1.7994489221285
-0.591153230867806,0.702475843070606,-0.658594295341259,-0.905602816249152,-1.02092459663997,-0.616707544208104,-0.0259029895628358,-0.82437133354865,-0.657845259021137,0.118206406573889,-0.627283859724771,-0.872765004841801,-1.37902431470166
-1.06224808669616,1.25922208200249,-1.24339928233612,-0.698420763060907,0.181435725175373,-1.38838646199784,-0.35198143748703,-0.796997827657022,-0.913367735947758,-0.0268661491538761,-0.195741149194548,-1.47954102033756,-1.15267216202921
-0.991399496376516,-1.04947613062043,2.36401489710946,-0.830026012480962,-1.63511787480337,-0.397677176096511,-0.939972433005747,0.900461833301464,-0.431024111804067,-0.450636966120047,-1.01782153796249,0.186607137544949,-0.200669008186399
-0.836840960569729,0.556492255432944,0.419330959582193,0.0694371356615175,-0.0181027263901257,0.429051076928903,0.922469075007638,1.27634728466456,0.496806431868837,-0.817754514244566,0.408074673199375,-0.675766396696776,1.51136567134939
0.478599324544706,0.782086293544722,-0.0658753486738216,-0.693070196725755,-2.39485335068471,-1.02929064410192,0.953755803415617,-0.586724277997044,-1.53452708363764,-0.904410940221453,0.35696004792799,-0.738677105804188,-1.31050702366598
-1.01122428564633,0.982587397247259,-1.01003122616977,-0.315813552206048,-0.700428701210811,-0.0140740775141011,0.409471412606683,0.00819112865926483,-1.08471807614445,-0.439075910503842,-1.28372853669248,-1.04102254657334,-1.05241534750141
0.0610452111221982,-0.545386518117597,-0.721794352315498,-0.999119846332515,-0.998524101473456,-0.810225290085599,-0.895312016496007,0.355913778694557,1.3968974534024,-0.240749341556868,0.311244105628867,-0.338667241071375,-0.175452084858996
-1.58196808329615,-1.33982880780225,0.201864652057664,0.424239563332401,-1.17133548307879,0.0974577954574798,2.08320850003312,-0.385015100617633,-0.366112222980743,-0.504099026824973,0.805121121607207,0.429525355919166,0.138835659681723
-0.498737826723213,0.894021096263342,-0.888414879620796,-0.970308256586272,-0.631358144006417,-1.20845112261409,-0.66495845025368,0.0689156590016743,-0.744272790894995,2.29470231721515,-2.47342931337267,-0.485154222525041,-2.38211086311524
0.932924818605789,-0.225675829536741,-0.393000849238517,0.0283704469093121,-0.275317862559138,2.87597397376087,0.367091881227937,-0.698848778012529,-0.421089593733861,0.164511201162329,0.494929974612489,0.623979451166161,0.322916457490553
0.595615347396262,0.337234634350459,0.811004052017106,0.499003606850596,-0.438362620265952,1.5914980970892,1.79851633646743,0.247193769047268,1.63670378677043,-0.551884969103477,0.450198056698533,0.295553307063933,1.60934759481183
0.434861829932868,-1.96135020704006,0.903916866089308,3.08329989892441,0.968940592168576,0.779831730912349,0.487494087403709,1.18311659954197,-1.64087991602758,0.0500933408142155,-0.422472813825013,2.35422319330082,0.416922023538164
-0.553884763274535,0.318353762650711,0.219944858692712,-0.417705651977862,-0.49908850087644,0.913695355156472,0.0920175183148447,0.218334035287087,0.567071203964391,1.22545207063207,2.35011193410167,-0.473160645296061,1.50287864065854
1.05801341499015,-1.21673030635424,1.27338448578761,1.49044196020244,0.35946232610585,-0.245202339900577,0.485825740605352,2.3915729181963,-0.935336869300998,-0.534110049137265,-1.78485161934757,1.69328360887502,0.143258681321089
-0.335134156819544,-0.289888956571396,-0.913758603296756,0.0268389920271463,-0.791014562286747,2.74323807362051,1.22036349856608,-0.75075138276746,-0.989694358985585,1.5417087427843,0.0333842873878735,0.576306803433142,-0.388708042365183
2.54046298000125,-0.552507479015552,1.84057593251977,-1.55737450102466,0.740426982048323,1.24273636581021,2.35300272769542,0.509379789815648,-1.58073403736152,3.17354042405723,0.041857904249136,2.1949749667066,0.0237390356325597
-0.423512660603576,-0.878584174710338,0.203636255026595,-0.387375094640896,-0.963066649121936,-1.48174956312089,0.677002137879321,-0.405702691367824,0.436706948083251,0.21898804067282,0.012395411735842,0.310617123524699,-0.758102438447795
-0.17562266025144,1.3494372965836,-0.142608972394223,-0.221754104656679,0.763931085935793,0.597782454605605,0.988237052700923,-0.184810909353671,2.24854004022787,-0.228902746493816,0.402299295262131,-0.869271746702773,1.45814515475378
0.116195538639413,0.865543846541658,-0.340220603586695,-0.169836639620115,-0.813302502840046,-0.13704763199954,-0.779324246298179,-0.960754117675767,0.289628604015916,-0.287363137352757,-0.55875723372773,-0.701273815245361,-0.847747793994494
-0.095096212205388,-1.45291671403739,0.508279378342457,-0.0324832370097038,0.290530636165859,-0.244817419070274,-0.424849026766415,-0.782464226910377,-1.12841620646768,-1.12108309701961,-1.08294473888787,0.840433558779323,-1.11519214766643
-0.0439729977162518,-1.50304863568646,2.51078128778103,-0.400908559512752,-0.503417130339308,-0.744968629413717,0.670688479193941,-1.59548065789511,0.341389595439576,0.129296500754706,0.898579771052322,1.13552610587778,-0.0106635746608969
1.0325828367611,0.952833432655771,0.879433694240092,-0.604272931671236,-0.162934471211135,2.01407077700292,-0.596429703905088,-1.53276354360901,-1.4857881099186,1.35055855603889,-0.012465502459284,0.162319738984481,-0.574396422422169
-0.272120232492635,0.481854355080359,-0.43667551127231,-0.293453468417132,-0.0160614246777635,-0.184675960420278,0.471707034631153,0.610494840622317,0.946644652304157,-0.768552775508129,0.551545572141694,-0.723447315014875,0.859643350312565
-1.17503293158366,1.3454037242073,1.10763871981426,-1.70470273528,-1.11195477823637,-0.404815491265085,0.0731924390202525,0.773535432391323,1.89777684301738,-0.501025844784979,0.151044626311022,-1.72343422124087,1.20256852318617
-0.903784351390561,0.80214749095492,1.53804066850884,-0.181852413616961,0.944942823605844,-1.63814198826944,0.433093148568388,-0.732796114531105,0.330925735293747,-0.507500298652585,1.67386702043746,-0.872455494677872,1.12182281976459
-0.991292442511384,0.78623231232289,0.203312619206546,-0.437335805138529,2.45385804489331,0.722140221235749,-0.696833261673952,-1.33228788779952,0.0154161677265547,-0.803261215808066,-1.15228668758762,-0.70232730729523,0.123857907550454
0.333686466087486,-1.3844774430854,1.0726560714866,0.452346986047929,0.77085181707542,1.69412312066045,-0.967037008828471,1.30161008473961,-1.0733362358255,1.58238775971885,3.8722567015959,1.05201248598249,2.54438630969637
-0.152708334494653,0.337446394599899,1.19307784131597,-1.49965501621307,2.31099659499841,0.191110254637724,-2.13252346675103,0.82373242429133,-0.788127176889846,1.06826802152367,0.365369769306622,-0.355528790133076,0.968025643798821
-0.832461935037552,0.857613170490825,-0.396988404225602,-1.0198614789583,0.115451780300046,-1.17167552160077,-0.41840976231047,-0.289048505849683,-1.02265262861931,0.0406194589384039,-0.156278279579002,-1.12109632083962,-0.79405019761017
-1.24311470105291,0.834929819674562,-1.26109767641365,-0.213783686582924,-2.76620410797591,-1.14418306194516,-0.833918473580102,0.331952504068176,-1.86146626740063,-1.50940208334791,-0.970740675229147,-1.67093178489052,-1.88748012578197
0.0470962746515322,0.623970220112272,-0.0343497332237513,-0.493621421306603,1.23003480993073,-0.377296538636642,1.41821660462416,-0.113611933062075,1.02236816196308,0.212906943784349,-0.866760575720608,-0.0932692243316239,0.190692139317324
0.0245420534425571,0.927191500081085,0.777161217021164,-0.934182703386744,0.931527017465807,0.273393873234434,-0.465610930304133,-0.649687711902514,-0.121715386094905,-0.28687887323014,-0.794635990856917,-0.552973482966122,-0.0494682927280105
-0.226760429728393,0.768937167104407,-0.839850001577644,-0.685155603291287,-0.900401959608495,-1.39187063448413,2.13259799878215,0.712419807431399,0.305130566212343,-0.511449928781633,-0.38263883128711,-0.764111311963652,-0.351682921329691
-1.28257880197789,0.984197062329136,-1.05840402250098,-0.495800199714314,-1.77371525227583,-0.760958309171295,-1.19879750793309,1.53613937183728,-1.2215505095781,-1.59203136736717,0.347300985801604,-1.99893086524267,-0.126623684615844
-1.27216141772337,0.303829964182571,-1.20200472541504,-1.22277783566618,-1.2416193213829,-0.771160770596734,-1.15847405400911,0.0376334882322709,-1.37442298799304,-1.49443648796715,-0.296119253932302,-1.54531879328989,-1.17245561257226
-0.402881828108663,0.980313611427128,-1.1281299980118,-0.55327600324637,-0.501982395851029,-0.888810411379273,-0.841490629878735,-0.0966852019751879,-1.38184571556828,-0.0019434876232973,-0.746940001338581,-1.07361951106681,-1.4248405113701
-0.762956412444192,1.22590668662502,-0.918276678287271,-0.415341614190758,-1.45936444145229,-0.048388925732632,0.727354490864597,-0.980494001559281,0.904498294393162,-1.40925355953652,-0.205913834911624,-1.46524450674796,-0.385165329477896
1.12596945944853,1.11414983485439,-0.333972020610227,-0.324672619230804,-1.42307841946011,-0.246731962628812,0.0618240025858999,-1.08781576128438,-1.20980614905721,-0.308326400068515,0.0398557270158234,-0.513936388908341,-1.31834423686388
-0.0609002659415977,-1.08861942535684,-1.31756700807866,-1.18342396779546,-1.32736589097004,0.380698405246428,-0.644637723011929,-0.979437579090658,2.75568558440216,0.471063009173864,1.75068635326815,-0.10142311563487,0.290097061120514
-0.656662958567461,0.794042582381417,-1.26913434456286,0.124472738474525,-1.78981915201227,-0.642074043475217,-1.10945242790515,-0.0472525408572107,0.310321542192257,0.112668688728422,0.716747499654518,-1.24258851590163,-0.496109912559877
-0.649212256096487,-0.160423794932096,-0.570333024423777,0.0681545273343583,-1.44614708535964,-0.336420827852131,-0.372733297748221,-0.729699908047308,0.174686558002229,-1.15038299961265,-1.42938599970455,-0.390794396499412,-1.37366526534502
0.490911412188523,0.999633492498563,-1.09644899396252,-1.20783137633193,0.854314356783719,-1.40654353725134,-0.0563785628319171,-0.551245590616863,-1.23395961053832,0.394670146311347,0.55114905154994,-0.806762492863326,-0.900557849523674
0.220553769071118,-0.6318107447807,-0.319834544648103,-0.958605583449092,-2.45060005587144,-1.13833757305978,-0.000290815392342797,-1.13684289688489,-1.15939468270485,1.14530234223662,-2.13141954793012,0.517191173494994,-3.28148069917864
-1.30095215002788,-1.09904782046288,-0.792569257406892,-1.01278129993981,-1.34506628127838,0.607958176919107,1.69494543339342,0.450251295733417,1.12242826562816,-0.287278951370676,-1.55109820236368,0.15420916109393,-0.496823712932156
-0.461309601315094,1.01973984801609,-0.992222911700963,-0.268956686804302,-0.675345451967227,-0.165819158188705,-0.192760223113317,-0.47344055002928,-1.00374238932822,-1.88906211504786,-1.02877872826741,-1.25056810517033,-1.04572085724652
-0.752638201884983,1.16401586804315,-0.247201114788361,-0.841648390204017,-0.885815793944428,-0.482551089830459,-0.676325340990953,-0.326182482577443,-1.89803856575929,-0.874971455792031,-0.738843844518701,-1.37311292870078,-1.21419296881694
-0.64919436647944,1.31506631226812,-0.965461733803987,-0.65045611745556,-0.160082206255038,-0.50189275439397,-0.790617712034927,0.922516008153554,-1.0344358145638,-1.73046369630117,0.300391447431181,-1.81678731102189,0.189584025060067
0.586981464202315,-0.91019725754027,-0.239310523584624,-1.00624854275556,-0.475457528001672,-0.941125570742435,0.0961389542566594,-0.536948799074058,0.31812096503831,0.200978535248919,-1.48910716676731,0.656482587017791,-1.61381992413025
-0.240137907484594,1.06187947289692,-0.139048131402261,2.62548167931668,2.6799382309542,2.33924071702065,-0.88109649846779,-1.02848173261627,-0.31777392724697,-1.45949243487492,0.0336354757376183,-0.201591701132751,1.3716851870944
2.35732307794158,-2.2038749864412,0.0776798328480606,-0.355269487438755,-1.51909116141821,-1.41354491393015,0.970101344954303,0.10049350435047,-0.248068792092295,-1.53377304706279,0.887887199684214,1.59295706126236,-0.812031359302576
-0.589707060594754,0.103755833743421,0.11346729392976,-0.722076965278307,0.198680174142146,2.03656846737678,-0.903618262603974,-0.05882808032072,0.124754385679378,0.60378885732395,0.197884855869116,-0.283195187310834,0.697450386393396
-0.0337957624584359,-0.0221544642531116,-0.214275098558782,-0.477862018584763,-0.236268956093765,-0.202709571296422,-0.304264170466839,-1.11011661664356,-1.21696246903843,-0.229476768494065,1.44623064407835,-0.334529904498596,-0.359086412423274
0.833455573755003,0.918223829520065,-1.48617735504788,-0.711579506264968,-0.150613240951926,-1.47813934045801,-1.0255892735109,-0.669743842127105,0.231176652477408,-0.431589617579883,-0.181899729276006,-0.911056816631467,-1.23097928527796
-0.987632821702713,0.0989070113070841,-0.160534558259471,-0.829010017217515,-0.392001147168639,-0.285035454263892,-0.461973294311979,1.10613274141314,-0.583562219321666,-1.33631995137454,-0.452702409269999,-0.932186100644167,0.0960640103553352
-1.09581351438988,1.10676129723373,-1.00744340226919,-0.361464370416431,-0.606363042220919,-0.989438057712776,-0.050004740316283,-0.365315898548257,-0.214917095520723,-0.526666858301687,0.784481714436023,-1.54238591320101,-0.22498219521339
-0.131687069337373,-1.31692795898465,0.0945650432301569,0.371121712307697,-1.26781954174374,0.94843323085589,0.27632525372334,-0.700886860770562,-1.60081216946788,-0.0735480489835467,-0.570250602230058,0.977402887766747,-1.21329116505565
0.539106764912007,-0.700059397776142,1.46897659237848,1.85031971021574,0.399385974906501,2.33208234143325,-1.28839511762342,0.287909281923374,1.14334021100165,1.27449043107649,1.4212495121216,1.23129009431669,2.02158116343081
-0.676370618105974,-0.937800047167191,1.67178914367294,0.159753425523081,-1.38429907967218,0.42682349983676,1.4463538641553,0.475606990739487,0.356489309806393,0.322248631235891,-0.212209115807446,0.776811912163487,0.453877884071986
-0.964153380579392,0.0909028984122301,-0.617275731511527,0.209499609029823,-0.869951026747931,-0.885483301435658,-0.905936604041959,0.323815203105984,0.921945871215872,-0.141405614255888,-0.756140551650595,-0.636627630168754,-0.496924245020796
-0.336798068336198,-2.14137448537808,0.719728709396483,1.75744269110309,-0.562954139056873,2.53052864043683,2.75245805514721,0.326455075573665,-1.55417881796943,0.57836950667227,-0.509767055547098,2.34384193857925,0.175884818666645
-1.17933516236495,0.338228943753295,0.997817651987542,-1.91071214166114,0.561413823211272,-0.350311135620035,0.703432175220663,1.38535178209737,-0.392971398342942,1.43319592522043,-1.58760113116821,-0.33053344309186,-0.0200197401190032
-0.306424540931116,-1.29950349825824,0.750679216097601,-0.556352048490306,-0.729244059814383,-0.872745850918062,0.337560365477434,-0.167707538533739,-0.863539366239676,0.102928041299571,0.65311762810653,0.582881143893211,-0.450335003778562
0.933332840342506,1.55885278889072,-1.40552763762891,-0.368960082422743,-0.411173525997267,-0.269559264776973,-0.512710739215913,0.518838710289688,0.52703857100858,-0.80814870025629,1.49512812894886,-1.39304711917192,0.661522639331666
-0.831784371680546,1.15944148988155,-1.18009177764786,-0.350763648517252,-2.14398595456016,-0.437821458198495,-1.0168514072335,-0.180567264755021,-1.37631064272692,-0.827197037306734,-0.664305089195133,-1.57802036981816,-1.53767538978966
-0.886116110291719,1.04347649237263,-0.919861278304155,-1.0322404765369,0.937910898444924,0.293128265622415,-0.155430021920014,-0.111970728067805,-1.03466128244293,0.240626875560386,-0.714372545751861,-1.03871273520218,-0.452202067809392
0.248372292833272,-2.08691854777031,0.363760582829093,1.74366103544974,-0.314453095406156,0.283839105275819,2.64256959312972,-0.721060994575211,-0.315465841142709,0.29914453822757,-1.04140112565479,2.33784032540764,-0.883106230539688
-0.082083787524796,-0.889342952772076,-0.1352008754681,1.05759034404196,-0.0226367927608138,-1.07815439516531,3.1261066219518,0.123063156511844,0.506957275073876,-1.48124312380095,1.91017644314319,0.529478263604251,1.12365770012612
-1.27694106082555,-0.95899941960762,1.82594264941049,0.419580750202818,1.65233725587411,-0.346515582110513,-0.15886620704379,0.445937366022523,-0.43725576038345,0.29337714058879,-1.04980508850866,0.749335727147818,0.420956511735138
-0.773558302333168,1.07836170683878,-0.205041601942335,-0.430854018800654,-2.45805203239107,-0.889121336507436,-0.975570852360405,-0.730729404168764,-1.52202887810523,-0.9935537305474,-1.02958214529767,-1.40221712438418,-1.92875455028192
-0.494499796844407,0.366623001923926,-1.4730950261023,-0.156321244349109,0.00586399819531037,-0.996155189262437,-1.5820119497788,-0.029110105938141,0.48226210972854,-0.26093346695537,-1.39837316999343,-0.789708481950245,-1.19941560848418
0.708990832764136,-1.59972448596852,0.260265937783945,1.49048586013388,1.93470920781088,0.682987551675963,-2.717940450635,2.02725727150448,1.63263093057488,1.03513557872063,-0.549541759541346,1.52249333656179,1.30538572561735
-0.23789524538861,0.280509254142324,-0.83481045792616,0.236736969805069,-1.71076730117747,0.209789882801791,-0.172262497811589,-0.866973372444059,0.217295822489683,1.95009447411415,-1.28369847829275,0.111062190892948,-1.74309127725551
0.29745925550046,0.186860609201659,-0.771687892074877,-0.886191182446602,-0.0023650522362928,2.06534751774396,-1.06392998880575,0.0226707594236875,-0.212596528137856,1.38058334731172,-0.383652020109249,0.00213669762426303,-0.184090557554077
-0.456887426343953,-1.72255346192822,-0.367748170261046,-1.04601225894925,-0.266927331711246,-0.537213680517555,0.0585365098708789,-1.96754117182885,0.801196949717962,1.45611029730839,-2.24239412859866,1.19226504183952,-2.45201115570514
-0.408415543595062,0.639376065239857,0.248436023022521,-0.594187324889417,-1.00699360238313,1.16659297643299,-1.44838654153378,0.4567322295841,-0.488695115258652,0.729638789673239,-1.78047679304093,-0.464446599360857,-0.744351680866218
0.170471111959756,0.123999965594674,0.18530560749642,0.248830113506158,-0.0895395809517796,1.25977738938827,-0.0566299795942131,-1.70592955379265,0.50865524835925,0.521832609700218,-0.0370433579844318,0.285670600397951,-0.247677450514487
-0.279787921008133,0.0817821777339263,0.110768485708247,-1.15089288814641,-0.0122555184354684,1.14335595967129,1.08320181431886,-0.368920296846827,-0.754646141389706,0.650452550412588,-0.574929201367326,0.0768407638774233,-0.328024832706376
-0.818720196514555,0.655707567681826,0.262273259587312,-1.26027385275251,-0.267197286013396,-1.53968720721879,-0.969359812748855,0.511341240398553,-1.21350115353674,-0.722654841101825,-0.0018215834467587,-1.2755594474509,-0.444908294689436
-1.21444471744183,0.492882961794211,-0.824288404822567,-0.857527931835149,-0.205977434783006,-0.879075401099947,-1.06378714966015,-0.983871488813563,-0.908295919478862,-0.485842389353331,-1.36718642913026,-1.07520776682931,-1.70809308257924
0.00535158744836867,1.57394601369225,-1.16477409509436,-1.28563235447744,0.262478681040887,0.561341201977128,0.0669731788897581,1.26830531540446,-1.18560492011114,0.735083915147789,-0.632147432447694,-1.1205394833843,-0.161022875670302
0.1944769231794,0.598578451014171,-0.502738259219899,-0.65881659342886,-0.779182333843077,0.278899068452336,0.311317269057618,-0.183085697329014,0.889072646577793,-0.852648958846102,0.780589897674299,-0.783025750523267,0.459654541552222
0.065364797582545,1.27234370265925,-0.607728470114629,-0.352444842451381,-0.119725455292584,0.461853682870022,0.372186778755491,0.342359582683482,-1.03667580833543,-0.735673834306455,1.98044889639259,-1.20461713204538,0.991036162341079
-0.707183433653336,-0.29176424456031,-1.08309370414866,-0.298802808103916,-0.684146374205137,-1.31382348372425,-1.3297192373266,-1.0003013963545,0.867627778783476,-0.383836744855754,-0.40705740931233,-0.588309898040295,-1.23809979774338
0.9876023233704,-0.432940776829885,-0.374068213140692,-0.264754596392417,0.729047581078715,-1.70646328997174,-0.867255661048265,-0.265682260766825,3.20242830888584,1.315246085061,-1.52907424995088,0.680996781850508,-0.744574098068041
-0.929255357708124,0.479954943956614,1.98374441891587,0.129632691465648,-0.566923876353063,-0.0307349206512672,-2.45457375314035,-0.665022747947303,0.42785535806576,-1.52352733940274,-0.650664732006063,-0.885040178852812,0.19307362994424
0.676707147857127,0.119641878515961,0.47744899906411,-0.628928583475377,-0.271323352429375,-0.553980789336234,-0.364537232367943,-0.45522232285601,0.297181881002604,1.34589392638895,-0.861519122296465,0.358962992537908,-0.945784667896376
-0.159446752594283,-0.877269835683859,0.635276341604402,0.705178613820547,0.738288766731605,0.131303977128386,-1.03013740091754,0.813197355566021,-0.405054005796498,0.389653135162536,1.87140674311388,0.471385651944076,1.32640099252165
1.1764462970175,-0.895013252308851,-1.12598587017798,0.196137508661182,0.721199848150309,2.15551110673174,-0.0274691138579625,-0.0413108586150638,2.16619288957463,-0.650147461231344,-0.737571212572361,0.914298140579996,0.618340737541392
-0.501657803675826,0.0413531495251307,1.19962647104936,-0.152229809410489,-0.736644670971297,-0.169846408694948,-1.15673871197996,-0.656053457815786,3.08133173676176,-0.985976061680925,1.15210443099556,-0.674574782180339,1.42046320846348
0.872390746851114,-1.6516027052699,3.2762539110901,0.727954319349818,2.71522738429125,2.04291202536571,0.50949277693075,0.466358711566473,1.24507558569448,-0.37010897658564,2.11402424623027,1.91374209925446,3.60716189345733
1.05792876353518,0.552626477031145,-0.999476312475299,-1.80732046674915,-1.49341388856835,2.02054099561329,-0.426746746024648,1.88731005598926,-1.30331024415251,-0.398726566052365,-0.0785556740746192,-0.650586107181305,0.128947887618455
0.656426158639711,1.10822624880941,-0.469258975956708,-0.806795085896823,-0.700974383807833,-0.0375308596824812,0.353761379542359,-1.04635677613021,0.533354506968491,0.825985931246144,2.03094141745963,-0.748760056812795,0.280118488208599
0.661878383930036,0.266007478404466,0.409038586671539,-0.847056660253701,-1.81768712566679,2.07718440290419,-0.330704872250022,-0.521645304399381,1.61888418855042,-0.398549754719801,-2.01340308836529,0.02296795352073,-0.505418585454363
1.35641550236586,1.10983751707758,-0.26257280290989,-0.619541469860696,-1.53355859252922,-1.26996737513607,-1.50349266597491,-0.213189903387556,0.497094647360813,1.60815456429454,-2.33248782052362,-0.194904854742527,-2.30155324080037
0.200650177080396,-0.0115667088733601,0.0147921297593703,-0.623382315189396,-0.44103661832237,2.70673550679217,-0.394045621727419,-0.535895083064812,-0.622776817176582,0.24746130474399,-0.394890510294699,0.163190616771012,-0.0447807096741491
1.34713346327739,0.473113561491844,-1.13906427012984,-1.41353254461541,0.708766112766431,-1.19987336703281,-0.519139754901111,-1.48925241155665,-1.27758416590548,1.15147707441721,-0.0410694157746076,-0.0490450062360097,-1.93162535773042
2.08665161463929,-1.07336092361112,2.77639600478726,-0.144313409543625,1.01831299612945,1.1053579021257,2.45170108606752,3.55253331371425,0.259671368939824,0.478681432112873,2.59316686965471,1.79850153872079,3.84137509594267
2.82613782837865,-1.2151899360296,0.888155833493263,0.630345439022429,1.46040568017901,0.160179738743081,0.326647960253943,-0.895551789391663,-0.660295518140191,2.37516293994149,-1.17442736121957,2.76373733800735,-1.29097823947193
-0.90112908418566,0.26087828263491,0.0712577783920862,0.64150021949868,0.432855936751837,-0.303765405798747,-2.50238663895977,-0.983183665648652,-0.555271485063668,-0.381400841306336,0.582981700683521,-0.723825319740302,-0.182398745130311
-0.727270247832293,-0.954801491666409,1.12038134846931,-0.55586156699873,-0.848218064287927,-0.357687971762741,0.399445671452813,-1.5860855173903,-0.944169536833766,-1.14655313241534,-0.782132817231342,0.302176006557081,-1.23255725182076
-0.348282111882071,1.49890975992611,0.224218537397078,-1.31773959907867,-0.916651215526514,0.725109026461334,-0.583741709419462,0.382803151072738,-0.434422496316067,-0.517842174733425,-0.56346591871471,-1.4155286992373,0.0185272118193986
-0.702576436004451,-0.31199043824882,0.0456862686507139,-0.997115234088211,-0.425431277970064,0.527253411254367,0.170114464272959,-0.517084546769318,0.0835418356503145,1.35603979074769,-0.597730898140443,0.129838263695418,-0.617346464171926
-0.165234847744107,-0.83931972867878,-0.0612804329251751,-0.987685262140287,0.478584568454946,-0.619697516039759,-0.679142727177337,0.250318564882944,-0.441048362550672,-0.261205673764763,1.02270901084256,-0.0236895121284994,0.203186389037776
-0.0600909659050774,-0.152347724853916,-0.25102274615006,0.0101448869533773,0.183069584511466,0.376006670420614,-1.21016792025128,-2.49917376104072,-0.581467845854138,2.19040869869939,0.863164915852042,0.361901870664996,-1.14984568629915
1.13098261246822,0.914019604120213,-0.516754365031305,-0.712774440859094,-0.684211081374574,-0.935585621276926,-0.121406236456224,-1.13891686076128,-0.696011374560218,0.244571175835929,-1.5081749827666,-0.227663517756109,-2.12047939705329
-0.820207064782507,0.497182261893765,-0.977909549363298,-0.605957240489003,-1.80691759694735,-0.940841446743961,-0.628488462899951,-1.16908881665432,-1.19217700003864,0.18607533818716,-1.42986380479808,-0.825823920777002,-2.49838715802807
-0.997137631548847,0.994895005344652,-1.32581080995262,-0.490808329004655,-2.24870491560373,-0.866198145713422,-0.731436999293305,-0.408419331398835,-1.54689190818742,-0.747868402945115,-1.83372890897473,-1.40919049208202,-2.43741996867504
-1.17532287931505,1.49847720854165,0.310723030648793,-0.244194838115995,-0.140249975315579,-0.516744656961501,0.478262373347519,0.0921025677655772,-0.691859518126869,-0.0680957546218874,-0.303100738472857,-1.25605556271676,-0.00227129111033096
-1.24343278625156,1.10197021885547,-0.167968194953982,-0.458369250064659,-1.48083976079031,1.33919487298796,1.74286848836349,0.594100298477719,-0.0546139711458189,-0.495167360242462,-1.08959140391988,-0.992914938215608,0.175119112760875
1.36852883411633,-1.46403045069169,-0.725515957996657,-0.158038367058869,-0.106849982474034,2.67743704130735,2.43379611409868,-0.293841633142923,-1.06400973933976,0.726737736602854,0.324632145834534,1.84788495656582,-0.0824621676389086
-0.96512631974142,0.13633884086101,-1.3913982466492,-0.28453846004488,1.08877872469899,-0.3710082989338,-0.0113931499305953,-0.0833034463731276,0.0360138776189354,1.25230135249278,-1.51041819999361,-0.169258921628312,-0.993948670166207
0.280530899822418,-0.641691643585956,1.02957472055392,0.920377713093429,-1.91805072181954,-0.191111010651275,0.827573780349449,-3.15239620988477,1.89887878522714,0.342431545982786,-1.11438891850766,1.04798686598464,-1.62897466348974
0.675423638417514,-0.363092764200619,-0.484244632468063,-0.817319964276894,-0.669780405727789,2.27272781972369,0.137885504645632,-1.09837686602477,1.51306755569323,1.19273012396458,0.428468816111011,0.503649045972254,0.196949143288164
-0.167877174721888,-0.285770361914087,-0.187194656068386,-0.767608080637534,0.275954092403666,-0.813452590692462,1.27645598037671,0.730472444566481,0.507252649309687,-0.103704151100221,0.638537788780329,-0.0695147893772437,0.580832956561274
0.0282372571482863,1.18794229257929,-0.442006519826198,-0.491260748114172,-1.03147349940474,-0.503122678264245,-1.35867346123476,-0.303639293878554,-1.09899490572197,-0.795970037376891,-0.734228561224507,-1.1908682100419,-1.20062999828005
3.49516954173949,-1.17479458995895,-0.549699641886164,0.222894431805584,1.24070951575163,1.59981320873241,0.326240284420269,-0.251277538103684,-0.912391341690428,-0.937719811165557,0.280969934660629,1.91638175106376,-0.0816924656700971
-0.396029291511199,1.2122445370142,0.345492243935221,-1.23077850894112,-0.518321220375503,0.0026975180232563,0.0808535914077158,-0.510844465266973,-0.453012852397796,-0.884057616263277,0.480452465676224,-1.30673461383019,0.123944455266439
-1.01048336688813,-0.0284792684360213,-0.654208590037233,-1.01635757111675,-0.923195353938779,-0.163569220657155,1.51626369064977,-0.93450259391428,-0.219147211572893,-1.34107541072945,-0.809650596450862,-0.620506155632852,-0.956341492515376
0.156109581479565,-1.60787758335127,0.445411252589463,-0.14477731641961,-0.223225031527814,0.713115318957012,-0.320221925296141,0.0575291719169344,1.32888603460248,0.445048617601799,2.09632243844797,0.842189688633142,1.33651098926811
-1.14478789178707,0.959479439623799,-1.34992678817666,-0.992377724167926,-1.19681634269732,-0.92668837599614,0.17762998492547,-0.462307374460639,-0.836944506330866,-1.05817151630471,-1.0751167472387,-1.51792517613436,-1.53460442137489
-0.748159542876964,0.626836876144449,-0.804670237348273,1.1753383912904,-1.68033536464906,-0.292211092111253,-0.115701213454129,-0.919074365399216,2.73175693188461,1.96768975572253,1.07683402969145,-0.439349491636884,0.167438918198302
2.46992220938475,-2.85575192224753,0.624805883015939,-0.142691964604446,-0.994780658049778,0.315970338059298,0.135224110731491,1.93981431478688,-0.306614324357631,1.08569281050802,0.0214165463946625,2.72148941915834,-0.187947747743117
-1.08228770403455,-2.53274651548622,-0.423088339752761,-0.0674622703096025,-0.0188375629008914,-1.51308883564137,0.219763366382956,0.531499888337668,1.5681029825274,-0.256449362176586,-0.815262205495564,1.02285601007616,-0.444739738536176
0.150250708049564,-0.95302770619081,-0.0585004657760823,-1.71435178638534,0.245241766735198,-1.74533579707205,0.345727275485746,-1.69553581913496,0.312350107177599,0.00271862145106569,-2.07059931265014,0.528994211938431,-2.31916152203911
-0.836390219960519,0.656095168340057,-1.25611785847858,-1.77227954727899,0.18544780001776,-1.44318935955525,-0.334965217174043,2.07483885084615,-1.0652772012544,-1.76878008556436,-1.07617596162796,-1.61474581055943,-0.360322136494736
-1.33607630292982,-0.400534909478255,-0.969728533388064,0.129892601292171,-0.397122826524586,-1.21934348829806,1.35988672397771,-0.686152592677785,-0.213614622075766,0.549825716733089,-0.931015835003457,0.0213554360535346,-1.38971641352385
0.635357044614167,1.59848610106742,-0.0267733490405161,-0.627301591489649,1.05219125706003,-1.08706548087503,1.83837786385159,1.09579365166696,1.12011446945789,-1.03683400677318,-2.3969557747048,-0.632505494171687,0.0192773722176725
-1.09038507991273,0.425894291479461,-0.599125865697324,-0.207233515085203,0.370700945595548,-1.31930213951228,-0.151566102771334,-1.22836461738462,0.351711376483402,-0.790944489478068,-0.683608354311112,-0.854971316260285,-0.893136695486915
-1.17303491433915,1.07613436819015,-1.08148579560568,-0.0881133106015731,-1.35679497761596,-0.615919119607378,-0.443658738695954,-0.7347495648442,0.280251027972135,1.10809545488324,0.890900493241795,-1.28064984862971,-0.531285494216774
-0.0246494167359333,-1.47083365812977,-0.106554449338977,2.99730678912599,-2.09664484241678,-0.424947257276141,2.01893400204655,0.287175552954431,-1.09390349715666,0.188268827255105,-1.80200214403472,1.85834370841059,-1.69554135590553
-0.69859093937274,-0.380719316631032,-0.713867362318038,-0.968349206694802,0.108829722173191,-1.02006542104259,-0.849634773585494,-0.422024961545283,-0.423986677018395,-0.478699978940681,-1.18393877649927,-0.392715053248125,-1.35843224882236
0.0690005095471035,-0.933322453211232,-0.802864757786015,0.167688912620178,-0.961184453266969,2.42955664276233,-0.524905009025418,-1.30917674885802,0.666667446038682,1.25377383103086,0.69581366613478,0.72373824702076,-0.141943360248474
1.67538806105459,0.408564298306927,0.646838756380014,-1.0922013996698,0.88300762689583,-0.889032714990541,0.327568760666213,-1.45357139486698,0.440080160625278,0.222312716851855,1.10608075669649,0.185385134873283,-0.0472869524569983
-0.461335945728092,0.906342412843213,-1.26121873187164,-0.751685645042712,-0.791539217866869,-0.883190463221984,-0.540974750957346,-0.680634664456602,-1.30901078010512,-0.418764175553007,1.096484349484,-1.36846787352784,-0.827030417736815
0.168201404273568,0.247716590231371,-1.30766291275905,-0.131605808480738,-0.673656042048538,0.594787239247189,0.0679759458450331,-0.691216525220695,-0.836285299753412,2.30817970519994,-0.390245046473446,0.246229181945321,-1.42594440949412
0.154031264258507,-0.600541867231423,-0.645891665445909,0.0135306000578874,0.930327829974576,0.85310644205255,0.802665390779527,-1.34343518235591,-0.563019052464645,-0.371094642274576,-0.13298508973927,0.578963770439348,-0.480606759293803
-1.19667133255803,0.113256897329647,1.81680028840759,-1.23505862347418,0.384630520899266,1.97978928699138,0.092753508400223,0.262539724205345,0.038252844370197,-0.300353755400272,-0.0480891131968668,-0.3847350709761,1.45834209945686
-1.04284426573718,-0.474518246850192,-0.510071441418762,0.974264494729728,-0.937819279463848,0.904922020587919,0.0913620661852632,0.859397413076595,0.791495200705723,-1.25512298165603,-0.310476416662877,-0.193730815457006,0.649909918696859
-0.34971169434417,0.190764996217359,-1.20493713103447,-1.39441222835552,0.422009325021593,0.535262843879241,-1.96107812734227,-0.121021879445986,-0.608781878977017,-0.336778850874368,0.162604597744559,-0.948081795437517,-0.331440496971902
-0.242519491704932,0.838528211598827,-1.36304728075991,-0.893091114549858,-0.324492719961769,-0.532315305354638,-1.12852968045632,-0.347585969112259,-0.194767669668567,-1.12440311288922,-1.04995973054366,-1.24565008338011,-1.14936743850794
0.111444958475567,-0.571588852667274,-0.571511128519508,0.667343306964171,-0.2632363779546,-0.659009032194298,0.00925691579400145,-1.25674097880444,-0.288071972050874,-1.42522098195171,-1.77391765249509,0.383302520575846,-1.7391692022315
0.149994968596973,-1.52942478913657,1.92922626795395,1.88582305358355,1.51891579326203,-1.02722711416597,0.711560254344712,-0.487333854806562,-1.16176657669686,-1.25485668890011,0.663757535733649,1.51353022124879,0.502235264495971
-0.870148657923847,0.668155705971613,0.012717194954189,-0.922719808285023,0.352714777182028,1.21489703728655,0.200924026099648,1.92166640475726,-0.0563620992292854,-1.46395523520478,0.239191575023909,-1.15466914365618,1.75370942148193
-0.456837672551628,-2.52208513407927,-1.1320475209646,-1.76679599837066,2.30982888975139,2.12260983452942,-1.09721897962445,3.30847058244618,1.52287058610187,-0.83455320701053,-1.37084690315037,0.83838669628029,1.75692608437819
1.20611075144254,-0.421204782236089,0.220612232242132,-1.7397692634701,-0.256833138882995,-0.765668837878503,0.343885942068566,-0.982474639975544,-1.29285579038652,0.00662632365946371,-0.173600131816504,0.404334654112061,-1.4423617421402
-1.05654478417186,1.25356913948476,-1.56775877700297,-0.221326276473848,-1.36320990661876,0.747996385324521,0.707192270355155,-0.878356793236681,0.571595910416014,-0.723892499628179,0.131382814768718,-1.4747495126127,-0.247889622906952
-0.398233834358546,0.0445373856311694,2.54248810954782,-1.42649724630226,0.0977391461862823,1.01693686498919,1.45597054725813,-0.209983454066,1.59166775684334,0.583002077504633,0.761099084540181,0.134046595227703,1.79406359140047
-0.673424693741686,1.5066315399476,0.620939554231553,-0.891138798813642,0.517937683258017,-0.319532356008133,0.946085517435838,-0.421005091344387,-0.252839727494907,-0.921380198832065,0.914867491226918,-1.36548499591785,0.860824652233224
-0.398769577579081,0.961189788729418,0.458229642264041,-0.52596879677975,0.109012151484513,-1.21382445418203,-0.80341417040247,-0.432405955507557,-0.983235643301431,0.536354936614453,-0.984816216024709,-0.673520073628489,-1.11731838996951
-1.17017453414142,1.26220191037254,0.226421927161077,-0.08392683502816,-0.988917468094095,-0.104584779148677,-0.713868758047437,-0.860507916813226,0.723873773157625,-1.50897598005829,-0.380146470980688,-1.55842087907585,-0.0440984511467081
-1.08378921795318,0.837801869622721,-1.27496020754834,-0.598001296524276,-0.166212330932516,-1.31866133524981,-0.428988361869846,-1.41350659990643,-0.224731456570697,0.553823381553879,-0.710426140400442,-1.06462098122041,-1.67159356353782
1.58023170456225,1.12891335264656,0.201162769185134,-0.462208719054874,0.812911703743247,-1.03575731223575,0.870521745098139,-0.258233456729483,1.9691714218646,2.19243975509311,-0.692852324576317,0.350610602746277,-0.196559061763182
-0.754456691843306,0.361428647404977,-0.0728500253626321,-0.436369973666122,0.993457462714596,-0.23061193072557,-0.0597094359000047,-0.0779166802020069,1.74930061423451,-0.287696896121896,0.803612918833158,-0.720642622695876,1.22555549182903
-0.0600816514615893,-1.02025694009891,0.315320827171794,0.237834664068827,0.43203266283951,-0.414631096382649,1.55692196670614,1.06206263660241,-0.610820816396477,1.41967598674231,0.793115744396133,1.0638629754236,0.495637800700747
0.313704688107435,0.290985030198503,-0.366667241582594,-0.593697871959895,-0.949017266832115,0.291391341109103,-1.84783485046134,-0.320056636250218,0.0761271943118424,0.0306997504617429,-0.771027796479264,-0.437060027876039,-0.922163401010166
-0.524894995915492,-0.388447867871083,3.21746165666598,-1.7589952689006,0.716958524287462,0.512481973770785,1.66875878123659,1.93421333515259,-0.61609957414148,-0.530457451900087,-1.48061679860796,0.44458906595931,1.28133780925738
1.79622219694671,1.25573368001291,0.65496697338412,-0.830566749957997,0.201237118826489,-1.55200096619534,-0.632263198731053,-0.612457704197737,-1.32712541130469,0.506497602652551,-1.65916093368064,-0.0536027204128405,-1.89625440720784
-1.1972838893315,0.752195094382194,-1.33623289128206,-0.24825092460063,-1.65389212702545,-0.987153879962783,0.0477123184560082,-0.370411320285712,-1.22190088547006,-1.85213942087167,-1.32189383044143,-1.42510407695008,-1.73886113584421
-0.0557518351513463,1.39017096962784,-1.13889494867866,-0.348533305122061,-0.296394858153161,-0.398126167294159,-0.383538640577808,-1.60358670634478,-1.3205148922743,-1.46959260992861,0.175151716557342,-1.39371927148805,-1.13777769934438
3.68901310740996,-2.86021875477176,2.40365349974308,5.59499572828929,-0.958408031109835,1.30322158245464,3.83594604150235,1.94730704644823,1.24209988095067,2.86089983813321,1.26980392037645,5.28816586182392,1.89151470146544
-0.947764904523445,0.533384415747107,1.35941536931248,-0.972568061526335,2.76735415333992,-1.40578644395282,-0.464455427794886,-0.405710478037393,-0.304158055058264,-1.52055082993164,-1.59483025182556,-0.684056461508128,0.0281983498003038
-0.321763166395057,-0.0850292263580315,-0.371137391430211,0.080412446096277,-0.684564260656583,-0.194952253832707,-1.49332562653731,-0.127973565680052,-0.635801062460791,1.34993230482659,-2.07194347301592,0.182121221887618,-1.83798739853804
-1.07772891823172,0.196006123556314,0.289267002721823,-0.845207897441876,-1.63019627644588,-1.45939992664127,-0.36178861915303,-0.711337874453798,0.210625451095164,-0.555083969053793,-1.0404880831375,-0.841453414626582,-1.34217189823347
-0.773927613046933,0.128953518754704,-1.15692510620628,-1.27190031834396,-0.756718982921738,-0.673635543985953,-0.282999914841078,-0.630890209308613,-0.938911453268988,1.84654342712663,-1.42840738400029,-0.31382427242212,-2.19973361026441
2.48355927024553,-1.7057403056101,0.921044306430452,4.23660590200069,-0.764953631312585,2.5812402392216,1.73752540228247,3.3639397149498,-0.0365519679437305,0.29583885361155,-0.974571962614689,3.25442266980197,1.52502214340831
-1.23217626122447,-0.455537188940773,0.275947171128526,-1.64853369462023,-0.670332572712272,-0.113916917144454,0.120473864734057,0.0234450217549613,-0.468272078852782,2.07837249990171,1.09461290320413,-0.198810558432873,-0.0473044554792757
1.0690572974292,0.464167515615062,-0.467123001385309,-0.509217797884712,-0.266123580940912,-1.20759644571071,-0.327620015034871,-0.810441053839924,-1.47665090390011,-0.0106668026587438,-0.0646467278034322,-0.151416223716314,-1.51658081480164
0.39080042442992,-1.14203415998186,-0.148836594290653,1.51686618609121,0.182332601961345,1.56687990230897,0.37555336125834,-0.326702798985063,-0.368693706408946,-0.422582559378865,0.808063280805635,1.1312993684347,0.562478941274721
-0.90724297641872,0.558621033530115,0.182072585758338,-0.0664359477396187,-1.93443081867052,0.0770002888721093,-0.569232906005204,-1.45207783582297,-0.431956583265362,1.23927445261024,0.876184904947771,-0.640889326849036,-0.791668657348678
1.63862815727755,-2.83910921803294,0.287937900487124,-0.733451614407856,0.00443692202495564,-0.645781937511322,-1.55403964475432,1.54600258114648,1.54816754176254,-0.593166755912796,1.08900037826233,1.56184046539275,0.802231913456725
1.32255650395712,0.480115793344658,-0.706844091376714,-0.725688533956209,-0.423725448827664,-0.466753632497337,1.02230290325767,-1.09473623366577,-1.92349075918136,1.55821131223958,0.438663662288786,0.330894015968407,-1.5999493175428
0.728050432033572,0.46780432602183,0.828107027556901,2.06834246206075,0.548061800404705,-1.55085346983303,-0.351959506335324,0.646381572311737,2.33607850217374,1.18349832108554,1.17052454185132,0.400789633949897,1.36635479680007
-1.27155153252541,-0.450373514381006,-0.597662827745046,-1.15255799782689,3.96090474020701,1.96021223302522,1.54682022599163,0.0755188211860407,-0.9714923406835,2.66170458973229,-1.49485043423123,0.875205152911946,0.272087257975348
-0.068408347225438,0.086452250523149,-0.752768175868818,-0.535058200425993,0.506191937871349,-0.210059957849705,-1.46975637784431,0.0778582854110869,-0.0445514390549284,-0.902600275194684,-1.56210029554288,-0.451981091776117,-0.844642511619823
0.0429863865746567,0.656738534764399,-0.85197982781198,-0.07972901465495,-0.36182302145844,-1.35905140454169,0.324021038201262,-0.519080025266987,-0.816866000802463,0.902430729797051,-0.104732905478937,-0.352213930338994,-1.27832717813123
-1.16739019767394,0.770935792682116,-0.978297985227791,1.42558877571898,-0.969210507790144,0.177942339505228,-0.577897867956782,-0.0740095380903248,-0.603090285102509,1.21535846597998,-0.394570808845554,-0.528325922868971,-0.734004984609348
-1.05409471846788,1.14685362319901,-0.0958869702552629,-0.701690636465266,-0.524822539130525,-1.29891551928268,-0.467864160646572,0.260062811536282,-1.32324158096161,-1.40875804837239,-0.997888107410318,-1.52362675984517,-0.877426537725423
1.5850914326589,-1.43277739647653,3.07036551139047,2.38932384656335,-0.296888367139601,2.03351025248536,2.42150478724792,0.334762691805788,1.01066605434225,1.84016775879149,-0.415980932013707,3.11307278553117,1.27301477027341
0.476922388868105,1.37613314529469,-0.207730597215922,0.295286407015678,1.43945507786714,-0.828559864202878,-2.07139148757092,0.688639456636056,-0.933942078286823,0.401268587495925,-0.644595437549831,-0.710115638334089,-0.259110455794113
0.455182139094737,0.0925214006207204,0.396433356572236,0.662939231929465,-1.50709898275451,-0.738100107852479,0.211630000803693,-0.730347673557183,-0.368943440184894,2.67706671329272,-0.824711821175956,0.819508783801872,-1.69938724162932
1.53242611513764,-0.806345716744499,-0.206285795734288,-0.28369698889002,0.451715446201674,-0.804240606001755,1.36851960418788,2.49064281214944,0.509924632966918,-1.62299639737018,-0.572799590878031,0.717374163988838,0.741157332265629
1.60299154834653,-0.110687981185751,-0.419318000106413,0.00804044438989239,2.94301870689138,0.335919191547415,1.88078696368995,1.68883693561388,-0.137913316307547,-1.392884843792,4.00616238484092,0.227050278880845,3.43640504298718
-1.15119192359449,0.72845167677117,-0.995927447434837,-1.02012232970283,-1.90970547565527,-0.941299700620826,-0.107726420862415,0.449807007838641,-0.521838243143658,-1.07909828062187,-0.769169010133099,-1.51789556753268,-1.05839221111402
-0.899224905727405,0.482371857645829,0.306979734228329,-0.410263146854177,0.185244729641308,-0.764625547666743,-0.77656179194324,-1.09733277785829,-0.935870712537533,0.926431116262231,-0.975816432601707,-0.407110546642006,-1.31865065149644
-0.61562363184903,0.0630190783369365,3.64516784860722,0.759946697733116,-0.950209464672824,0.450264441788078,-0.572592886515521,0.600871689918955,-0.076243333102767,-0.554057099174,-1.36502428071062,0.318798969946867,0.675638648913883
0.424599895644817,-0.33094114300251,0.150105274939905,0.29701289892272,0.691758503596083,2.35328959710424,-0.584208973074654,1.28329901924878,2.33449847631828,2.62842679438099,0.416774424082559,0.889837986541825,1.87079252843926
-1.08549919865248,0.817848748273986,-0.242277524196215,0.568278208324318,0.2963687688,-0.182353412401397,1.36699840034708,0.42775429851916,1.33876039412982,-0.831501018856686,0.0684697492665162,-0.808598357915503,1.10404070730584
-0.78686909086309,0.794186245425349,-0.853823914716377,-0.096520306823421,1.30279348126915,-0.369988443823411,1.89293861952225,0.451291068933147,1.16872382329019,-0.224687141995861,1.22471111369395,-0.79749129842888,1.51422730841894
-0.470321645022329,0.647382777643757,-0.541023590053023,0.276617135477075,-0.473529185505574,-0.544320935646285,-1.09808580253362,-0.877598016491325,-0.384794071163536,0.388256077919018,-1.76268494365907,-0.449070533720195,-1.71704869774337
-0.308898570538354,-1.11956198449042,-0.820672323793723,0.119717029123013,-1.93928498914396,-0.00145754830488169,0.831591937320316,0.149956520466796,-1.44761892807924,-1.58831434393519,-0.0530813829793454,0.188530047475148,-0.990041071358505
2.50337519975627,0.177443012392298,-0.0402706764235345,-0.657571498201768,0.177612135849723,0.30166337425581,0.959886249362325,-2.04771436477166,0.494955329652252,-1.38014810994655,-2.16534098860802,0.808412272717967,-1.70270164341598
-0.761572734856019,0.105027190059219,0.354365970385696,-0.0276176094432638,-0.820741297044792,0.698097184855085,-0.282015638557978,-0.565058615896215,-0.355466330748898,-1.14487299845357,-0.824902327981354,-0.424674529161011,-0.387101477874105
-0.223337342674686,1.00505517893114,-0.413111895711665,-1.25875005838525,-1.42397819929058,-1.29464874599109,-0.55028777662871,-0.730623577098447,-1.58568272290498,0.122100655262419,-1.43882120749254,-0.996929872034555,-2.31156531792815
-0.976105177678127,-0.569642338581142,1.11746896448571,1.18414640016384,4.00885946546978,0.643641702419119,0.347037351334654,1.54861938007839,-0.0414920994278543,0.41765073354535,-1.7430738681155,1.03457578217399,1.49391614083554
-1.21253564590726,1.02509214663702,-0.454773302756454,-0.833387497592354,-0.904423628978464,-0.298959615719379,-0.790193485113541,0.372950448254238,-0.677358829732539,-1.00348810900368,-0.516642811484893,-1.58985104311593,-0.398203823112136
1.86774695661207,-0.291198540019413,1.95377806428089,-1.64607380686796,0.742780710327422,2.92852326135014,2.04974368672473,-0.816817126504214,0.366755591433973,0.410593940322457,0.889840849793957,1.23048885563024,1.49288929671155
-0.925548126083655,1.17118265008405,0.632400472470457,-0.706359677397569,-1.04096894943067,-1.25743086843719,-0.228989326475652,-0.759479095066916,-0.982038412461769,-1.49558055854601,-0.337379352138075,-1.46558996946894,-0.797623836289745
-1.13608973680854,0.338178080719583,-1.08179879382044,-1.16058477344358,-2.0261518428149,-1.32942865885012,-0.264530242266866,0.563264083796259,1.54659309164789,-0.575717725259979,-0.856697647272352,-1.32518075178766,-0.74637672369816
-1.00929920524324,-0.883898432788931,-0.449955020779409,0.322247105341482,0.0581951779262829,0.698721631181908,1.35552776257462,1.2962726198793,-1.29357753881306,0.367047692315481,0.516933894708258,0.428293747312926,0.563166338559158
1.01343256986921,-2.56207813593011,-0.305447815446213,-0.695161546634892,1.11780106236172,0.207650549318452,1.63279658432816,-0.0126531113606547,-0.19753226743388,0.504460547741614,2.00480076980656,1.89338848078791,0.63080746133359
-0.508917661214601,-0.338082386412048,1.36111407223655,0.25559903395646,0.0339292726486202,0.153516844958042,0.224761904545596,-0.554481221528269,2.22968606966999,-0.51058876502591,-0.681058624264135,0.255940170211401,0.68736873511322
1.30179540886745,-1.92203553474134,0.0650157825607777,0.262096145237965,0.0431387597785716,-0.168376963509857,0.868521011357304,0.286112202552109,-0.47389386179162,2.42344512348954,-0.427761520539872,2.30523596278375,-0.984532166862418
-0.702046667997722,1.11028680274255,-1.45138147373996,-1.28129168207374,-1.1042598229878,-1.1996597352795,-0.760647843398177,1.49987581952776,-0.822984810624803,-0.942269277060075,-0.085191507637731,-1.84872407080609,-0.458809643540399
-0.582617760758619,1.09378927461105,-1.24868160161143,-0.73751659258604,-1.50753849624364,-1.28937610064819,-0.165015252816557,-0.932944313762971,-1.66934146506466,-1.22603733127503,-1.5804202876059,-1.36475845785581,-2.4295575517329
-0.983137883180484,-0.346663224179232,-0.635234097868287,-0.89903000741067,-0.868183665582503,0.865697931436195,0.0473767336875986,1.13218454447917,-0.848171310349932,-0.897747115075504,3.08938817618232,-0.96568412877388,1.68038227644003
-0.203100530805803,0.373496033129406,-1.28446558382605,-0.281672257123527,0.0983026240813689,-0.556226326146868,0.0558990757064297,-1.16324948694957,0.934317980397441,-1.02923193684202,0.539506830179002,-0.791276467398727,-0.235866500241024
-0.585290271138665,-1.24195467305292,1.07073813814595,1.31146138554875,1.20366533731218,-0.451530338630438,0.422966543501036,-0.620732684816935,1.24673511544513,1.07587145421543,0.344630541497965,1.25855424079577,0.624982047731436
0.284917318526458,-1.67713397708926,-1.1594573229403,-0.335377726039354,3.0029309853141,-0.42491269266052,-0.479513147856116,1.33337041199787,-1.59416950201418,0.770230438155513,1.25684334134838,1.01669327338321,0.566823026212489
0.171748573091279,-2.12827186436887,2.37752337779574,0.249850248144346,0.924645050107929,0.92403008665272,1.57651635648611,-0.503517995347708,0.994265682075713,-0.838043492834476,-0.391643878419181,1.94069675685305,1.00452276424897
0.129292112638477,-1.5365005158888,0.646737032113138,1.198105211363,0.45239058416571,0.570448248508134,-1.09821911260925,-1.14995626694955,-1.2311770265473,-0.173609963184935,-0.389363470565118,1.33696841166595,-0.797616119517163
-0.310057408552717,0.888152104176103,-0.139000349690333,-1.15296965327015,-2.34527697649731,-0.528283828112805,-0.212600911924149,-0.35786698527117,-0.375995698170237,-0.0860971792182865,-0.985617956759938,-1.01744737204053,-1.45925743536691
1.80939991284359,-1.63026477920223,0.80860199331462,0.873133289083353,1.14863175550925,0.488381162395298,-0.214614336947853,-0.240319766857742,-0.808563253685661,2.60659163865787,0.388908060752036,2.475895416941,-0.309473750905245
0.8455745013678,-3.98894694009321,0.0839347118830003,-0.827511763524644,0.282342406618653,1.5711771531289,2.41659707525301,-2.37906572244099,0.581001118585531,1.00297616105407,2.2782549977096,2.99820261502263,0.0711005766392971
2.2229270066747,-1.13083252721455,1.58981933943784,-1.68219425839213,2.61181007480823,1.69976061871561,1.3349958087031,1.7654239517442,1.25406702085232,3.15949601767681,1.96042275748521,2.04929430604979,2.77100360907412
-1.10103444747472,1.10826419072206,0.0648898281875528,-0.44199878486333,-0.100869666361578,0.592042784520659,0.138692401439033,-0.281746369619117,-1.10723331324056,-0.0453197651938268,-0.440474561716471,-0.99336957937277,-0.190094920201327
-0.288559303477865,-0.680394288664075,-0.684163220232475,0.4696590679475,-2.16729662475489,-0.176174223359626,1.11209801972678,0.0365919608150856,-1.28191263611896,-0.282047609808321,-0.353644398433652,0.319931904477395,-1.28566433829588
-0.770990097378891,0.965600461053826,0.186531442752474,-0.495700130612142,-0.653293473395501,0.216353755877778,-1.12399260601492,-1.10296690847664,0.741501039937851,-0.353070867353758,-0.93439739297307,-1.04381696682165,-0.549541021888112
-0.208394971189505,0.532180923802827,1.13347704819155,-0.307900976696346,-0.393081261404129,0.490367995079024,2.5194718267151,0.986474577618902,1.03580218152584,-0.868982948332058,0.167916131629576,-0.22918121726273,1.56618106339524
0.242914402276519,-1.19794645689155,0.891370853156668,-1.42377438413439,0.583829429476785,0.143986474702654,1.16771989478134,0.98992599202567,-1.45109506810566,-0.683345791246665,2.26223748108288,0.437948445600549,1.37263637359765
1.05955030913809,0.61731671532748,-1.30314804659317,-1.65249951992357,2.01182976940937,-1.47064172406308,-0.0592177380162289,-1.09351086939779,-1.23037952870143,1.94718398348287,0.462163895893509,-0.0853194683566281,-1.32356669651127
-1.13965510130635,0.167890502098041,-0.6472455155412,0.429251387202822,-0.681645669130764,0.19523970991909,-0.174281740162092,-1.49447704428746,1.4264994028055,1.82551755508299,1.62338524823443,-0.360261612776896,0.196291677861209
1.01527551058575,0.414154449914665,-1.12366264159832,0.0751532696581567,0.130792805543126,0.634529538113073,-0.99825895015496,-1.93658774134111,-0.0234915323079634,0.364552863770193,1.75253104091668,-0.188450491944392,-0.286287188423639
-0.617981485227013,-0.121153437420021,-1.13574880500996,-0.342690662238746,-0.14638045612927,-0.498147082950713,-0.899792590334654,-1.17676491198472,0.382801049367211,-0.760225152825947,-0.214265791865484,-0.605304838288491,-0.901049060628472
-1.30705240020853,0.596169768727523,0.136917029507126,-0.939412817805344,0.326463457342916,-0.0648265555183426,-0.310775392304384,0.432215384426247,-0.587477405453039,-1.58041169605203,-1.49814844503384,-1.13158644945837,-0.182523939573352
-1.52305204965782,-0.243211477320362,2.83949353187949,-0.921459506965358,0.788832289974449,0.00405379871717155,0.216712914518966,1.19702227845448,0.219575500368152,-0.0510268988574288,-1.13783092018073,-0.0140236714231642,1.18767613850429
-1.27267728973377,-0.391826957705175,1.11604100468412,-1.32304100969866,-0.339038270189657,-1.00909816349871,1.2672006554371,1.28637475666425,3.02653867063569,-0.0583040687135859,0.17434872996235,-0.406667723543011,1.60130384237929
0.108526795772382,0.66099617134047,1.04279185365615,-0.54027439609777,-0.107700307778018,0.027524236403236,0.102857256310818,-0.795524682996466,1.25710849415989,2.43260502320524,1.39906694891711,-0.0266605028741778,0.690761909521901
-1.41087295010563,-0.776385176137906,0.70714024988365,-1.52202757880912,0.848392646904072,0.599725290047386,1.35948170313518,-0.784915643307031,-0.388772864108957,2.23836348310617,0.0353535969704442,0.534991606424005,-0.0719561477188269
0.647122197551691,-0.454795777717037,-1.10422027008348,-0.256270412211864,0.260171076451766,0.816970396448079,0.62731242612508,-0.698905751817259,3.12383086463478,-1.2864174527014,1.06297200756141,0.00693453207582703,1.21505201981014
-0.575000781479406,-0.0491413689223933,0.0187533489646697,0.183255180671173,2.08697143914226,0.720835332920539,0.394848650473142,-0.395027839275339,1.32857376054424,-1.23383232102202,-1.98127943715962,0.107593897070132,0.372553216311244
-1.10734112065454,1.0695742411298,-0.0245980724158583,-0.299509493000724,0.579794461190399,-0.0358027406009623,0.120646919741293,-0.1725326008717,-1.01779678400273,-0.088770106704703,-0.459708262194141,-0.957346888634218,-0.145420164664695
0.00804282779502905,-1.75274659572245,-0.68173563666485,-0.0644112727906539,1.95339369056071,0.381949151167028,1.98447057636735,-1.83630833805067,-1.11664632870475,0.115860305045015,0.838562359865057,1.43168195247499,-0.418160531111107
-1.19173595416561,1.11608979605895,-0.281400844321637,-0.785728519396244,-0.771438649800533,-0.625555459602857,0.248537109696378,-0.225523745853987,-1.44645342245444,-0.596369087098406,0.133449416913921,-1.42778934602049,-0.560848644922915
-1.01194111177471,0.439257558251514,-0.437234529892521,-1.12092903730604,-1.21002719416015,1.19459056286162,1.03258635462484,0.779613813481059,-0.32309537194924,0.0783557261587097,-0.540286599713338,-0.724138161313978,0.0774742972524824
-0.62069862382062,0.978449923757467,-0.217494042574315,-0.766111122018652,-0.569015133345789,-0.489344605236873,-0.293085087699694,-0.285815265547026,0.0403292165983425,-1.06338899740453,-2.04596831818164,-1.05909486983476,-1.119285787675
0.192101319276865,1.76928149857484,0.155010430192663,0.249007101040099,-1.27132850999833,-0.697523150825911,0.498191620020984,0.201450185263119,2.63275145225938,0.239676816359088,0.750089201108489,-1.13940207915869,0.993989730310985
0.000637424446797048,0.670918236130485,0.468851990734589,-1.63428330165426,0.00274528695968629,1.35702041341725,0.719630876900858,0.689144581021599,-0.819224178632632,-1.42246603857037,-0.564337830089513,-0.723346130397216,0.564611877706146
0.933688129004183,0.109176996773281,-0.0453535606878569,1.41384011749255,1.08442103132506,0.969587735442444,2.30645001680563,-0.976543749407873,1.53353141288741,-0.777076795117004,0.0205764665369748,0.829789174371565,0.887359801168628
0.758323389377771,-0.483293862074624,0.310332096705408,0.477891950956588,-0.0407304514337669,-0.47992231191811,0.259805987957752,0.914424729187455,-0.818051834128658,-1.0340095479634,1.65662836921325,0.278176909538273,0.873929689928826
-0.880732168210653,-0.168600980282376,0.868039485645,0.907496009820488,-0.305297255632723,-0.141610693699521,-1.46690199164097,0.0317973838505569,0.658372082166967,-1.41480640011095,-0.2747090823739,-0.375801460531127,0.456983569406625
-0.693966609848723,0.862170312106218,1.51128026152818,-0.140752304583636,-0.236045896434541,-1.13396135666734,-0.759555046824959,-1.60108459639578,0.490369745752563,0.801506915170621,1.93298578951981,-0.794480985006607,0.460127434911771
0.269340651027709,-2.42734078663575,1.60003167606556,2.48692439610851,-0.12052215098533,-0.86846470799907,0.437964901053988,0.319554692548845,-0.415227745321952,0.894020181236938,-0.892778653237821,2.58200531234083,-0.594416225716606
1.42058443637853,-2.61438155104375,-0.286432242156275,0.385426139384739,1.61679224388106,-0.977164407739151,1.60783814579986,-2.97165911628504,1.28946765490411,0.884402655149916,-0.634995811094892,2.72240351709514,-1.6767613660618
0.161586648750653,-0.419346059724219,-0.287686449378373,-0.552465393494087,0.29181579785584,1.03315681750911,1.19406181854254,0.684728074866225,1.1913038880068,0.559155479891754,-1.13599741634574,0.58239741528067,0.30417011766674
0.149431935365028,0.74760776287352,-0.615992826855258,0.212319634347603,-1.24661177036355,-0.667450155196942,-0.820451794409828,-1.68984952521625,0.921616456892455,0.686814001720972,-0.71472395679416,-0.425337201976886,-1.53018269793972
1.06909014084666,-0.439985570686215,-0.558982114269705,0.0103263510229039,0.60326665592303,1.28130582364816,1.41012654742415,-1.37878686516335,-1.4101756739372,0.945873267075988,0.152083117625193,1.13056379978986,-0.802240738503651
-0.110825111724969,-2.03987559848351,-0.580178875549619,-0.500014021598455,1.67161435390503,0.643151476739084,1.82546329848971,0.509737320466117,-1.2625199772611,-0.720483001967989,-0.613458364476196,1.37918900253555,-0.0733965395187512
