"Social Anxiety","Happiness/Self-Esteem","Insomnia/Fatigue","Inattentiveness","Depression","Anxiety","Restlessness","Stress","Autism","Somatic","Impulsivity","Negative Mental Health","Anxiety & ADHD"
-1.14770238491392,1.27353241522984,-0.0608283864926148,-0.607602986563681,0.486100975885886,-1.06148976877329,-0.0885040179026483,0.606315080496319,-1.15487892111715,0.427326187119289,-0.382012194746287,-1.27133900272875,0.037264005582387
0.800925572919786,-0.846877792199735,2.86611892592379,0.442262196627742,2.62504099994627,2.13391010557191,1.94155459432135,2.94063827087426,-0.162528265010604,0.482726405129341,0.141396499096016,2.10968169165741,2.59789982470618
0.676477521159801,0.445136862537636,-0.683810902595441,0.505309320132883,0.653253269580615,-0.692987377575474,-0.661938933274795,-0.341175209781188,0.0876044599576595,-0.136491901034397,-0.052937088773395,-0.0882629433573596,-0.665497253313537
0.817537335809325,-0.921649539504385,0.525393422938287,0.023476731802424,2.19481221667305,3.62633686485376,0.812364362610912,0.951452438160551,-1.24544063421963,-0.72789695481948,1.35628054683775,1.27754087998943,2.11183581128899
-1.02902308390123,1.44935207016351,-1.11826523570759,-0.736238392590964,0.00615796153929645,-0.992205299391395,-0.159697159629584,0.399808068349198,-0.701456986274801,0.120942021797446,1.27336164298852,-1.72255666913636,0.369209703486269
-0.261282188691789,0.416005138847393,1.43842927875228,0.506866523216257,0.802284918781728,1.29027102114768,1.0039382892765,0.885551601707446,-0.143543303331094,3.32119835663502,-0.538319523529195,0.149452677157448,2.02519853837595
-1.39416400852271,0.859180133462256,2.3495446655162,0.524918828667322,-0.334860269702931,-1.11680516804701,0.0638748657547927,0.813898326448003,-1.55163456978163,0.369561190153737,1.10713726548457,-1.08517926184987,1.45834371025292
0.963204384748721,-0.104806266179041,-1.02458412308838,0.213593498232209,-0.0560210876031008,-1.74739279583479,-0.030618606460837,2.82227657938906,1.8528892464535,-0.500183673032349,0.0541647655044095,0.86385740396589,-0.886239545521954
-1.46678245496322,0.949410524003918,2.11708226094839,-0.146632136736641,-0.351231822691654,-0.998497347080338,-2.01917034744224,-0.956536000536426,-1.33229651115463,-1.62728492161362,1.5775437490604,-1.45783651875912,-0.165797621564603
-0.708981488375337,0.849965789673429,-1.24841993964768,-0.267330522548996,0.443232436546617,-0.720475189286934,-1.02763392278012,-1.35831588589058,-0.425873263545085,-1.26628202698351,0.130401371289029,-1.15976005918041,-1.10606596637969
1.8221104503376,-0.579965759220064,1.59702731643821,-0.716107010019322,2.51236406648293,1.02505015395644,-0.535408965150575,1.43780919679576,0.179290585725363,2.39693682395264,1.17055579249214,1.58943234634396,1.23435891640939
-0.139397819379704,0.141573356829017,0.319302159026688,0.887342765155612,-0.662592649482699,1.52422343173296,-0.170552739543493,-0.164390671937334,-0.437342713443029,0.591663844912896,-0.561758863814383,-0.0966811375925294,0.519226750101958
-1.102771375926,0.376809448841369,-1.02437497045918,-0.11098272910094,-1.19083293641471,-0.55947226932111,2.6820059974766,-1.9827766417325,2.06314678210157,-0.895287892614331,1.41058748840328,-1.05596557972825,0.990795450097444
2.34450177965959,1.35837626737221,-0.775123830771602,0.332940797967971,-0.618510907741883,-1.12625535673625,1.14552630120331,-0.807759024507818,-1.0374788416865,-0.795466676991281,1.87941893619592,-0.887833020465079,0.772809925524846
-0.739604031570735,1.22540451638898,-0.740879547727422,1.05401247738684,0.86418528603861,-1.21203149376655,-0.794377691468084,-1.21605921424544,-1.10414189390452,-1.02973257102253,-0.644643844059053,-1.22684505961588,-0.896763359666201
1.20968296731344,1.49806654302049,-0.887981981706225,0.256672570773607,0.041859509128652,0.612491357939806,-0.594987132174738,0.102637320899812,0.0362677678645778,0.720529571698789,0.616119125891252,-0.709989115598347,0.278188305740946
-1.18960511651538,0.945991584143509,-0.669857837628002,0.0857594970636627,-0.812126541696445,-1.18945725527962,-1.24418452975612,-1.14055233814475,0.469658353079297,-1.56009524989077,-0.975466892695397,-1.18243724797156,-1.8261173676138
0.458232811777679,-1.76506387044486,0.567605696614393,1.09524548124121,1.42011622715003,-0.240712178445384,-0.971714619443426,-1.97772000281202,-1.37389467843762,-0.287222964376186,1.44542403553489,0.92942399814934,0.0947427314819912
0.614176121647558,0.995445426691869,0.31841843070379,0.130104426218167,-1.76160376918007,-0.907712386234672,-1.52869539983592,0.387147175078417,-0.0875392118847602,-0.427910745996863,1.44388036271889,-0.878321343900431,-0.317506307579603
0.341742330331979,1.0365557081263,-1.17375651564247,-0.628832472007536,-0.610345581450598,-0.944233533304604,-0.110696969941418,-1.26882763983498,0.165425430730027,-0.689804333825426,0.569049919241916,-1.10911522987545,-0.648352289497015
-0.264985686034006,-0.381015975426031,-0.761354571407567,0.144217429564397,-0.355783450457066,-1.99487813798222,1.98875596798374,-0.134279052148686,-1.14331126022254,-0.0111195757074638,-1.23202052209493,-0.149648550917004,-0.147338543064455
-0.853057240704283,0.133603308641171,-0.807262914149427,-0.369012967513119,3.50406681347048,-2.19786364607996,2.01077072973892,2.52511825289553,-1.50012634006069,0.83671525175571,-0.0841257417443975,0.0721147936152173,1.04534937797092
0.188821776106079,0.128499296977095,0.153956364309461,-0.451086730221832,-0.135908540902509,1.06487084672486,0.462121787148744,-0.619691008100559,-0.998462956543556,-0.451642444051979,3.15073964628827,-0.64020773147341,1.87218507460089
0.827285195559831,-0.0699452720873787,-0.355683767132978,0.743285601395496,0.887556406730449,-0.730172695722554,-0.679293411598119,-1.3707998161557,-0.464116919901735,0.123525898212867,0.703767215312767,0.0316223201317828,-0.278643115433747
-0.258602027478198,1.25483229266016,-0.361448719727356,0.376512109134329,0.646578884752224,0.136268925030078,0.560133260381143,0.114190460278133,-0.338851125141609,0.157916738961049,-0.256231621981057,-0.802770452748329,0.52926189640574
-0.0778370748261339,-0.23601835543146,-1.14582266587697,0.698988577636948,-1.1693737038928,-0.0904278551420783,-0.168081923602002,1.03075691968297,1.32009648555132,-0.440644453133188,0.600363223964302,0.1312809589566,-0.201167639353142
0.0467502701892672,0.0263047570718956,0.133761848341433,0.963584848357123,0.873896529907423,0.455573347777255,2.50623425671666,-2.49811562038441,-0.469025618478098,0.340174553956729,1.69643211334776,-0.428272316598575,2.25558754531235
0.408136301524347,1.04376695267894,0.13290676548793,0.757755340298238,2.9021646017233,0.947854604876874,-1.95881365838737,-1.60051922455253,0.994731518168852,-0.835726172021954,0.415578558039684,-0.0485348723163571,-0.656128499796543
0.105137374445279,0.536820439046077,-1.22104822773287,0.950041118847805,0.129920186278488,-0.80357623038973,0.0744020509198234,-0.650858527300526,1.79929138028878,-1.09659957333557,0.56203340167675,-0.274404615300287,-0.539118813667314
-1.01439227447895,0.862397245102025,-0.917976717978344,-0.559335653034375,-0.280262411131373,-0.436472160353112,-0.536697545492671,-1.25794652611592,-0.215473324768242,1.29604669142848,1.08260577870527,-1.49182096014917,0.267567057155143
-0.29235315668165,-0.0706720243490765,0.261417383612829,-0.420814451660767,-1.4801729223467,0.249183890384339,-0.684851304104241,-1.12621231286842,-1.50544397081715,-0.0194061183609664,-1.4579598887222,-0.487381069380012,-0.877412999584906
2.1439605836026,-0.681668214729801,0.443444510899917,0.768808725954007,3.55849059250498,-0.765950183573612,1.5351551335292,-1.51313573387529,2.41996935202598,1.27715850692666,-0.70970000536283,1.98135066962671,0.00965126733586644
-1.2065231812889,0.876959191651282,0.105834989757829,-1.40363511520424,-0.585025328607207,-0.615057049376185,-0.412998706505142,-0.967923176987214,-0.780864066368931,-0.453068451432663,0.705204130625857,-1.49504202283467,-0.135397068846607
0.802266487131619,-0.669669494585642,3.2816110644854,1.53902261233592,1.17290696949031,1.16972244233241,1.7948273797487,-0.046709850921503,1.35298610233591,1.45479218303086,0.499231066249558,1.55208724102035,2.36162514040608
-0.981967858424246,0.822035111699157,-0.860332360724765,-0.207471518237581,0.163607053016151,-0.660507357419321,-0.35748713185878,-0.986582777306298,1.04481142328388,-0.565667917670445,0.372571268756849,-0.973753830956385,-0.556452334604061
1.91669116561902,-0.838174234322539,0.538528325895923,0.137396529379844,-0.0579812029432572,-2.1920216587311,0.0695384159364373,0.0387494142116435,-0.607152319326985,-0.444456607804269,-1.74313480961389,1.21772559078714,-1.60775965195441
-0.924254709910627,0.76006228141608,-1.22124698040404,0.388449621926892,-0.241037001745343,-0.573183249467827,-1.00598365109586,-0.860084584614474,-0.953348878342882,-0.540473004066748,-0.420290842419449,-1.19400653642201,-0.886142986016606
0.699833501694714,-0.536254390639974,-0.714125394726812,-0.358163752101032,2.76990342051813,1.03585978555054,2.14776715648162,0.52297046605693,0.245940450214988,0.656985531923334,0.903150077373582,0.954372453349142,1.67361581291078
1.10984211861645,0.47403324050007,-0.775981485457341,0.219744699064096,-0.190603541421564,0.3332849287477,0.266833388978707,-1.02656176057158,-0.401508900820057,0.132393172068818,-1.79367024086414,-0.0314007184058332,-0.787436843879977
-1.00742074101845,0.843195539872271,-1.29738443059035,-0.442877065203976,-0.27436369171355,-1.28452379496617,-0.500560100757105,0.139338262840274,0.334942260950377,-0.274274890155712,-0.122580126053304,-1.06972693819231,-0.872997739031955
0.261910192585965,1.10309803738216,-1.31872149373417,-0.607184511422641,0.503365296763251,-0.168511324905589,-1.7144399286246,-0.355384472908335,-1.05257138632341,0.903913341170093,-1.24207977958978,-0.842436940416386,-1.34242740107005
2.75910272962312,-0.760570181697761,0.14392006008869,2.09735713728151,-0.673387258250801,0.804928895145855,-0.721581232000872,-0.0365171415753763,0.732959810843423,0.236277782615894,-0.118038233143334,1.56068479352618,-0.295785611778138
-1.03188088419149,0.727688842561263,-0.0203242861294823,-0.642761319387438,-0.0831802376399669,0.0147167041592527,0.347163038451947,0.2977401288417,-0.779848422208872,-0.262378241181222,0.537634206205865,-0.991374644259191,0.60779099655183
-0.197437057541578,0.971960650765904,-0.221056291630186,1.03960709545064,0.525181114952975,-1.78887598201733,0.740990602426696,-1.84007891045247,-0.246167927607242,-0.563415358602338,-0.209569243480242,-0.939999330364112,-0.20112500241528
2.57627852984373,-0.850278717130653,0.832640464195921,1.62669589897558,-1.09585007235158,2.51401329686495,0.931742495848553,1.06233519029034,-0.740645820425359,0.201839884004727,1.61714142041026,1.34918381298316,2.16037387866705
-0.499074809188677,-0.441088935429521,-0.977075497452176,-0.178468246725722,0.031363268464542,-0.779467666743989,2.03384851308131,1.40250345672238,-1.47924765258636,3.75531713249439,2.43326551837259,-0.5147804904155,2.92900457864763
1.56228629494596,-1.54910114035957,0.0916334591371452,-1.38370714852426,1.54887606678986,1.00585370193736,-0.325188924144231,-1.18391166291887,0.286102559781842,1.31551837052589,-0.5882631091383,1.6419308907623,-0.572765303573333
-1.41232752518464,1.42426822324406,0.589634197043992,0.523972912736532,-0.329133687289329,0.336165191882266,1.98655037864347,1.49016763803058,-0.318274325092142,-0.315458410734436,0.646301572669523,-1.19362896074325,2.06437415832314
2.0395693481447,-0.14801538679679,0.426067273680056,-0.491878532467123,-0.136702523726786,-1.22885781172943,-0.137353936995264,-0.96142348890764,0.780105696576167,-1.66399089208679,0.00284774342086108,0.699290305630081,-1.30731494161234
-0.809925160298459,1.16235998887647,0.352265420691242,0.887062317013806,0.18490965604776,-1.28106557500092,-1.10053401494809,0.801190263174148,-0.155441298312821,-0.581229877004184,0.482723111143595,-0.909732653271733,-0.221193881702014
0.38712882641257,-1.58843764760708,-1.25560016451886,0.249551912854452,1.44692007951192,-1.03360514891379,-0.510716942811916,-1.92488878085453,1.66698653812449,0.42369499142091,-0.29632953704332,1.18994479486677,-1.44816621384353
-0.643088737273609,0.576972781690125,-0.677354678344779,1.41069331491361,1.18544409784968,-0.436906275460415,-0.314783126356694,-1.5986099225415,-0.865332246427874,0.00532651432160516,2.2651291958428,-1.07965187565817,1.03532178313536
-0.939081896400628,0.794363464379624,-1.22580746918559,0.466511200905859,-0.602093662606358,0.403101637629933,0.922881989437728,-0.202370448440247,2.03688802293505,-0.419222571515642,0.695080933973636,-0.773943959885458,0.501769550057327
0.0297255869523131,0.764247501700634,-1.41627949222424,-0.443761569710803,1.22570238152761,1.14881726714964,-1.21833097919602,-2.21809353459804,-1.2546130325042,3.08899631367453,-0.924142486061372,-0.91211362440566,-0.201629422799555
-0.678904042175183,-1.15125993352544,-0.816859827003272,3.10876961561388,0.433607608676466,-1.44328398219384,-0.478389166121038,1.77404426638365,-0.84433427569637,0.903163045710012,1.73708498260842,0.451941706529094,1.00377480805378
-0.82764984825763,0.139533840885552,-0.718157122317493,1.35242090750635,-0.460724607676407,-0.0388501948334233,1.8511172428334,0.120441627355447,1.85964384950362,-0.65457391867893,1.21347501422593,-0.250352967938276,1.23110763113675
1.08811959813442,-1.06747381602505,0.300562509151878,0.105181092106744,2.96748818518894,1.0251835290169,3.17216417862851,0.0385925797331567,-0.808853959169454,1.37553235600784,1.44215974056417,1.26668077944101,2.86945381433883
-1.2865522833236,0.439931200612421,-1.14800984673694,-0.975738288932976,-0.422369784955322,-1.1721493956173,-0.989767089582303,-1.16797656305168,-0.303398814263475,-1.08033833170071,-0.957320149910829,-1.09297916570054,-1.79055492820573
0.680792777125329,-0.574818867512371,0.25000074224501,0.134141837354054,-0.755231074689995,-1.91433377703848,-0.0993647409571269,-1.18054890490485,0.0168654042014186,-1.20789688563803,0.55419480902046,0.172491116100022,-0.873985476677731
-0.605048829556732,1.2414227322229,-1.06228313766475,-0.278328179572914,-0.285617676869938,0.250977270455744,-1.59567785968219,-0.989149314078779,0.922710437043662,-1.12205135469079,0.320317234261739,-1.16859913868725,-1.10324938793867
-0.345474280938682,0.43250163275313,0.105675632984578,-0.274327145124204,1.22107798282278,-0.79349301288872,1.19147750214727,-0.312094177016566,-0.671675960082297,-0.0051745941664455,-1.01507064289881,-0.259578271050596,0.0896590160511414
-0.344074377190273,0.522225216107279,-0.727155017694324,-1.10394200814766,0.86369554672877,0.296216787059677,-0.122503638605261,0.302431571123651,0.303928411289996,0.704231488672916,0.186128385283192,-0.389491660468023,0.0682449247521412
-1.05585138069209,1.30999894336516,-1.14583702499793,-0.109087212604809,0.281547983535052,-1.21416747349723,0.811033790456828,-1.42082228433773,0.456696413703505,-1.39716762557624,-0.838499296666539,-1.32899536588088,-0.798801487238909
-1.35415823755701,-0.640587659535946,0.414820003078031,-0.667605327814698,-0.507568194265334,-0.472250231262203,1.55063688455296,1.42106347705732,-0.728637233766894,1.08578632780077,-0.00354789437048747,-0.0584795077844641,1.16172848268429
-0.843411304223594,0.868063743418523,-0.729434816025887,1.05219652076671,-0.198078742074707,-1.27400016930714,-0.420154018869588,-0.391724585499059,-1.02044347331761,-0.912271187541609,-0.571032268465376,-1.08525587210366,-0.670818289952756
1.63807934146665,-1.73422647597732,0.0406487913810086,-1.24549304947841,2.55076326499319,0.139568545883858,3.60610003688094,1.44829674811892,-0.536191822417775,0.547941689380116,-0.326250009470373,2.14020173963845,1.46736863497129
-0.608440197488896,-0.818176536000475,0.132276361812661,0.239185887580728,2.49377253731457,0.486111832335004,-0.414215915901225,0.626521547534489,1.63708481995297,-0.926949613171328,-0.506944536521442,1.25465169234833,-0.581288285510084
-1.20377368907785,-0.245344811651154,0.305148371245823,0.0144161547408301,-1.36366953850163,-1.07846309411764,0.721278431315821,-1.0262858041241,-1.66820268786852,-0.0329664020661586,-0.639067048978685,-0.812076756756662,0.0181501136272584
1.69264158763162,-0.340656878294657,-0.367962096984447,0.00125713578418405,-0.822223327206309,4.25386897211295,0.865295974735961,-1.19803945197741,-2.05371398707538,-0.964839663367506,3.54102443524088,-0.110978091300945,2.83089400979829
0.227455298607342,0.827471861083233,-0.0519314005081849,-1.76788152549524,1.15685280898883,0.676991303836935,0.940094700416022,0.12132803361973,-0.671644829300478,1.10977048028142,-0.401470378955402,-0.409186720133633,0.658143921171443
0.00422915184970311,0.715581727971407,0.198688090406613,-0.480490712372279,0.152642798037006,-0.951827476109329,0.1117730208567,-1.92484365158328,1.81445250814947,-1.01819079989724,-0.506891404347459,-0.380897876767089,-1.10186254452429
2.22949117351207,-2.12231026968924,1.53256698100341,-0.400709529789279,4.21799752635119,1.14087189758527,1.92601734736569,-0.407544478155446,2.07898527946516,-0.917176393521571,0.145930327079778,3.2817923303493,0.580918355361135
0.779989409605594,-0.596037286118929,0.68142720965064,0.43029172362779,0.561362628939015,0.426165799391693,-0.496922168501496,0.231614505421665,2.09747864352721,0.674259095376258,-0.181949623421457,1.23726074124531,-0.280230517862246
-0.0139505163280091,-0.0161203546469823,-1.18838451420521,0.790401219798444,-0.675455768506651,-0.70126346431214,0.77624250932002,-1.09291556131993,0.93657937973357,-0.528482607862428,-0.301524958123609,-0.197418220180017,-0.451552779249232
0.374858745943468,0.961094017256148,0.304875640761048,-0.235734320835641,0.20610210174124,-1.47142117496336,-1.2184372478492,-0.672972816587691,-1.41354231483566,-0.873813995414058,1.27906851546159,-1.00589631433503,-0.389413795585594
-0.812523346863951,-0.752960708258251,-0.474359623711189,-0.261611468359726,1.06083491965901,-1.19006387567446,0.594554004158306,0.294271791083497,-0.379704640670286,1.35284349326316,-0.507079611239237,0.259586656964923,0.0288485683907095
1.19149428066444,0.0496990401181149,-0.884241882678004,-1.63713680574648,0.0140439081141867,-1.30256799279993,-0.54677487936073,-1.74799172077742,-0.368794867490301,-1.17969955197862,-0.187995179573821,-0.197728702765163,-1.73893875044947
0.384414518535897,0.195842913239545,-0.13473017915574,0.181028002585891,-0.10907837622696,-0.689572841453299,1.36566986709722,-0.281712723832916,-0.675583564078478,0.943977943341077,-0.298145122760049,-0.209861823740708,0.625977086519024
-0.151093287432816,-0.179336406202344,-1.1813197396315,-0.0370705773849981,-0.478641151430716,0.562538534177097,-0.985461681723911,-0.484757275988269,0.107313098608931,-0.769635297175609,-0.358644131337009,-0.109029428535855,-1.00571323866362
-0.63157990774229,0.720563498403217,-0.33723535379161,0.896282734123894,0.646843992956565,-0.153419159220392,0.0229486729431809,-1.25167019559501,1.11271648557136,-1.02458524424591,0.0246061266499423,-0.525905856089204,-0.267562026614149
-1.28592848260045,1.11456580561126,-0.452866418847512,0.179678916195311,-0.548148283093304,-1.51855337818764,-1.11865856580435,0.474955322859457,-0.469780165615779,-0.861888198502782,0.426680973470621,-1.38858245274774,-0.640380005104547
-0.58548966133741,0.460968062047912,0.201996450740305,1.23250600843771,2.00323553084008,0.163847747233424,-0.13692295440651,-1.13481895405775,-0.153670322976964,1.77218414204948,1.51808458536127,-0.487431977159771,1.47009832881138
-1.13972145508133,-0.0390258996673547,-1.07123538315976,-0.0876132098680168,-0.622577952364195,-0.685746965428929,1.04008714540524,-0.263011684038585,-0.276052883725963,-1.18857336274652,2.11050453681145,-0.939776336148539,0.883009949090753
1.83144114877054,0.681533562674947,-0.0802218532598382,-0.594518690162582,0.564775070464278,-0.138067740048131,1.07142201963465,-2.49969999123017,0.785149117234412,-1.23469727276709,-0.266775236110534,0.0168687535043282,-0.531689080992521
-0.427475152184713,-0.712012106681209,-0.82705106172369,-0.312668964573347,1.13136656715979,0.185909236299148,0.0493043960695766,-0.468534174347472,-0.554741480116325,-0.312711992933723,1.74479325859503,0.0181556574909842,0.598605317820379
1.06904210437151,-0.602427913492492,-1.1112406276474,-0.63158709888974,0.375914655322053,0.366430185116647,0.300435821745476,-0.952604976930379,1.20347288340163,-1.18790455623816,-1.48291827347186,0.921559305194271,-1.51839894769252
0.247858009616016,0.785853972649722,2.57730811250267,1.61187509781469,0.260436409874163,2.18286356687467,0.413292563411286,-0.169703983592627,-1.89952253209456,0.899128951690468,1.44250962189837,-0.386209979823155,2.84942425969223
-0.197876633289933,0.904787959575773,-1.19306893283107,-0.725359441401602,-0.000598806167843481,-0.714949844952244,-1.66091721075954,-0.856721689900928,-1.15193382081067,-1.30124415680957,-1.76517064654183,-0.923670958271796,-2.26402897864292
0.109094927112404,-0.24787760773469,0.214536308083556,0.812169247585101,-0.650455784106474,-0.196118761394475,1.6774494416239,1.29768291816449,0.437021945493741,0.682385867384357,0.575582491295788,0.317387108206671,1.38204071032092
-0.170387113651151,-0.140673702598063,0.0396324704228082,0.871349454184611,2.6929753544161,-0.541337185100729,2.25573338063108,2.94290264775147,-0.341026496557667,-1.72901647840827,-0.50359231434416,0.994011126529641,0.936704604683673
-1.15687914308608,0.233822341784082,1.11075204484956,0.635099587233926,2.12595760786507,-1.99306346404408,-0.781080864528597,-0.106127492122495,-0.668784689911228,-1.08367889661024,0.357191094095509,-0.257511870129851,-0.37462180311907
1.71912908403421,-0.290685664512266,2.8582958700758,0.36537476996377,0.858656132980887,-1.25191612667858,0.211287029493763,-0.274177464786582,1.16421455651993,0.178779786173939,-1.09546005942254,1.45532155212075,-0.492096668111864
-0.0635894797700596,-0.0823090934002049,-0.608049957890087,0.321463910829804,0.0861235978325119,-0.349584229320289,-0.306943397623514,1.83126543105093,0.000816593688713606,-0.985656741776018,-0.0468420726929923,0.271432364099209,-0.381412936400243
-0.288960842794044,0.832734846914152,0.285844550590947,-0.0622245304353934,1.49227560961722,0.624919961406823,-1.4684968743719,-0.57171203820698,-1.57224494124934,-0.670249527083094,0.0716059380084428,-0.644000046537953,-0.246063307941462
0.897863338093246,1.50258191890001,0.0218346149418395,-0.79691602591161,-0.268282594430456,-1.31166247154107,-2.17763073482086,-0.220897879023517,-1.04971768914061,1.91325729890741,-0.789404256950936,-1.01054160514874,-1.2505028975434
1.12438989563963,-1.81536867540125,2.57578776430215,0.958704799985557,0.258552346093033,0.00819486861485431,1.77711945002099,-0.0703149309477735,0.113594176878845,-0.517054628151049,-0.404353702949803,2.0141292647509,0.844194106682667
0.958984318754986,1.01863212149,1.80399276680988,-0.937376435354211,0.00696972346599746,1.40067117696325,1.88332919619485,-1.76459536651701,2.72680978170684,-0.47480386621438,-0.573625896707421,0.188457756954528,0.575480028730923
1.45652129431223,0.268869363067168,0.837268334545299,1.32062329851779,3.3965182889743,1.3499368163099,-0.468254019619816,1.9794242900064,-0.732949676404783,-0.836097121340486,0.040915643032462,1.29457455187601,0.676992072120305
-0.0484224307722386,-0.377501288478547,0.65526442480405,-0.519153549126235,0.394797049254223,-1.92755816862082,-0.672154767353975,0.768457000991818,0.414352380333338,-0.67246774382123,1.84917791712042,0.178490387376279,-0.181211914825603
-0.147795420345172,-0.422098459838321,-0.0515758539512612,2.38648715231638,-0.362308206702972,-0.295677237914938,0.228142441533744,0.84480702366223,-0.421109636541669,-1.45049205916742,0.0211399956997807,0.375156170183377,0.204340647988758
0.59953137186137,-0.6626606267669,0.193635697782452,1.41905505243782,0.0190948173814543,0.763510456385715,-0.365210114538557,0.518983295509202,3.12390033574683,1.22331902027409,1.47352856249877,1.13100065124557,0.712040003879645
-1.43174811274821,1.23935757378749,-1.19346111236769,-0.334718011997226,-0.0719153243361199,-0.493088770707338,1.31444613330924,-1.40228294307249,-0.086910295112524,-0.95659339583993,0.661685206315667,-1.7300981537018,0.494228249474479
-0.141698878264139,0.760596439210291,-0.613144138589425,0.184805581897883,-0.195600824097072,0.769754809414176,0.330903293019715,0.418284465913478,-1.16733295977766,-1.0727236318295,-0.061025542426413,-0.671392522428097,0.343803740336098
-0.47554559228778,0.310210740249665,0.300195258848795,-0.235776614715736,0.70130908578091,-0.397060103319088,-0.738851258807617,-1.20618973979952,1.37436015410428,-0.85975364151856,1.29312876008763,-0.330859027594381,-0.285697770633442
-1.34483861885478,1.4140098331622,-0.245534218667342,1.54067474581977,-0.931593240655866,-0.121470362273601,-1.04645614509274,0.604653667402907,-1.8031878550765,-1.07841847493245,0.487513291070467,-1.67088681182784,0.301204007404264
-1.04842763483592,0.464912899380726,-0.737691213333544,1.51274196475388,-0.234501700226929,0.112147304630586,0.179630842130896,0.312980275414313,0.294699360280215,0.903054811654848,2.86135054767505,-0.969122006416191,1.93204641170716
0.778315370748624,-0.257939957172689,1.27390436646913,0.302187598470737,-0.0765633602718159,1.52686461261955,-0.617641642201881,-1.85031976718706,0.847605988395796,2.99949467741076,-0.520469482721397,0.515417914465595,0.467791529422983
-0.266946344471912,-0.955754240896768,-1.00923342228444,3.6134991523805,3.70211411993917,1.30886219958487,1.27350847277131,2.13201403712475,1.22437409731309,-0.120569964459087,0.27143455227008,1.7857044864897,1.61581141794094
0.838366857332224,-0.420642026820392,0.0687731353058815,-0.59787869299282,0.783780922830094,-0.0635910831158594,-0.496399964311331,-1.32712708981429,0.522153336990585,1.80044654075287,-1.6690542475845,0.687875917505012,-1.02682671993152
-0.971741641199199,-0.487903411602039,0.462706402461751,1.20268603857341,-0.614628478168408,0.95213208733331,0.0738704560706617,-0.850245115684017,-1.66752447356667,3.18276917990735,3.13344300875647,-0.810743755383108,2.98540247471318
0.989075557884564,0.69679930890926,-1.05258419221085,1.72528279982002,-0.197795840632027,0.619559181858291,1.08414366037319,-1.58337913109854,-1.15541230693853,1.47951400231282,2.48382902718742,-0.945870630836169,2.27562634522799
0.180174523485501,0.788978250461714,-0.708059727990931,0.75361304266388,0.369693627498897,0.899042716694526,0.242169226641856,-0.277918822569504,0.102448959566618,-1.09110655842051,1.69547036895458,-0.588660653720339,0.934970620030795
2.1585433492949,-2.26985408645771,1.78012294155196,0.574597268717686,-0.152047527225679,0.248819219001539,1.51258075824946,-0.101430634951257,2.30627331988252,1.27797049808481,0.0996856360022444,2.69450708085342,0.680155335554482
-0.77223788728432,1.14959816095894,-1.22545694262611,-0.165658301968737,0.23568317625149,-0.171356191100914,-0.904509683919034,-0.339785437512965,-0.20063601192204,-1.05079277519391,-0.13426428923896,-1.14827931214883,-0.820374090785851
1.5329006757893,0.618341047918569,-0.007135513868496,1.31871943112707,1.37638233269177,0.481372031325591,1.08038777095207,0.872234402766684,-0.398735403640958,-0.356966880657434,1.30909524227512,0.321391145378193,1.51747293396762
0.382416472050691,0.0427250979474413,-1.17015139184877,1.58221571665886,-0.525700355999222,-0.488144795035817,-0.700139101199782,-0.915554627877957,3.0255798561208,-0.965435447582564,-0.198387582119898,0.343006739201949,-1.35962360625903
-0.710504079582899,0.727790212844083,-1.24144683716536,-0.205563724968337,0.307793995510321,-0.567937323345146,-0.503643424167937,-0.89806484636789,0.650115430322428,-0.573866691346369,0.717695242736545,-0.942663821207988,-0.495092760838384
-0.787488364695578,0.424905904317879,-0.898627142904417,0.0458263977882881,0.0482524043858629,0.952072204215592,0.350636772796732,-0.731582163213956,-1.39306130968317,-0.164809979778993,0.187930243887704,-0.9168268675593,0.608144493183968
-0.958598035905399,0.911362159622272,0.38998097852624,-0.199935657855031,0.388902588587205,-0.921905681650319,-0.568289167247665,-1.24267846962463,-0.391515318864795,-0.606200578328532,-0.49472361189713,-1.00720650507166,-0.681729691581694
-0.198814408087606,-0.335714731464685,-0.626119639492639,-0.376760211047695,0.344759960471238,0.554515881319675,-0.304367381832103,0.152540454114049,-0.824470509676287,1.41709223233897,1.59404889438029,-0.221172206833203,1.00691822260632
1.41198462423179,-1.56393492037034,1.75602857526942,0.745624336623783,2.07638813186327,-0.203962767859938,0.836836558619547,-2.63687591004836,-0.0988246482823006,0.736218703840785,-0.68775132592911,1.7026454620968,0.127385870745346
0.706718206877741,0.0941734822176725,0.456565918757968,1.08939544003235,0.26338809659588,2.19850921203039,-0.00279847224641365,-1.48807663721414,0.550500303789177,-1.06874857398411,0.470181419084074,0.305782965868877,0.56406476026367
-0.72853879259603,-1.00600980160146,-0.71862957401366,-0.655831584502484,0.930190281271479,-1.20813848822985,-0.749680410207103,0.122390551262006,0.107553630403496,-1.17040109196862,-0.277681860533644,0.469871948313177,-1.40367428251163
-1.6680066744773,-3.09873672374947,2.61672636200826,1.05766374980224,2.66235925997328,0.272985904890721,2.08876878162214,3.78782444587939,-0.506774071713931,-1.62164136871555,0.0548932593774705,2.81085350897465,1.77671823483746
1.84814471164412,0.0157680172002692,-0.745815819291773,-0.552824104235032,1.14741757504705,-0.695062383682152,0.969808091558941,-0.159241197477249,2.83710992895696,0.852725505920378,-0.440666923815952,1.069650126808,-0.578744731610207
-0.920590223217478,-2.50588057208071,-0.285800792915764,1.00891135505308,-0.188841847657024,3.09449822339812,1.34748243346299,-1.21466202591304,-0.186005933506701,0.2996283020918,-0.297131979035389,1.32449978404163,1.25205943518847
2.66175910272068,0.853958112917464,-1.21144347555394,2.56670911988181,0.576314708641637,0.0455486959537638,-0.623569151529109,0.524654282844717,-0.994417335550346,-0.42078614297758,-1.42399922729563,0.502100989470663,-0.790053788743567
-1.15379044753414,-0.380789361832357,-1.12146680069173,0.3031740734827,0.298419711722637,-0.182352504793937,3.26513215519548,-1.69402343464115,0.321491474075555,0.900856584442712,0.0127119636295607,-0.420731774013387,1.48479712063057
-0.272141856687624,-0.446505803774533,2.32092652984665,-0.542122272791273,-0.633948162503958,-1.35551965978666,0.143052551064312,0.331918386714957,-0.526456859210087,0.280313174165537,-1.3287071781748,0.395080941434079,-0.427867152705704
-0.798559358105811,-0.257417742610188,-0.885216118961959,0.789378124554152,-0.135739451526509,-0.741368105742633,-1.28622459501403,-0.183753061315665,-0.0303354379679239,0.00101733652239525,0.477885281419335,-0.31445454637814,-0.620078198211162
-1.23550358018147,1.24011678637885,-0.809600730687079,-0.0642605859997705,-0.104397236817511,-1.13333843167043,0.507391764801313,-0.853614409535577,-0.297726337483954,-0.763437690437939,1.16688590578034,-1.67823345241069,0.378985088416437
0.625269082760245,-0.339565406164617,0.60813867618648,2.56895177405848,1.03290609929225,0.600446814855508,2.55420874722283,1.21017656855315,0.83051779524609,1.04281661204695,-0.174247235991283,1.15659754050706,2.10062050453299
0.53533373093128,-0.59459820226783,2.11740405281776,1.21628500758254,1.88946479467878,-0.83488630561649,-0.458941821243057,-0.413812249683883,-0.0761405211136109,3.57516241819717,0.803950191178505,0.854697762331194,1.28913827011552
-0.798141964575404,0.104666059128788,0.114822898379021,0.0968465816899129,-0.355906374871149,0.941500470141777,-1.56146079869807,0.713621494863117,0.377615696782165,0.496002155757774,0.974651768921884,-0.277119105384526,0.21277909420344
0.035661905258426,-0.514543637582286,1.92076724224873,-0.131437572563718,1.03451500800067,0.564055098864444,-0.00807720369112329,0.281767939315978,-0.0693840044745903,0.182627462956815,0.999224793741568,0.667713111320687,1.00821884535682
-1.44728969053328,-1.27656826563038,1.96420991869717,0.635988991813228,1.87638437490974,0.557606944386688,-0.136646428129684,0.553883735626147,-0.178683066039321,-0.78355575736341,1.45805645086329,0.866197821042837,1.21054395126409
-0.104737789102319,-0.0762327656958682,3.03876950563754,-0.141256647084568,0.529379135980416,-1.2997172699553,-0.9967189811953,-1.51844082928788,-1.49413406466094,3.32475976028304,-0.276305416430765,-0.142903687943878,0.477971988582483
-0.235580656279854,1.57174380823398,1.25011174281995,2.37671370947605,2.52641893930868,-0.424194741101341,1.64159746299582,0.60152431687089,-0.655157841283219,-0.973365691945634,-0.98493817485458,-0.259133790174846,1.19000383130285
-1.32536729822815,0.470172238400105,1.65729043082583,-0.112157018954872,-1.64068468932595,-0.0643127568917012,-0.23197635390125,-1.41493031059597,0.383698316246138,0.127078956422361,-0.185754845723992,-0.916541197480821,0.0811522526442133
-1.26492246304861,0.760756152080497,2.4535035065011,0.0932466213458391,-0.807543378054107,-0.996043136313481,1.31931399888445,-2.56132337801473,2.4107509887794,-1.46959082757602,1.23071951747307,-0.864884057802274,0.67496018705931
-0.440244023339968,1.04027225794611,-0.590654645936391,0.343313770599343,-0.0582519565092373,0.40225038115922,-0.00145315281067416,-0.49292381259312,-0.125615352983007,-0.59829735513642,-0.822285165932888,-0.809453295543497,-0.291862496903185
-0.774906605819083,0.952584995381183,-0.804402744253952,-0.71916776049592,-0.724339441757693,-0.179255807643898,0.200790688404206,-0.811761594283088,-1.85212752718772,-1.02930850538477,1.07603858807893,-1.65914045641409,0.394096059238669
0.246687361156302,1.36136895439533,0.0927805465587169,-0.26080632321204,-0.589626240851415,-0.725786897440248,-1.08905172604435,-0.0946227140239303,1.06275763941002,0.563374730601887,0.0369800926297991,-0.801925891426559,-0.645731272612015
-0.469260799123371,-0.0157264593117307,0.949151991670884,-0.190637623944219,0.780770249967137,-1.1241015853843,-1.42428015033091,-2.32895644898793,-1.83479770611524,-1.06469748606241,-0.752683755558048,-0.488024844734353,-1.34862155906167
1.24351832557961,-2.30461261355905,0.193995422501613,0.935446189005358,2.43144588618346,3.37017241698413,-2.17690708271217,1.84930821886819,-0.993482123479498,0.466542333192179,-2.09866212730332,2.91871151697673,-0.795473095222786
1.42905158748626,-0.140233959246408,-0.32473497385014,0.833607139960024,0.721953134948348,1.88876296696299,0.679162328451414,-0.688259101761957,1.1468670753144,0.239438072045289,0.0169326006395225,0.864486240806468,0.612750482415971
-0.329615476872697,0.116757916293448,0.298723486528233,1.1671188354605,-1.26204702589404,-1.16532049138727,0.535326015540554,0.628711859589359,1.13559307978084,-0.30025881671729,0.012766514498203,-0.0650670504590379,0.0412627100836488
1.48870315716401,-2.33722108993107,-0.145165334690583,0.232535601300215,2.05025060735285,0.890438673619934,2.12382551124583,0.58685170630824,0.217241247138106,-0.690054095652178,0.87991674645875,2.38251654841004,1.13815383367704
0.335412585217378,1.46685041748679,-0.309555696090502,-0.615017110477638,1.08886139094883,-1.51672680941702,0.807367838109641,-0.687819714226896,0.629654273490046,-0.142109870466969,0.00492070051298382,-0.816508805418079,-0.192650413619059
-0.519641810674695,0.819461191020743,-1.2954791978283,-0.742088910461633,-0.349672956941483,-0.461724790895402,-1.17649436939075,-1.02696884325804,-0.235662832848721,-1.16963093184124,0.574836992696934,-1.20958095432034,-1.02702969861238
1.33667431974982,-1.76393552278086,1.7835508292662,1.37308831771802,1.25065915011547,0.940855099288596,2.08567123481233,2.19553731619469,0.0808337291770913,1.7684556156378,-0.0599805345154824,2.40802899542518,2.14410450013559
-0.469819477668025,1.32134523639015,0.554352209711338,-0.362569736542142,0.999561819255453,0.202011968584617,2.70848315702192,-1.58746775279187,-1.77332047101236,0.751691734476787,-0.142399791261205,-1.29423429123084,1.93493338972279
0.261401558521978,-0.32554724978004,1.7180415330112,2.32137438344923,-1.3899863251054,-0.131119942615645,2.96219494372994,1.95653314675614,0.477040329256572,0.44732994277224,0.986955094882421,0.630740856156594,2.7379959849872
-1.18949231058575,0.0432545990787422,0.816520719553877,-0.0686436501767499,2.22165231055208,1.63469597469817,0.445470974973733,2.52172591847579,0.317784681317347,0.482343943062812,0.0557519844384992,0.558609355016449,1.41839441332658
-0.791190557661919,0.539509335315345,0.287696502793379,-1.0120246180478,-0.309839499638547,0.550250488792446,0.452501215079908,-0.630498161020775,-0.880105994821719,-1.4471686532333,0.905803449764321,-0.947573825139509,0.541455177390424
1.9133252318272,-0.460546798241101,1.31693621604801,1.37519634218533,0.0103495066979012,0.858672712997212,0.502208386337237,1.48248466147279,-0.494376496524891,-1.44199782277755,-0.828603914605404,1.48424559876843,0.209686398771586
0.235488313723109,1.09588472994849,-0.281540764644198,1.16405474609817,0.0123007794373133,0.575286649194208,-0.35780093327053,-2.11835117959084,0.378122165877262,-0.697597752492159,1.57829206214906,-0.99027086921144,0.538397997853456
0.240028925292606,1.30619456522971,-0.397932226363719,0.245092730723333,-0.990147307169029,-0.0467802913905352,-0.330155240355237,-0.697396601170082,-0.68356228645815,0.748623703015991,1.14281116722765,-1.34733535343055,0.637542035886106
-0.639825398609694,0.829979334215318,-1.25873878935062,0.579895875981451,-0.129941486321705,-0.92548387089807,-1.11403598341079,-0.455610956558369,1.09220367788537,-0.73364877434618,1.22019405561823,-0.960253190646507,-0.600417605572701
2.08168124499144,1.53617530625388,2.20248900045524,0.100715334228201,0.164865434688737,-0.857786300356477,-2.22294301059619,0.441275270107101,0.545056469760473,-0.225401184786444,0.640996375252586,-0.00295981542361633,-0.710848513055923
0.21924265407793,-0.336084387588625,-0.150308992045029,1.77219141845287,2.28057016054834,1.17757925151297,0.856664754477817,0.29350799753854,-1.23424999424159,3.34082031453472,-0.839876996448093,0.668591459855233,1.695554458549
-0.281372249062821,-1.08028951497369,-1.15405792775246,0.0106956132038978,-1.87036690604538,-1.1537275297175,-1.12815063215996,-0.885689920883325,0.343252930085886,-1.1958263272307,-0.969653974145424,0.171793806619822,-2.16833782304535
0.667692558653034,-0.561839518904384,0.283293516764778,2.21167727798815,2.18511405149954,0.621477652736377,0.473349024832663,0.388548134500607,-0.561769684145653,0.141090420412373,-1.64776040941528,1.30850417208792,0.197296442015047
0.0824896354965258,1.39133472049468,0.390995614955105,1.64203443028051,0.427887763303501,-1.38550876181041,-0.958218282297009,-0.984071929658312,2.48055981698672,-0.846210650676262,-0.460475515418695,-0.388094990281257,-1.17428802610475
1.22231820657235,-0.114464115710841,1.03379287244908,2.77379334141591,-0.447179459047398,-0.701125539004727,1.32002221947106,1.13331217794292,2.69683511386184,4.01735370999667,-0.729961736244337,1.22087524061273,1.32694057218878
-0.767397801531052,0.305564535172906,-0.736630311330892,-1.331571925823,0.0186253967433261,0.329783292942961,1.72757461357181,-0.340352566750461,-1.14033310041182,0.200045206743316,0.443689227710349,-0.882136193824285,1.08043148267626
1.13228381062377,1.45084834428294,0.197617400590648,0.0337955700303874,0.246388168995026,-0.147469210355369,1.2677651403467,-0.358228866175967,0.00933456827805989,-0.431757966487889,2.15731214199498,-0.833711128271159,1.54207999364865
-0.890963581495791,0.943525016907643,0.135036387995254,-0.300079760398372,1.30539292423784,-0.590819596545163,-0.50586422396384,-0.235840875328121,-1.72690609742994,-1.06785258679782,-0.488955037624928,-0.932968921813267,-0.398746696810791
-1.43744506497303,-2.08538281105713,0.290092724511292,-0.444695089439757,0.669386849159945,-0.612182507375203,1.03294170214487,0.472216298290077,-0.930238134032842,-0.621950257575164,2.04376571428171,0.631722894908118,1.17815362080962
-0.727981355514082,-0.0526408928783584,1.47788793428412,1.41874720255458,0.996533536626681,-0.248754407689021,-0.639214256601078,-2.38340381554013,0.0754138512131352,-1.09983756632669,1.58291222232631,-0.293966044601318,0.47145833181353
-0.529076267684233,1.19439411244268,-0.798303108021767,1.16860125584525,0.857520398731765,0.343262309362736,-0.0242530257828207,1.49266567636473,1.23623683929877,2.46083691325702,1.27422755986498,-0.618717443269038,1.54275366531974
0.966271268599872,1.11082414694444,-0.651725067324547,-0.101320817697023,0.459827274730016,-0.950523143787593,0.278099975473697,0.348808269013901,-0.74481617941744,-0.934682445150728,-0.815137339965792,-0.413693928408957,-0.666088782224086
0.97883799402493,-1.22101363901711,-0.532570655186008,-1.57087250171301,-0.305421524383208,2.50495222915924,0.6105244047961,0.609284212091919,-0.924324574941298,0.68348470157071,-0.659744283234168,1.04216977322788,0.387295341392348
0.833356780301163,-0.941010574273366,3.03111465993356,1.95780384705605,1.13425590167883,1.99365699779575,-0.401019096666631,0.744302011795032,1.21368271315252,1.09731473022618,0.0541889066490934,1.93238261900291,1.31032101218611
0.468483201017017,-0.999354855140435,0.18329364433786,-0.0565612395254387,2.15661271812576,0.00266811644750036,0.65850190088941,0.825836709635027,0.994902891079327,-0.603565502451666,0.880028763228452,1.34766174335117,0.422899043251242
-0.0799217025891239,0.999340534628725,-0.86961901592158,0.33065802248394,-0.29302245510285,-1.46755385138204,-0.332728419204308,-0.902285924319192,-1.22987355836162,-0.0497423666654973,0.161165216430236,-1.24649692669592,-0.399147970056465
1.13205576570576,-1.99904474432997,1.90547872143037,1.3463122933506,0.729264032486628,-1.31749686447392,0.24432189531156,2.42123354249357,1.41202773821553,1.20292626446644,-0.311942872651069,2.58087666721385,0.161750518946446
-1.23938046856348,0.367436881167908,-0.238953306671027,-0.31191788998506,1.16323061216365,1.86565577560617,-0.0421350927276628,-0.399286877081481,1.14428387688437,2.33114219750106,2.12837587739431,-0.586281488948708,1.96003355281238
-1.23723572062137,0.899389984664003,-1.24015758796401,-0.746449928198618,0.509806075932636,-0.934231300295799,-1.13518842562286,-1.30732119911376,-0.186428935939159,-1.30002961679879,-0.462930607098948,-1.26207747527841,-1.53885295551813
-0.78235106628698,1.6516790233136,0.184672869773833,0.741283923095205,0.245031851921255,0.565352788533173,0.413081302569808,0.291435527672142,-0.195243802432664,1.09931457026241,0.657687563897881,-1.27061075372171,1.49357769095781
2.07327674460042,-1.70409084958848,-0.0104793406398973,2.7605044086621,1.30163087905332,1.41302007808994,-0.375510602391299,-1.65289139950176,0.201559946980549,0.780759977936681,0.0680332044380131,1.9660020812715,0.284297797994798
0.653403709208427,-2.35865623320408,1.42337057439039,0.145328950464242,1.40695235969495,1.25900400348733,3.03112502065254,-1.04580004526755,0.185857846478565,0.367000706990696,1.16977334513292,1.92761806768103,2.27760443195532
0.678702505974743,1.25557442654974,-1.1584668623032,-0.341510125840337,-0.601650078198062,0.17606278440992,-1.74012982067062,-0.896468747739248,-0.656623330573749,0.863962524282085,-0.713407653536349,-1.01465123077335,-1.13319841600801
2.66310278237777,-2.18719394074098,2.41472558145413,1.95211196176673,2.18873157118145,-1.2014431149827,2.54582683803772,0.152776643912137,1.80343711876844,-1.52791479774964,0.304477150092578,3.26518809014848,0.709407446423259
-1.30501087639824,0.778792042145333,0.332137573962764,0.982184642415679,0.581425677461295,-0.17709001926044,-0.382905449098195,0.136192534879267,0.272859677233536,-0.473789475927374,0.698011715495512,-0.74059295568802,0.467788478670046
-0.838305730500824,1.43078941347444,-0.502875235585465,0.262177626362283,-0.484144914179842,0.590057665328395,-0.406345882745648,0.579034135225389,-1.82404711727829,0.974693344279221,1.35166046751208,-1.69204496095378,1.3812741067162
0.870891085946731,-1.29838863290222,-0.954666924585604,1.60214483702613,3.75220868307907,-0.859934928968144,1.6989348857924,1.66086926159447,-0.177648381605272,0.250461795438635,0.69327633896849,1.7605512403235,1.11803374810458
-0.898208040200085,1.26893441641164,1.12032473900301,-1.08552762088845,-0.325444769376904,-0.951023878862578,-0.0343854858080971,-0.438147034981207,-1.01114745138779,-0.534244230842224,2.95906873012081,-1.73634932162784,1.33276262217928
-0.299495273000524,-1.48237627425396,-0.807442211415024,-0.309707026076212,-1.25524595906064,0.361853239974213,-0.370013268985066,0.807270389474301,-0.583194227778029,1.99213051037071,2.08073267336962,0.243905529611071,1.07684931091142
-1.19196411110646,-0.0408643199567977,-1.1179750355656,-0.221059179907921,-0.501793961695056,1.96190159036989,2.46198223050197,0.312004291583426,-1.72727012107498,0.497012691765333,1.4991484077228,-0.906733733262143,2.71709055675966
2.78908552410105,0.0652253589263601,-0.995358836330566,-2.26583916463975,0.91680852576843,3.17211425178749,-0.973953205171193,-1.4479599573921,-1.6311641917751,1.04057334481196,0.375968257113104,0.366433485962886,0.036466149400183
-1.12974916412073,-0.90847496561678,0.192726530111731,-0.000129790020074787,0.144579569740164,-0.178244164389492,-0.720885404233839,0.657638059366066,-0.50406020439822,-1.30429750109027,1.53061309537437,0.11210122313721,0.167016131203269
2.09157144161773,0.25549750472639,-0.53943567881578,0.471377156460899,-1.7818625671927,0.133819933386218,0.267950927185763,-0.289236694985532,-0.912588986755761,-0.738161670566274,0.751823950808856,-0.0947933214668492,0.137243096702116
-0.479942716529697,-0.893197093520981,-1.08514585404876,-0.732940029788089,-1.32361193385915,-0.995992742072698,-1.53136152396446,-0.532945185481015,0.337750825156642,-0.369389162762709,-1.59640719437448,0.160919231769094,-2.41948718722874
2.25698943417321,-0.372850002653355,-0.658482306173126,-0.896470562218669,0.464620560607299,-1.29213223331556,-0.706483431525916,0.227606651826694,0.274317158404633,-0.124643084285183,1.21628562768811,0.733335538404919,-0.808860516099052
-0.554136980780771,1.06310765590299,-0.995201597801798,-1.45360434495043,-0.597289695047357,-0.577351263363276,-1.16897013343832,-0.172033146266265,-0.285304430861942,-1.27659748094585,-1.87032527835787,-0.988479503276995,-2.13206845225127
0.336404608259023,0.646767718589118,-0.672508040682006,-2.68258901644405,0.363085328792774,-0.175788285854393,-1.75029118045982,-0.148984148039663,-0.201261582360468,-1.41426997571111,-0.166111546588939,-0.494811516206082,-1.86482140389347
-0.200905089005944,0.316702055419033,-0.837415083846763,-1.36255075690021,0.338357568159696,0.286578625677562,-1.21526220521721,1.90827511243417,-1.36032947434957,-0.577697770989689,-1.53082639768727,-0.105771444178666,-1.27695944630646
-1.1501651206767,1.02464393114169,-1.12399909868698,-1.36308353333073,-0.644665623889703,-1.04016095945532,-1.14222041055601,-1.03861225103575,-0.352957361717677,-1.33676371968701,-0.759009731100442,-1.48040807062966,-1.78595585752274
0.184183220750549,-1.33255048946874,-1.33369925784895,-0.738065077332693,0.968684051463804,2.51972802279826,-1.81196506690786,-1.07302773519446,-1.60340354776914,-1.00104553156955,0.000229527294251741,0.624579539722172,-0.86386531701012
-0.0925993661635876,-0.590223634683718,-0.329097308411381,-0.142425838519296,-0.200954713072636,-1.27097440283516,-1.47147959577472,-0.332339777830307,2.4284743854585,0.747453923399212,-1.80290495114683,0.75080019507215,-2.29117696916993
-0.0311629908867649,-1.04136208481895,0.274272353490458,1.21417818388844,-0.148978118352516,-0.345329533245388,0.0667586488816493,-0.115780347488222,-1.50953223624896,0.717104364832199,-0.537970957992264,0.501010388127767,0.201681455701837
-0.755971231986369,0.173073409162933,0.196324569130507,-0.057090273082409,-0.300799466325492,1.4445031278313,0.219999864996643,0.433969026734943,-1.72882343929761,2.24368656407556,0.0991111328804637,-0.587840862821893,1.53949427552794
3.38229033547207,-2.91728735001895,0.653312749539091,0.696490911530917,3.45942007726166,-0.304844495265567,0.239248679500318,-0.600826896282168,-1.23772503893638,-0.133682994100924,0.367068323684381,3.26805137202771,-0.149011805343834
0.476885398567348,-1.48191544795152,-0.837726640947328,-0.60909375779958,-0.0318520014176591,-0.0365394892851004,0.473163166049187,0.281173555291737,0.604304849799848,1.17811734335686,-0.995687627823265,1.18957442431495,-0.549867418561422
0.0103855126023185,-1.91522517630346,-1.43067967695298,-0.509305658199216,-0.0736072563444106,-0.899106816027444,-1.49014436583633,1.87526671884997,1.52316796527641,-0.330459316984576,0.120363293385985,1.47156801776092,-1.69790082282701
2.87241214977082,-1.40098841394967,0.457735049286859,0.427800647411909,-0.517008071267908,-0.784062649632163,-0.382185788976578,-0.81756088714201,-1.05484721721509,0.7934703204353,-1.88217111332114,1.68110728186249,-1.39396621599937
0.151090928174259,1.05021285148686,-0.7057844540789,-1.55608551905719,-1.05545578386033,-1.1318918926166,0.35740325531656,-0.0272374692405195,-0.59874368305414,-1.06228591470277,-1.46772506579611,-0.924668867782512,-1.3054494964925
0.395887850149359,-1.35830474937915,2.85299845966257,-1.37564866960983,-0.183519837444922,2.40511423183007,0.924300693417305,-1.06104482644052,-1.84374050557938,4.33190845889775,3.04910251801479,0.400417048279211,3.7941818878742
1.2886163929702,-2.22041585618229,0.784300660247848,0.895980497991655,-1.1395708457642,-0.858257279515586,2.68185266176303,0.809472641375941,-0.596907114381507,0.652425793036415,0.215441330886809,1.71521208413689,1.3111791035637
1.17261812104735,-1.01619200250143,-0.18750231133233,2.34742832132452,0.372554984165802,0.764605431619306,-0.651924733827552,0.393043946610751,2.32264847108644,-0.00276621683521508,-0.0135456999890196,1.6843070431166,-0.304364495901561
-0.49263254154732,-1.10625376135087,-0.175439430928034,0.232373456001929,-0.977844349257933,0.699623801296543,-0.288870181359549,0.465287585692697,-0.403031505265099,1.22788968001216,-0.312930656025978,0.434748020910669,0.191302311276214
-0.64964355029586,0.0849962070201904,0.233622629642284,-0.358621098228679,-1.18609893601977,0.581778543137044,-0.0867788654167327,-1.4936570882461,0.530821622607565,1.35914181651586,0.118838842149221,-0.596220729789477,0.295571377250594
0.0780027331907938,1.02070022134072,-1.26429206396404,-0.328264850496047,-0.324332298371651,-0.70763669218955,-0.0268708437061217,-0.966888737261242,-0.501640784192499,-0.40086762297102,-0.143612945926508,-1.09469124886722,-0.585468337110041
0.914371181191041,0.554857666566115,-1.31034203619705,-1.05715912111055,-0.563857491646223,0.872600626253801,1.0832805534714,-0.491397985636589,-1.38287469297369,0.315998186477654,-0.00894107586250756,-0.63492672905786,0.508400717757835
-0.820718404846317,0.547616772384336,0.194139540322232,0.0276796994428249,-0.8278564206055,-0.632822716571243,0.139625426581267,-1.12560383744254,-1.46155606198108,0.171288579597201,-1.09437814962979,-1.02467800278739,-0.273623088663123
2.50818254763007,0.603175149291139,-1.04015753078011,-0.000890491839734716,0.0156797646301585,0.148553578880296,0.75329668134488,0.344023562399896,-1.88968283580015,-0.433232052178601,0.140828080863787,0.0226691504612645,0.27190914473851
-0.906158589797521,0.22561597203213,0.338867232478913,-1.20860173548793,-0.43931227534769,0.150893307254664,0.909635284164594,-1.3574837698686,-0.136343850508773,0.534024543538412,-0.08895782804004,-0.745432976387655,0.432220127049746
-0.723169264125256,0.857233199668528,0.117822931161251,-1.66942189071535,2.34869990529541,0.13904435572487,0.289862480664884,1.37437889527085,0.764582271215469,0.278509293151013,0.866061027846116,-0.263046705709063,0.687844292064069
0.372884555637236,-0.249234391765855,-1.03276006942263,0.452914753251113,0.507503433331884,-0.584183209357998,-0.29367740615378,0.0324990725644421,-0.85927939075267,-0.956197328757031,-0.777157113624913,0.21625819917097,-0.943637263930477
0.994825657404313,0.684616019937576,1.87011127096507,0.870545701234686,-0.465302044792797,1.69088334207919,0.509986201045981,0.975018081505899,0.198642855922149,-0.868387719313948,-0.549124535774048,0.459893012514977,0.830667577812624
1.29037460219755,-0.280664768384482,-0.12324391820863,-0.572712556616895,-1.106043493505,-0.0448147954468621,0.455626982963345,0.564552341286816,1.34752172488603,-0.0412259903057425,0.0956283329403964,0.647453502977709,-0.261326118774243
-0.504518313058153,0.706164219965748,-0.759133752078477,-0.0896269915255609,-0.597545061656504,0.662162231528404,-0.646155541527571,-0.908173514776595,0.395145292275612,-0.651381064796894,-1.3141043181433,-0.644034860694935,-1.06391588197858
-0.328020283567383,0.02769687372323,-0.0597703269567663,-0.14552638326422,0.838130286596985,0.18891529259024,-0.18124020455749,1.12169594160425,1.3208031025413,1.39858898816283,-0.443655869563299,0.409181346558444,0.0549468734362561
2.03779590612883,-2.48362799026651,2.33910229968996,-0.431661179681444,-1.71406483680366,0.128780843826008,3.24944553468846,2.80448099076438,1.97527883728647,0.638263468426339,2.56576101420645,2.6086923638496,2.67207236937097
-0.984686085482693,-0.0417612484233759,0.465295156672259,-0.440597629101992,-0.746921095511472,1.73647904360102,-0.323142083166747,-1.21180636432714,-1.46777026838322,-0.605931668298225,-0.385569238120967,-0.616857422296603,0.20279250533373
-0.727667116197618,-0.0793623743552398,-0.97114371953268,-2.23137153133654,-0.988607098620551,-0.42417615216469,0.201980375490914,1.01699437625582,-0.0607742855060578,0.224619608685031,0.284278333996252,-0.522951620558134,-0.277286577443482
-0.823095195368725,0.414720853773076,-0.676934407241372,-1.53180554328689,-0.144401638098893,-0.786774969569471,-1.19351621609787,-0.451094693172808,-1.07116122823858,-0.411828170665145,-1.67782834724069,-0.783150767113857,-1.81363225059416
-0.802525065012547,0.688742282677106,-0.836158184522049,-0.471877387176328,-0.370431397624021,-0.639017218637405,-0.387255020726747,0.361011769232845,0.680411828552704,-0.852153101577491,0.109674650029174,-0.75053104615736,-0.661420315068621
-0.166600815207463,-0.631772024599625,0.390920245710711,-1.72947440360037,-0.814982157797818,-0.626502244052615,0.256546458383838,0.317470769863331,-0.930460469229478,1.35328978217454,-0.54522116381161,0.051505600569547,-0.133974940945303
0.294439108178553,0.749103469079649,-0.899761698772783,0.613387072869421,-1.35199961431008,-0.873202040503252,-0.0568162728381598,1.87942340669395,-0.585331219872535,-0.279176997794306,0.166309225628896,-0.572565287682003,-0.0298537945914261
-0.496881294252646,-0.503183741633169,0.292405865411714,-0.693090152067213,-0.349949520614073,0.20387542177885,0.215848843036576,0.766826618023781,0.315322709121294,-1.15016596294664,-0.0547926072937098,0.321882294803747,-0.197254822047565
-0.118724061971583,1.27326169658725,1.35767496616115,-0.902794791496112,-0.228759527013253,-0.903051332584147,0.251817002093497,0.826963475145248,0.990900967760333,-0.352923537139556,-0.725977563911761,-0.442172347704611,-0.31579340519691
-0.0669749379672199,0.199092011934814,-1.11015491071072,-1.3899160979219,-0.96614944851173,2.39663198723323,-1.69476405880628,0.440575835659753,-0.0188506125045559,1.11282068204894,-0.39661840995457,-0.299150831970648,-0.489058828437496
-0.648897586105776,-0.0729138425365883,0.20886394448106,2.17958695205029,-1.07098656241814,1.94512047392079,1.34924521498318,0.609529616387757,-0.0844414143420621,1.768033060766,-0.803608481635346,0.0723154729906371,1.81546978148117
-0.871730082785259,-0.693219259579167,-1.1346499854391,-0.164077339205119,-0.443370868035335,0.262612154113479,0.197059659855039,1.47209638618183,-0.23270322516623,-1.24207209249071,0.811093625919704,0.0708230227081683,0.163793529352547
0.0419908126431643,-0.413046970299993,3.23167550842794,1.34003456872251,0.694997849827366,0.495729980529178,-1.92623380294669,0.808356267841593,-1.45540430012675,0.528982037033168,0.150840823739219,0.740419287896748,0.530218519539442
-1.22905176666331,0.75811796142956,-1.28793491863036,-0.70467200612137,0.660540082694477,-0.883053861966937,-1.01615548716527,-1.14117861928089,0.0813917931726947,0.907160498667362,-1.20076729725616,-1.04479254560431,-1.30860233987665
-0.381951651903679,0.346050510848973,-1.22060068310151,-0.646500965803389,-0.791961800253495,0.234999550973147,-0.240246105967511,-1.27340773313809,-0.699821177457559,1.01404221781392,0.900356128608149,-1.09537714437777,0.280684904808207
0.600474456956092,-0.31700514996691,1.52426905040623,0.578329345375422,0.804968615160893,2.23302602967724,2.75873636340101,0.164353226309067,-0.395942564387662,2.49597189708668,1.57094472929343,0.568209133140391,3.69869154586147
0.169683249712015,-0.224574877269085,0.421297029324336,-0.780704853906473,-1.41298471869212,0.367612845069328,1.24056938435435,0.55111908518077,0.346291610490328,0.544436252153743,1.78303141555382,-0.115343086065889,1.49727473255058
-0.763925422395092,-0.137848910149163,-0.673271262764805,-1.99669148460898,0.0407101329880498,-1.46115105627116,-1.13789934070444,0.601628417223737,-0.0972586011890068,-0.716210857348065,-2.24559301518911,-0.0516010803978397,-2.50591456182845
0.0421194867440803,0.120054361741353,0.323889579007352,-0.449462559326943,0.163657073747835,-0.365650707983635,-0.318543183681682,0.52769822427915,1.78868576019889,-1.08661960582519,-0.21839453084158,0.385540287383728,-0.833405483015999
1.74995070911231,-2.77954992475082,-0.144659161290523,0.0191956883039017,-1.24655326173074,0.582714055618225,-0.655965833785344,3.69175561574612,0.242534751247113,-1.28482264968925,-1.64602514344128,2.97972403660774,-1.54189061060009
1.20730546363604,1.17412881599327,0.193885545013592,0.141517131031439,-1.40681003137746,-0.0773968526645496,-1.05533481194092,-0.259224696429962,1.40454055232806,-0.780437440567453,-1.77376899697391,-0.126839281667901,-1.73716337356373
0.499130954538733,0.475373641430342,-1.17654619319024,-0.21755404934887,-0.77767647322183,-0.93553538651353,-1.72567811191052,-0.628012523500909,0.0938473018459818,0.546899737234318,0.168751617861211,-0.607879893788511,-1.27935759250641
-0.636180258601439,0.775685832684295,-1.3929878303418,-1.85155896561317,-0.822709058238953,-0.741689730959458,-0.95269573682226,-0.83134956805025,-0.11629714499378,0.309015122657366,-1.88846335830461,-1.06266863917243,-1.98193314376708
-0.504006291830842,-1.54371164015502,-0.420794901085409,-1.01721788806998,-1.13607430126067,-1.10226836193712,2.44222855972486,-0.0844639259861829,0.318182312219234,-0.657414867478503,-1.17228253800187,0.680890874383648,-0.321298912339601
-0.360541105489052,-0.241905534472676,-0.0313040613993634,0.0893143596994611,-0.870931928630603,0.535722112861224,0.414379190189374,0.345615027918851,0.147068907172547,-0.0317985715135019,-1.46923513379616,0.202497709207447,-0.316654668679217
1.12580019848572,-1.87899462583956,-0.301861582915909,-0.653760458243607,1.07721398653851,-0.0383644097075611,0.836962652609381,0.245630230115557,1.96746105704061,-0.679821362768845,0.199041853465131,2.01120422193713,-0.480985826689261
-0.526740853612261,0.381588849156565,1.43243705076039,1.08840308264682,0.0442070926263015,1.84278500127288,0.774408006871726,0.945390436961678,1.46025421092214,1.16419932385649,-0.366803686813439,0.345289533071162,1.4949757859103
-0.779228863723325,1.28701273229524,-0.175151186002773,0.83860784761939,-0.232797057661047,-0.440839237928072,0.203304161735683,1.75560733874945,-1.28557565158701,0.84828180984823,-2.26953440195405,-0.789827347616635,-0.0882729312674218
1.08854730157576,0.645023205632324,0.522676765342585,-0.684363365264034,0.88125079606876,1.06206349238145,3.20811414893113,1.33963098624499,1.60643033310757,-0.266857340514028,0.544637212760846,0.565744618924612,1.9364526800047
-0.573252889012064,0.797425916555316,-0.812400183491303,-1.0534385073995,-0.746272233808586,-1.08576840411389,-0.586874519353304,0.105835169721275,0.204735191521039,-0.727079404014778,-0.432888721826492,-0.916781137818561,-1.18319781354749
-1.13413471479027,1.24371328081699,-1.0989166088574,0.595431553177926,-0.823919591010092,-1.52627229132846,-0.773981413423033,-0.359113309458453,0.152708930330626,-0.615144228804923,-0.198120545495272,-1.46860567895556,-0.938936275553666
-1.05801002547236,-1.04557582994843,2.6311480370062,-0.952630643576128,-0.435259344886273,-0.255781963611616,-0.272302886748143,-1.469492254813,-0.387704738651291,0.0931880639391075,-0.959706668855317,0.362121840251767,-0.403686649119576
-0.858354402801879,0.632375971849182,0.485737358591159,0.428474925103286,-0.296886293134984,0.430128262031592,0.557009163256612,0.732992700053967,-0.883626246083411,0.367997979586748,0.62693075349981,-0.742708725739102,1.33255673541686
0.476022914530765,0.807862972168029,-0.0116765825788697,-2.16948131685902,-0.706509245491392,-0.798007475832986,-1.39802407075224,1.1010285788773,-0.663345604658807,-1.60034843288401,0.600234299109397,-0.643470502429072,-1.17637695708602
-1.00462766537887,0.950971963602294,-1.22275849694965,-0.879297387370762,-0.994863261981469,0.489832714296902,0.283365788230195,-0.12651106517154,-0.525749354633973,-1.3319593990512,-1.56889009427516,-1.12012374342305,-0.868121926555846
0.0670248427488316,-0.371933310931578,-0.823581816344818,-0.744325599248369,-1.19121866537534,-0.652314355546991,0.11113908311602,-0.963317611667933,-0.300226561541758,1.52071380428936,0.1808634071172,-0.380179773713767,-0.138772246874425
-1.62540246351109,-1.38122961901592,0.33304952730853,-1.13591576255273,0.422358893720361,0.525560715244905,-0.217744646310703,1.39420926626366,-0.529096156988409,-0.355588614035071,0.432322910943904,0.518377044490493,0.251283584833626
-0.481844645083509,0.999377282887717,-0.964136724887425,-0.732025787617822,-0.84408346065059,-1.07157274222125,-0.157981766376707,-0.873543610497755,2.72270074057818,-0.68263192829277,-2.35783191221295,-0.509416862856772,-2.26608622724418
0.903174430153883,-0.2003616787611,-0.342841925223594,-0.211009884524416,0.502571747299855,3.13426550324859,0.0116204339934287,0.227712502387127,0.263335855457072,-0.148079876215055,0.105153533983302,0.702281664120894,0.665249039526318
0.670881773558007,0.0388607761705497,0.457729053281037,-0.375934662999817,0.168046223143125,1.187273070384,-0.561816746245567,1.83272369744558,-0.853277590718916,0.822191273432014,1.24451907832944,0.261115498741486,1.09312347881311
0.455961031820242,-1.98156707096307,0.984394762487591,0.6829319928953,3.54614003947416,0.672300830366522,0.40731849278574,0.401285582534296,0.0105899056905234,-1.56657252242216,-0.204414878120861,2.33054375036508,0.0739316419732188
-0.524060769977598,0.30834759140098,0.436765957407352,-0.803900763346127,-0.552630589784249,1.17697791203543,0.430220505681589,-0.0123912526016922,1.41250793695663,1.19671460533877,2.25207517098823,-0.473009087585943,1.66766756955694
1.10113600057049,-1.09044983517221,1.71181019265398,-0.130855537681124,1.83037820230203,-0.660462933058319,2.10612562344464,1.1789105336181,-0.828170776454919,-1.16327690927002,-1.71583972954851,1.80632856843547,0.135951996183721
-0.380180957353081,-0.299164532367591,-1.10068066746025,-0.429124964069778,-0.29706284009077,2.68181399333766,-0.748987140304207,1.00923596998401,1.37607704852257,-1.01217471397424,-0.114047132602456,0.446064808349836,-0.309262590910672
2.36595602219427,-0.565670370084903,2.45281216724181,1.38108229948807,-1.88093355101486,1.24881611704417,-0.201681433507214,2.26825443564266,3.34253148400463,-0.814733743089168,-0.333819229781402,2.21108716831192,-0.0594784763565855
-0.385950746710156,-0.851846069021862,0.248979396081092,-1.27215166915564,-0.399359718948271,-1.76552653118738,0.0116104077912888,0.853774321453727,0.188317248525729,0.0441106381197795,0.100056745076473,0.346101246383491,-0.647318759418224
-0.10440971041284,1.25628851486827,-0.274579464285965,0.818204336824035,-0.33987520825235,0.399934552801374,0.137781448503666,1.29517282443351,-0.49975032336534,1.61498241728817,0.544995181145769,-0.866119723496577,1.29823157193983
0.17050147707754,1.01483209072627,-0.139616022687959,-1.06882760324736,0.00442164250157088,0.0565525494916377,-0.226641336970771,-1.01415323894692,-0.185202824462094,0.22812208624657,-0.881145946821665,-0.742439534129378,-0.613737767770304
-0.121577530869355,-1.44097711889059,0.395833732016292,0.151197918955761,-0.107286993499841,0.0519506576297151,-0.992162409574662,-0.226609612952291,-1.12799178045252,-1.25646140033025,-0.644943096341759,0.829739088603893,-1.01222819901807
-0.12548049930152,-1.57992757539755,2.38770601596751,-0.538573456582359,-0.390865488707168,-0.919141540414173,-0.444920470879215,0.580699938887196,0.0367165476410788,0.304327791870392,0.610591874615344,1.11560636056293,0.0753370761988613
1.02718045680694,0.946479466991243,1.73413180936375,0.0777442253345362,-0.639745422654962,1.55694106333586,-1.74810107856307,-0.382856598098695,1.32945514779902,-1.06968369232111,0.112783432598604,0.105209960825603,-0.522740378708421
-0.232719881194236,0.354880851418805,-0.416444385197314,-0.0308144655328738,-0.370359000439425,-0.358165923553203,0.403219368812091,0.720730376093111,-0.858038093772232,0.360535832932793,0.829490280487557,-0.591341694281707,0.740320373804871
-1.2558321778974,0.974380801874771,1.28546119571233,-0.596256955210084,-1.9884107653635,-0.727639899486947,0.164163073562604,-0.368030180938415,-0.508645095063003,1.47757386214342,0.473317945656367,-1.5096990772968,0.844771091612964
-0.835752942957149,0.931235752876284,1.50212311631104,0.775087381375946,0.139860054502607,-1.98989401219849,0.193449464107835,0.374791344526143,-0.460392440698224,0.263879096399253,1.47062034815598,-0.950810428055281,1.04356440549337
-0.876583963597439,0.925665463238629,0.0856898908035953,1.91986989601046,-0.0775840269027298,1.14696916505518,-1.86864116281373,-1.0530467710367,-0.904752936854712,-0.0534912069331578,-1.00178357826834,-0.859652625262606,-0.439980230593346
0.551128833131026,-1.40576965354675,1.1287336082419,0.682115567143851,0.0854813549961523,1.15827874055112,0.337057496524002,0.607588827707513,1.1114022691472,-1.62528010065961,4.87727675288434,1.02032624602854,2.29076935389821
-0.171149521897966,0.45932806342229,1.39366602437291,2.09975379040209,-1.39154631846767,0.0587272212819604,1.44623840828506,-2.53898208032556,0.789779839479475,-0.769134220859745,0.284128322269515,-0.529407504565837,0.978254261933508
-0.869396988351931,0.734065812875026,-0.467614706074439,0.238211461028941,-1.39122512065912,-1.39897096629408,-0.00512971548578565,-0.684870595717684,0.176235773475704,-1.138251942435,-0.0746863696232554,-1.12983114460311,-0.696395778317633
-1.25678413956812,0.817135584398617,-1.20691630951518,-2.69502686515855,-0.171050436880739,-0.767827633448747,-0.791664983983562,-1.07002500851289,-1.35731438107101,-1.52234956907201,-0.766943973697297,-1.53813755620387,-1.69257891995338
0.0341455025890636,0.557709330228076,0.213855238297159,1.23189892885522,-0.298078319550148,-0.556310894311469,0.346608613227216,1.2177943996022,0.147916911637052,1.40429262929315,-1.24364611540286,-0.0065221953798944,0.221202434330631
-0.0183091798637421,0.995228503972133,0.799112696130433,1.2395498183297,-0.69439891471933,0.731253806290017,-0.201323862011039,-0.401645265011911,-0.128786479840749,0.00565068112466472,-1.43475843271063,-0.431855840503652,-0.0639696485485978
-0.311539296308523,0.698975980736771,-0.729864176358296,-0.778764735079153,-0.745156900882158,-1.43314943389988,0.333300535814236,1.9295572503064,-0.534187375308463,0.706674544613924,-0.764525269419677,-0.618888318977945,-0.311960891938562
-1.29870592175819,1.15238058785016,-1.13224895655868,-1.84014656634242,-0.317667136940129,-1.09067438305679,0.910431127241568,-0.759397346596949,-1.44883820875083,-1.27633508811582,0.399062865748638,-1.87767123461306,-0.0956028659348785
-1.23463536359408,0.525011198525182,-1.24725376601222,-1.26097473923579,-1.30248004681185,-1.11940050358996,-0.542624617924818,-0.943131812546624,-1.52100233471262,-1.35455626709736,0.132676104984808,-1.60228030791746,-1.01943976851778
-0.386101618512874,0.934626894237692,-1.07087396149185,-0.638901892564938,-0.978920402197081,-1.21518771081718,0.188647191196133,-0.833048496238388,-0.0218185432597356,-1.38146343116581,-0.616672153968815,-1.12891763706533,-1.12990288611545
-0.745589282175792,1.29076306740479,-1.01105468383529,-1.45369074694682,-0.294481983353259,-0.0734032240806707,-0.967447845685028,0.598911396062992,-1.33099870649883,0.952097796166735,-0.319454210848275,-1.44426501512086,-0.350739108711116
1.16850343857357,1.01831579496377,-0.290741178611305,-1.33777267165786,-0.241995901562357,-0.204392240146068,-1.353847582704,0.057156312752709,-0.254567919757024,-1.14825535352142,0.150668833482928,-0.47226872669602,-1.19227406976995
-0.10797246458656,-1.08600082648188,-1.29981143571942,-1.33647680247814,-1.37644428621885,0.785395842497751,-1.0985969252078,-0.711123438263675,0.690941604221765,3.00372513619009,1.45875861039263,-0.0262686696235234,0.197168132804364
-0.610198572124908,0.881558052536225,-1.23128890881264,-1.92046690694356,0.0829017735830557,-0.911536952341032,0.164852195309759,-0.911812408728192,0.119297398277566,0.544481862451399,0.977848015050727,-1.32293301872119,-0.103176290200188
-0.740932897334952,-0.0142766204009302,-0.514796444326622,-1.45035439126239,-0.0807870058022892,-0.223783674460724,-1.63011678359255,-0.484060247684781,-1.0125778703272,0.670027934635934,-1.36405706694547,-0.481375976877537,-1.50090353031028
0.560024675763862,1.05348818853607,-1.15386003012974,1.30963740411106,-1.22719245935329,-1.03477794681355,-0.377680046679654,-0.931321204036688,0.494484304367621,-1.21401884235942,0.507803114064997,-0.914393233148674,-0.667125793459919
0.19899155847062,-0.599974577451985,-0.0830036654372584,-2.63881205750489,-0.757392083388597,-1.15545648024408,-1.62421076473714,0.145575255563725,1.33291728860352,-1.24803862140769,-2.05056281148835,0.629491049209856,-3.17076834032275
-1.26141973883278,-0.751934846584271,-1.064411493099,-2.2839668538536,-1.32137432519062,0.0532187102745337,2.20363934618006,2.32677740664979,-0.339024997110635,0.329037694358395,-1.94683162290636,0.138444053078974,-0.0344595446546134
-0.448437323359202,1.04787130856623,-0.989119720442723,-0.696012606788661,-0.277825187288181,-0.493136739970989,-0.914782055454994,-0.593583370368132,-1.91129356735496,-1.0516526999975,-0.874533057420182,-1.30838560716861,-1.14312270294369
-0.78063596456749,1.20878842774112,0.221597417515046,-0.759161666536479,-0.98346831267979,-0.223930497933605,-0.462923611453932,-1.3915667344439,-0.887058194266182,-1.65363148970274,-0.705042329992816,-1.4208431589374,-0.884798857927998
-0.768577564069359,1.14863322190994,-0.857752615069729,0.0585176994186659,-0.761673671345058,-0.0314398590156899,0.767411209915846,-1.17396410792516,-1.71700740764722,-0.569034053074727,-0.237852784778909,-1.6115539138329,0.328531024084112
0.528436977768124,-0.932052923218753,-0.314669937199112,-0.632009235180406,-1.41843049638137,-0.72945193717839,-0.170284336741911,0.0438242906979904,0.0500397220585604,0.0608678091887065,-1.64107872318447,0.638025576676512,-1.44635964270188
-0.26153601071298,1.21444838910393,-0.480901183879712,2.36022975973667,2.78235954657947,2.5188049803973,0.782609170666376,-0.793228801032131,-1.27877379481164,0.0263488051509155,-0.0860765239730151,-0.483748531214312,1.81307839905896
2.37232451835111,-2.18285820357174,0.160726492019727,-1.48025229447889,-0.671770888367983,-1.42483237045638,0.176036921448788,0.698058070622446,-1.66824308615717,0.0532270001390781,0.577875386753638,1.63085593428356,-0.574223529117791
-0.587496144232987,0.226324231263323,0.160212230826748,-0.0394419648221312,-0.647309439116022,2.0935111185649,0.470996597399114,-0.505964002359591,0.457101226466612,-0.0178014132342649,-0.00258219579783687,-0.28565357438327,0.801375839779154
-0.0767540935350288,0.029432516614611,-0.276880190381691,0.0588299797101256,-0.506591476515334,-0.237158143422908,-1.39255941122548,0.378715835831852,0.0167811595205186,-1.19988348677095,1.54184498583521,-0.28206941706262,-0.356856054209767
0.823420551625425,0.894967484685137,-1.27819597454356,0.0113278972526623,-0.808241867097141,-1.7204524957856,-0.60825374798461,-1.26655781292991,-0.250844600074352,0.280618538141438,-0.218901655951634,-0.916684925250226,-1.16433423126474
-1.01545272216176,0.0279594575572566,-0.199497158060367,-0.381462249015158,-1.00177388659241,-0.412427105270409,-0.0425307631117609,-0.159430789327467,-1.58832167777455,-0.542710455000711,-0.13073572625271,-0.825865132284976,-0.125462189630246
-1.07590897717049,1.14647995779841,-0.972875025992015,-0.66967187678306,-0.397228490379796,-1.2860959382163,-0.231843818335525,0.0979958972248322,-0.431818418010227,-0.157959382698548,1.01738234667428,-1.56369763014606,-0.0161356964894208
-0.0916684236557626,-1.16307811977473,0.223346681580748,-1.5106401776625,0.236298721004431,1.19247796890038,-0.665618455378483,-0.108994709269272,0.0134085284336328,-1.1033786938292,-0.678435659674311,0.874231320243519,-0.950537128415939
0.621904209935295,-0.501255000171469,1.49916144794222,-0.288350330531766,1.70316604237413,2.34474871608581,0.548527048773256,-0.573610284813109,1.35206833634422,0.992761464653835,1.85190842990292,0.976479475787796,1.91059664337672
-0.48622760018985,-1.14682396592676,1.23620720108876,-1.53180525604367,0.0389872214402843,-0.205340007767966,-0.544245776113146,2.37364301082709,0.063211289512773,-0.600323769284412,0.393372017956114,0.959801573625916,-0.190742397316217
-1.02574179806911,0.261371757635711,-0.486250426851111,-0.784930322277652,0.439780302307469,-1.03057879799867,0.664690709991881,-0.527900901216208,0.0507451472461719,0.966095768346536,-0.676294816414896,-0.596815288203359,-0.161161856262011
-0.391236303105604,-2.09753250660487,1.0219142240546,-0.506186025538643,2.16606905186557,2.20649485162524,-0.0247069749246506,2.34254905401267,0.501997626611041,-1.22095594381527,-0.5151149176419,2.33618230236701,0.19312502908915
-1.2708658962402,0.391246483298391,1.1405351725429,0.820303714994313,-1.49904725665685,-0.21630892709877,2.26907291803166,0.0349279212492309,1.75959460758771,0.22943613435243,-2.25005815259444,-0.134238684419533,0.35888800741042
-0.31328874523483,-1.16446795590145,0.848644662327015,-0.665321723653605,-0.928300278775765,-0.29010128201621,-0.130276325432012,-0.628759405229938,0.0605287095333877,-0.830451189769645,0.180167933817988,0.461788986931628,-0.453959399882162
0.833423094122285,1.33658249559226,-1.08520959433869,-0.280705227911862,-0.84253015697242,-1.2810887010778,1.14862747731325,0.0302019603828326,-1.13711279579834,0.81496697688248,1.58439851682594,-1.3739181319955,1.08487322044588
-0.782928132832447,1.2006040860716,-1.17001048648052,-2.02326210788539,-0.396374825320852,-0.15195811524531,-0.890250094125228,-1.07915039754806,-0.745037030294288,-1.40573311838332,-0.63838637142905,-1.5099488539063,-1.45563074619951
-0.925792569606033,1.07343519274152,-0.945409473322442,1.47910078532006,-0.970724332109405,-0.144741970533478,0.10069925316281,-0.526774967416829,0.158500582383302,-1.19417109501491,-0.885589801879882,-1.07589128236096,-0.4507903617716
0.242475448904153,-2.29660386837837,0.576035123380566,-0.401513946027901,1.42923579280034,0.164535113477893,-1.14739787242649,3.16493068845695,-0.0579287053592397,-0.589883027857374,-1.1093191215207,2.45276831107845,-1.08675636549664
-0.0999662807075718,-0.934277779389954,0.0451126824587183,0.155462561802938,0.867196943278036,-0.952538486451776,0.857717179315601,2.35263466845817,-1.39925156735833,0.479088547775327,1.62071952314298,0.552477570185631,1.40520051859132
-1.28749604270516,-0.80013022008536,1.84200376657907,1.02656660681224,0.114882248615471,-0.757522602677122,-1.0639271233296,0.449006913751733,0.240431133660774,-0.473057612337562,-0.259638590981162,0.517818756196164,-0.366135883008119
-0.814354170552012,1.05337759847531,0.00807102014715835,-2.36060587988684,-0.348432533940677,-0.752005299287367,-1.15305235950918,-1.1208948026235,-0.825067617387297,-1.16855256406365,-1.05853326858842,-1.30100208696413,-1.72418545734761
-0.522764102246353,0.38254114861893,-1.35008914448882,0.21979705893179,-0.213733700069522,-0.693299600791741,-0.270476880081643,-1.76061795269075,-0.0750664716682796,0.879234806754848,-1.65075310160153,-0.721150976476975,-1.154957248419
0.924533088318814,-1.30300134322916,0.0107007437497119,1.14678815740203,1.24292101670032,0.274006977427244,2.10056540850673,-1.41044287657066,0.770460442172992,1.10745019608427,-0.130092541094354,1.32339796804603,1.01725418272722
-0.1901578385025,0.249478079917411,-1.02780933626098,-2.00689063651782,0.493422870404149,0.663899995407724,-0.264389788255835,-1.32326397336526,2.02368656296726,-0.197940030301162,-1.46758047931821,-0.0055958758285628,-1.58371965742261
0.295847651775985,0.275197713836805,-0.86040757695845,-0.208609347370755,-1.20343357121149,1.86746033067105,0.137858753713867,-0.343912606858892,1.27618966973181,-0.512532446472201,-0.317713776865473,-0.0656152225586109,-0.146218586708085
-0.481953924573593,-1.65534037763449,-0.0801505417009195,-0.295194443351718,-0.74153634613408,-0.945687882893283,-1.65653238448034,0.158714655595391,1.39851473558236,0.808587271921545,-2.09050109078843,1.20179922729541,-2.30343284637921
-0.403549249583199,0.407688586444661,0.246333158133039,-0.920726880793771,-0.728934126569583,1.26477551241618,0.535526995402663,-1.6591041409367,0.719355559940415,-0.870225947492213,-1.71058565560081,-0.325922356366994,-0.680535768455474
0.179740688185087,0.152876593268385,0.207292522808572,-0.193042455780483,0.143675116178315,0.785749137926484,-0.815959617208595,0.658506732570577,0.253927669498707,0.124023947896813,-0.0251659852495458,0.181533039259316,-0.119281572589284
-0.331844129434218,0.142011869544253,0.125139647204264,-0.0738525058356627,-0.891043684575707,1.01279331314071,-0.396375093211726,1.0292515199807,0.78695070577528,-0.586709121094916,-0.732885610093085,0.125386090394467,-0.354411853871294
-0.835860735180351,0.643685836755732,0.278592653710449,-0.286548216146323,-1.14580130352535,-1.35849404799249,-0.227819399466563,-1.07389584194128,-0.481908531616234,-1.06373044622536,-0.123627698451507,-1.11872183988408,-0.695769800752
-1.21419435578207,0.623346904428128,-1.04110492485196,-0.0692752742259151,-0.998419818304463,-0.801496497678846,-0.744748403106619,-1.54916181955259,-0.344878800904447,-1.09299664562445,-1.32497827055077,-1.20574089758443,-1.58729616397916
-0.00133122362494254,1.58836467757308,-1.17083857512197,0.349557157481194,-1.23238966581322,0.437540062848995,0.566373624903004,0.375238248091723,0.686541527366951,-1.17577053720539,-0.663179407390665,-1.02565615371196,-0.232118013771388
0.189973102685328,0.638108748422714,-0.410390005931505,-0.4809544224944,-0.239017292094014,0.171748048742278,-0.542519521827237,0.507240419088552,-0.730177749501347,1.54590130168282,0.68977612928642,-0.639380107452331,0.519396094024979
0.180711768318608,1.29602435748819,-0.760402066680916,-0.303301056054492,-0.0955361399627234,0.626989102908587,0.591951315711779,0.605200488260691,-0.526127265909655,-0.996539824666858,2.3494423522454,-1.13732269838183,1.38934014147048
-0.720207780273023,-0.303605519813668,-1.2390513121654,-0.768749733435283,-1.08907884478869,-1.37571179194608,-0.792163034257175,-1.22074849086012,-0.623694567779767,0.967703711711133,-0.0510633905382646,-0.798508114239471,-0.983736219860179
0.908721399547002,-0.306805047226777,-0.33463850727131,0.828376010760978,-0.0588770295489006,-1.58106349064633,-0.0774090242533017,-1.27277069275541,1.38131318851511,3.73702704175157,-1.92275777368389,0.565118588578823,-0.867693920246784
-0.858202354030114,0.547524650645735,1.52891107495643,-0.25738185783095,0.114842846607892,0.111037591238361,-1.20431242670302,-1.45904976276187,-1.72346800756637,0.241508030037739,-0.578905495770986,-0.851690403808029,-0.219091376897046
0.649209636065769,0.137107890506415,0.521710168510198,-0.237669400462172,-0.544797815462115,-0.935708264645321,0.489359233886677,0.353585406860583,1.35835286738236,0.0498740472676357,-1.19552639844006,0.451184890678832,-0.738403114630451
-0.127236657325785,-0.865066083843509,0.364510970699204,0.762223480169888,0.0842325075956757,0.421750497796548,1.43935940040514,-0.530099594746509,0.134494101724922,-0.891445040799625,1.90800839070628,0.36706064186446,1.50770672163186
1.16639801335964,-0.964663744484579,-1.07346499018562,0.5008836596494,-0.348323049890596,2.16719494302353,0.0933138600202203,0.222110973133762,-0.991298575917447,1.93969034235524,-0.923363923181361,0.893316975956815,0.468592143502427
-0.511706358738998,0.238331577889156,0.904616176013572,-0.913352942945456,0.056976164720791,-0.318889706776414,0.468967666316315,-0.71256192903748,-0.968615139636487,3.44560795219288,0.898052373080903,-0.749104811511249,1.55966723984511
0.829041584348906,-1.7463674333961,3.08627199792119,2.93982050293444,0.620452572276444,2.28371338416965,1.28408714305219,1.16203207731283,-0.602289605822624,0.898601734575955,1.54866017963373,2.02051646312181,3.22261171230181
1.0018768518441,0.698398806782558,-0.87922738116554,-1.42586291061315,-1.79917777800388,2.68187091361214,1.23518869837385,-0.96011763927171,-0.0669027618383724,-0.803895413577864,-0.444037912479072,-0.518946039709047,0.365451958152194
0.656621893710264,1.01665354260879,-0.461620123382127,-0.684184506244475,-0.880450298819725,-0.0951255900370913,-0.521899268677476,0.183896492611661,0.807006983826939,0.792860746603171,1.97014384267691,-0.814457028293947,0.515647692733558
0.629612893623738,0.0761345267889784,0.395884760615671,-2.15954260684728,-1.12923279713505,2.28185423914559,-0.550610444866297,-0.219797502886729,-0.556644217354233,1.84582813931282,-2.10499958442354,0.125214536427556,-0.491269027839147
1.3285180310552,1.01340249638652,-0.315712994532653,-1.48661220424599,-0.681096273424156,-1.82400410587383,-0.611299240528745,-0.956446151310968,1.70661137283099,0.599911423530861,-2.33138679753989,-0.153608159810713,-2.45520495728123
0.235072065798074,0.0313293969856274,0.169178546116437,-0.716386914639255,-0.12467168454973,2.87884282012804,-0.18308187943382,-0.529797005304058,0.459103093109498,-0.416238634738688,-0.457786143791237,0.261295241098922,0.169150084733657
1.45078867046648,0.530225816775406,-1.06127529269246,1.19592799560716,-1.27617206541014,-0.988515595869586,-1.62813737240452,-0.823517785097784,1.27387022995323,-1.16524668493583,-0.112128440975314,-0.0770563689006334,-1.83035925946064
2.09554907194509,-1.21135631334271,2.96935347520247,0.871588189349715,-0.188755029320935,1.04117195360085,4.59109651040644,2.60534336516661,0.275812685667784,0.286124975816098,2.31866863559047,2.00902484767443,4.21891672814032
2.73280555923964,-1.18681021535605,0.659549779795575,1.3895778139889,1.27324754186943,0.117076005587216,-0.0596018490537031,-0.0490962982924113,2.75659096772042,-0.54348688883553,-1.6441112156587,2.67818239774907,-1.35883393775942
-0.901659785071817,0.261539708606004,0.268882725333993,1.02617585549555,0.66508822869536,-0.785212002593965,-0.67061799376648,-2.34092733557508,-0.463666876448929,-0.337779050963389,0.735400058274733,-0.803831685657124,-0.0670946837085665
-0.786222570890669,-1.05431167043177,1.2569321089739,-0.659354935243085,-0.390481481757783,-0.135888298493569,-1.97521825864574,0.493323748899565,-1.16505955086551,-1.17142262900706,-0.787193189572264,0.486802946137556,-1.36540338863769
-0.41222923460038,1.33365996540355,0.204219334725297,-0.464722108092393,-1.62588407618615,0.755736021488402,0.0534930179201291,-0.548903848892285,-0.541055073944506,-0.18350053039133,-0.818007974165068,-1.26162396749329,-0.0149353872951797
-0.709998343457607,-0.420722714794423,0.240103590274397,-0.579577357265412,-0.856281636227899,0.541161928145187,-0.639136989913188,0.378903406619919,1.41403696638199,0.229998914866875,-0.121049267874806,0.230715562435194,-0.397352028944627
-0.208484006846058,-0.86193019641004,-0.236495206688867,0.678177541282357,-1.43337021627703,-0.511404590959172,0.416777732105723,-0.93374409955308,-0.492946170098989,-0.767749025630433,1.20621824586464,-0.121222167793037,0.323728181827444
-0.123594353297256,-0.226086993797548,-0.386497190831851,0.380265610973119,0.241496348284944,0.777344464983129,-2.13717210727965,-1.49521094450346,2.25540641788927,-0.25905103109111,0.948264929568858,0.200718533332265,-0.976235345060716
1.1412621025044,0.930319310096012,-0.670094469760073,-0.702548631514569,-0.428374167685645,-0.854263689450894,-1.1420876621922,-0.393108430269229,0.416543548804369,-0.896412192240571,-1.47338481331781,-0.254312272159818,-2.07064972967247
-0.859225050342778,0.626166898194209,-0.980251659623061,-1.90558968408682,-0.626845573547792,-1.30306855771473,-1.37408947846999,-0.848004568299729,0.298000818524189,-0.940382707627168,-1.15408662802705,-0.986499518200534,-2.2962252632158
-0.995473949718373,1.03899816406785,-1.21499373238626,-2.26888371074296,-0.740795312525396,-0.896400031777922,-1.14763295270323,-0.878138284874358,-0.68350353991728,-1.49042312490858,-1.60469628279186,-1.4277101031539,-2.3029236971087
-1.21489585703371,1.50184430556548,0.249122418141902,0.184651844833902,0.0948557437496351,-0.10859232814431,-1.22423964354406,0.310042190563543,0.343960450057689,-0.593777563096075,-0.473865291309374,-1.1148782094818,-0.56587507981491
-1.27352328955843,1.13894702231588,-0.164449273483928,-1.5339282944519,-0.181202079746282,1.28910498647743,0.525341526902058,1.6080853161676,-0.430597214938927,0.060226149288363,-1.0143292980489,-0.895066102278897,0.409960836828368
1.29947106455731,-1.46753529900475,-0.896921387062681,0.282347703191387,-0.295591819256791,3.66485160464992,0.244955296184212,1.00703295269546,1.04951040968393,-0.301428128923948,-0.495095338373586,1.82872651820657,0.307196094792578
-1.03676991665832,0.00895701953483057,-1.28268257598397,1.33873633872511,-0.599493258191161,-0.80297819147221,-0.0686519904800855,0.276280682501387,1.09031740490691,0.0583887403433791,-1.77299411246445,-0.109625331349383,-1.09316809993288
0.325012321744431,-0.665060056808068,0.772108295664996,-2.4256180418581,0.969368771923291,0.0421046855950459,-1.87669162903978,0.678516884590763,0.349756136360962,1.32038653721292,-1.61056356778992,0.967678568657862,-1.68881671537322
0.724011848985003,-0.214339943944882,-0.35615898692195,-1.04209757750623,-0.442181928289686,1.79723749814897,-0.866470906912299,1.18817521915028,1.27281077511932,1.77377130988755,0.565968061760111,0.554188941121085,0.305925737045569
-0.170667306964518,-0.454365271824706,-0.279615509927104,0.254566688144328,-0.915493272248401,-0.354082209027364,0.134985672509382,0.939387589839242,-0.134174383934847,0.533011861443608,0.467435723073588,0.0843170059775825,0.336785184725842
0.0318029897767699,1.29989173670004,-0.416297011607095,-1.14842162941737,-0.127247297712107,-0.380261861877541,-0.0777520021724671,-1.48351683682915,-0.498419226794627,-0.988519524475917,-0.918938998432203,-1.13507822519099,-0.992592858297609
3.45581766374481,-1.14065317189987,-0.703119235143795,1.31153430659528,-0.0429303467082324,2.20123087357781,0.0495147929074156,-0.287909261822109,-0.8424997174534,-0.634911682934679,0.140031827215503,1.76004717091001,0.173712470271982
-0.409359466476738,1.411951352539,0.273308727610789,-0.369364313386827,-0.83072291876793,0.232813765674915,-0.61230243922773,0.0706085926001192,-0.616135993079934,-0.343189434390012,0.561746228647712,-1.29828087033741,0.241963451823137
-0.926403916209311,-0.0085897619049139,-0.824944784971889,-0.985386579431548,-1.39062160032432,-0.271577078920494,-0.712831369549161,1.6189882322332,-1.56349994464342,-0.631125008627987,-0.741737233127464,-0.596465833759554,-0.795311659725819
0.239996611873389,-1.41984319718128,0.512369837668742,-0.385095619322016,0.0372317583975509,0.626225468236564,-0.334623375704568,0.226405367743436,0.274778669292352,1.2935171906869,2.49382464428005,0.783022103965836,1.23789428319807
-1.17041016076878,0.959383935653358,-1.21700878356028,-0.820531517388787,-1.04182115794941,-0.714806547506445,-1.2737280990475,-0.0362003217893298,-0.868507166080127,-0.543591570858394,-1.06822180736786,-1.39076119905245,-1.46828174953922
-0.699678708850432,0.802547556043558,-0.882910896391534,-1.63791117418322,1.68431071081703,-0.486119500620955,-0.491421925034073,0.285658264915592,2.15737453106359,2.66297674500811,0.768832658299764,-0.478937926171742,0.106701423161472
2.62894309396155,-2.63992368309482,0.555328094119991,-1.28393393496276,-0.0843792122261843,0.137613660953233,1.943187166388,0.835045164168989,0.989685040692403,-0.781587806695727,0.355559315087254,2.77171197049949,0.0924643888133024
-1.09651770675564,-2.4115490137901,-0.776442247176789,-0.257549099658477,-0.430761650706457,-0.746578125407645,0.727099777353585,-0.267420095947601,0.0101184778555712,1.49915514667447,-0.875934304808798,1.00532157823753,-0.344830179724229
0.133481711653299,-0.922003462265435,-0.119674198199968,0.33892635906441,-1.7306034655627,-1.66206234592298,-1.55665267762849,0.0231242001513188,0.133500775375351,-0.0108036894453055,-2.08263516133909,0.54793487743835,-2.37491181680505
-0.823425000531851,0.734891783003171,-1.26778831569475,0.0126744830969427,-1.99705448264797,-1.11528300059589,1.83814977059661,-0.656746884163249,-1.55880591100121,-1.041810420719,-1.02347737452184,-1.46614393937714,-0.0772310455548541
-1.31381591041133,-0.270919032335175,-0.9680565958189,-0.678453233848689,0.197735094410359,-1.56171228265893,-0.0101216395560386,0.784699054952945,0.345542529988197,-0.57626395897899,-1.046936954613,-0.138979254406077,-1.21703814966391
0.57105511373587,1.5707756141845,0.0967155779640449,0.992584559220263,-0.429481751031087,-0.795901198395649,1.00258636332245,1.68979076277989,-1.00939882095709,1.18213398854301,-2.54979145199114,-0.493563467917422,0.0628771804251553
-1.03728934463438,0.530204799726327,-0.796774918811583,0.607983812542593,-0.231359180413997,-0.994979051788305,-1.57768031548358,-1.01264948494616,-0.89839274316909,0.150681944448906,-0.748239915595821,-1.03331729054708,-1.18895920935776
-1.20396229978591,1.15553976386306,-1.11932031643004,-1.38604068265932,0.0791052255457899,-0.523007516036826,-0.995066025744647,-0.200114267663007,1.23269311572412,0.260459509188303,0.984093418356276,-1.32394477215738,-0.494975791824316
-0.114389467073791,-1.52746782204779,-0.417232722941694,-1.56860162201799,2.8503971181289,-0.0535122167075312,-0.991381952210104,1.87254893867954,-0.0071170252153738,-0.756041660033072,-2.04802328663545,1.82285700310649,-1.88027309641724
-0.752196118324822,-0.351264593854739,-0.852246132311009,0.542020724003695,-0.711268292243025,-0.799742314962287,-0.981273890290028,-1.42104602869291,-0.169906465964536,-0.244182620572175,-1.25725735154292,-0.316378261404295,-1.51713025557036
0.155377285807559,-0.860465649258352,-0.850929308588097,-1.2806904573883,0.322425844722169,2.30678837276422,-0.921628625565637,-0.5057075402231,1.06608460749064,0.559559080180863,0.831181281000399,0.589973170231824,-0.0304081699316447
1.71748176790402,0.420658581715793,0.736289981015387,1.13958553739474,-0.730707559477876,-0.99477939139375,-1.45895821357784,0.217142111413669,0.0688401877274101,0.479161050232308,1.20985446664392,0.11664998441304,-0.147918784033493
-0.433014600498496,0.958779084692804,-1.14806153306316,-0.548985192907566,-0.488421862387905,-0.714720856659354,-1.32217965612678,-0.7823194195023,-0.263974825959359,-1.1218534753279,1.41558258350871,-1.36113570495209,-0.680381957846514
0.149997791790737,0.267363257472528,-1.19198785550608,-1.06764133914169,-0.198039489346982,0.151127648861262,0.269412187593654,0.0330781536689893,2.30828904899015,-0.911630152804983,-0.693881842448028,0.14584449020715,-1.11586058884074
0.169843742449554,-0.476474656513243,-0.838400950658528,1.25135885099499,0.156876953268114,0.977428224678647,-0.564910334532285,0.560416609276886,-0.485862239989918,-0.59049688710895,-0.378962884159108,0.483543252936565,-0.206644064769149
-1.24076573767051,0.177933457421431,1.68960721288894,0.725471823764796,-1.16017286659584,2.15207641820128,0.757528980044559,-0.0071860729858932,-0.463815957453392,0.213058338857534,-0.406684580155871,-0.338879206630357,1.51399184813788
-1.06305764279595,-0.27432168702213,-0.491492242644498,-1.22463404157272,0.483561140203923,1.22403494072564,0.0493942263808993,0.472324059747986,-1.0769091459476,1.11675856894722,0.0125970031833093,-0.27995429948253,0.644820901454286
-0.370865127042434,0.234213746653833,-1.11391053321535,0.655033488732894,-1.56116572398407,0.652245965066369,-0.0156101771832294,-1.84341452807034,-0.37765124493541,-0.144931013933674,0.231919579391052,-0.938166514942937,0.0300818008830067
-0.306977556661429,0.835061712709145,-1.28254158855425,-0.211497438171666,-0.769479325617244,-0.388156868594251,-0.48793605179762,-1.48607220602291,-0.882691945784909,-0.158726244289064,-1.10942376688345,-1.16523800530488,-1.07746769823088
0.0880943758601052,-0.465309882424889,-0.821744289844176,-0.328705709879911,0.857125915735122,-0.708685355128783,-1.35303650257877,-0.14048410836737,-1.11407667915289,-0.0143917932911682,-1.66186103246408,0.313552245788609,-1.7375261676507
0.146615647967236,-1.39500855001275,1.69065232257616,1.43977015705204,1.4806131439585,-1.01959792913786,-0.409805390240717,0.729636184645298,-1.38339313481471,-1.05066021443369,0.605879466137779,1.24221374471827,0.246255773829764
-0.825565534791219,0.818997479561226,0.17790560150183,0.00468528754541565,-0.634324376174369,0.762640338503764,2.64590254196288,0.108113442479082,-1.48977327496278,0.0269737844764741,0.325489504567507,-1.08742056370527,2.13660607611309
-0.380990825264452,-2.26356515333783,-1.07539500525788,1.72515044306329,-1.53799374257838,2.65036190162793,2.81261813206378,-1.56442978427576,-0.825024237602042,2.01021269361703,-1.16131806833232,0.944685098906967,1.82147824791083
1.27368713417292,-0.424475122084023,0.777696770308974,-0.228786335463893,-1.91482206730222,-0.414834872150416,-1.40677965509336,0.0804647045220959,-0.0329887815803754,-1.23582563353541,-0.397009580171243,0.509892178065187,-1.44679619145314
-1.0875272752903,1.19146817950238,-1.40596396278317,-1.52254209120792,-0.360470806964806,0.213737807127833,-0.968394041918365,1.21009617615124,-0.724884542824145,0.682743487712605,0.286102313373104,-1.41668793422676,-0.153768524209122
-0.479554285070958,0.0521505209645736,2.77274240887,-0.125614074836774,-1.40991484966223,0.717146927586821,0.692863083959486,2.26929952245934,0.682279366778861,2.09248474409487,0.750322297864097,0.248823009407268,2.05921602231156
-0.713766943369534,1.39661241081244,0.889372250590309,1.08700411014043,-0.63260145052794,-0.210682108648932,-0.805373484567875,0.370196246827904,-0.844964548668395,-0.0968578222848527,0.999901072905883,-1.27661900155413,0.770215820611389
-0.493071988044892,0.964721156942271,0.68486980268654,-0.0315231535813071,-0.197501771249206,-1.28694946456883,-0.0227147250234662,-0.941675806724575,0.957596941509369,-0.976904537754649,-1.14174952179065,-0.604297600638859,-1.0508346263191
-1.22302463420745,1.27639104869973,0.277414677193784,-0.891299568363529,-0.057043712138142,-0.349264721878982,-0.829994028957194,-0.703295913266936,-1.60122265467035,1.30442475079265,-0.346930333103175,-1.61293722870796,0.0361119725551562
-1.08691744188581,1.00600323300084,-1.1685150703673,-0.0871581417844949,-0.428356004175801,-1.07254928171088,-1.11977910527387,-1.11562129404752,0.715228073258277,0.0704493304103669,-0.848075995430148,-1.2110712612325,-1.43478366311029
1.49575980845764,0.816511018775714,0.327618771303767,0.860039691194396,-0.640858669913542,-1.00725036822171,0.432724305585054,0.16700577908642,2.07091963309815,1.6148179367759,-1.14885053525716,0.340768490707577,-0.36389359929603
-0.784827269726369,0.476543365206864,-0.320862042525656,0.793075974368294,0.104017890365004,-0.387588797890558,0.0402767178382909,0.397867994192368,-0.293734386879929,1.87875702233023,0.965439933476643,-0.725001901681863,1.13049353728858
-0.0854762212311808,-0.987829874406155,0.240752271450035,0.434846988575574,0.503446615080447,-0.270758743731504,1.57570998474405,1.50416814231519,1.36875161782906,-0.856349861808257,0.337053389137077,1.15516144433521,0.612102849597604
0.334419226607025,0.337324731051811,-0.214251693516173,-0.940184371661713,-0.336318812891283,0.505492488410636,-0.696537202502283,-1.83287074524714,0.348681458236683,0.680997288796854,-0.694553903225721,-0.35671848020026,-0.810102946225465
-0.453891210098233,-0.599067142949778,3.18011153725148,0.416077742208579,-2.20493379005791,0.317107846680942,3.141792322927,0.948002435366361,-0.749400763149735,-0.916736071409286,-1.3093773155742,0.536124659536038,1.62602861962181
1.84642596335213,1.28464579679924,0.942590683086434,0.567315200401436,-0.511124843742176,-1.57809261572687,-0.324487642866618,-0.924258404076084,0.774454412786257,-1.21146802673563,-1.93112780058214,0.00842725307668528,-1.75471246255922
-1.18731468302397,0.789672939424526,-1.22141727695934,-1.70070392972001,-0.352408452456343,-0.73466840658785,-1.03617751201682,-0.287399812417123,-1.74785731020996,-1.17629317169665,-1.32501727693652,-1.35681370656967,-1.67575397759508
-0.0823533274163758,1.23382956440672,-1.14041133898415,-0.275065311393186,-0.878288993051258,-1.14990711203758,-1.421071325073,-0.184994066720675,-1.66831747295378,-1.47356126938505,0.312261016574701,-1.48920773772604,-1.13046270561729
3.56246215671168,-3.37861261435768,2.29685129721072,-0.977647312220007,4.7024897370383,1.85018441027248,2.64606100375851,2.93690699868435,2.31943077851066,0.885876129685995,0.500756886403839,5.11960891001162,1.76960114971871
-1.02599263769455,0.541947703006606,1.18247667994205,3.06892056430127,-1.41890302809076,-1.08313716977255,0.132686672435603,-0.735982593086804,-1.56323299456506,-0.273203235371557,-1.91322621784072,-0.748399133101837,-0.0814474636781951
-0.349773559535115,-0.163286568898776,-0.514017350746287,-0.57015545492611,-0.0877447664261107,0.0702523016709091,-0.623488137528254,-1.09636095628852,1.51456172149871,-0.82562840486943,-1.95274929603135,0.255747732725781,-1.90038616402856
-1.07928529174443,0.117813968649427,0.358950914614383,-1.23428712141632,-0.965023279080568,-1.52490202809226,-1.4335006044266,-0.531887918269257,-0.499312547761688,0.462606725509782,-0.80914138403719,-0.766273790452386,-1.41492210494304
-0.77323947849496,0.1521665507835,-1.12329369369394,-0.687411713366782,-1.41872686067002,-0.575984254736353,-1.22154988660524,-0.328612281925645,1.95967521796852,-0.934086206789355,-1.40478991799966,-0.303911603468443,-2.23808813057311
2.47951698887796,-2.21124896031751,0.953487167383353,-1.08972895449511,4.36015670982686,2.28066315444107,2.91338712025127,1.25389933620856,-0.072053490768732,-0.885012435823594,-1.13007076666392,3.45639194233721,1.03973357663642
-1.20004809714788,-0.361065021058236,0.0659370742660249,-0.589586882011597,-2.03294902078957,-0.137467402937878,0.32529939535576,0.0829303487560822,2.03675529791903,-0.823394007143873,0.873277671796265,-0.257048742044978,-0.0541234459011845
0.990142319654655,0.543776952548094,-0.284748385891096,0.0485205080762334,-0.649062403056998,-1.01075890631928,-0.65402860666225,-0.763276010174066,0.355396665250126,-1.09455945903237,-0.542228728027615,-0.187913816844147,-1.36332438097053
0.320248941508436,-0.770604025683676,0.0316040963066372,0.337430806767848,1.42347492292222,1.10053134858871,0.438876600382554,0.935340434803142,-0.307795446545754,0.286990154132919,0.180817379118436,0.97390240313374,0.794169504083749
-1.01661086314611,0.509137230065371,0.183137995942408,-1.57871697767654,-0.160050843608353,-0.583053370067893,-1.8561654856732,0.101518225634741,1.34102853991816,-0.583345060703245,1.34962600679299,-0.706618840338345,-0.859846366390838
1.67936123572609,-2.70055704915599,-0.0691968321424719,-0.291354731577331,-1.13643990576866,0.118797053550227,0.805974618014077,-1.74650514674795,-0.659008785451503,1.67318325025013,1.71076667699309,1.41884306287339,0.831975955095489
1.231179174686,0.416871379908498,-0.324789541246526,-0.0035623749804202,-0.741170994157189,-0.354329972057605,-1.45041950396568,0.794717516636325,1.65809985170338,-1.39623514352933,0.16593749916896,0.343703733017907,-1.42298238083007
0.866012926129395,0.378198599568335,0.386743942307869,0.131806973182104,1.88861042875728,-1.73492795794855,1.44578569241055,0.277176578497885,1.20032625315209,1.81137582402177,1.27511225652674,0.306619127466271,1.20390175459893
-1.30296480638711,-0.544483403041059,-0.5085775518494,3.91615798773957,-1.36444273074855,1.04403109387664,0.501255927210493,2.15519887739066,2.42841174806587,-1.26051669289257,-0.790720615158863,0.80376702971945,0.374887677921225
-0.114291877485726,0.115876137604829,-0.862457625373671,0.549747070299326,-0.429904515808808,-0.223536527187698,-0.335989563173733,-1.25258048124284,-0.693589467118008,0.020893834787308,-1.45021290919249,-0.37656589827957,-0.963751340767409
0.0673363354698563,0.758487650728429,-0.953577335573737,-0.445190678590387,0.180410269380573,-1.66722588294048,-0.291931715137402,0.474682575646659,0.977720802568491,-1.03390748949405,-0.0191027346424149,-0.419785396485279,-1.13274378407656
-1.0948543706114,0.961172288391696,-0.654252953060026,-1.79054598482624,1.59360897074304,-0.412819995336301,-0.244582198438341,-0.380965528297347,1.31343214988317,-0.435319328012153,0.239345107678107,-0.770664549226591,-0.595230383888555
-1.08709256190049,1.22894568812962,0.0602982440428163,-0.529943459385734,-0.804010667428759,-1.25232775444482,-0.369890192439964,-0.475599225638169,-1.41130002997585,-1.13565093036842,-1.00783915102236,-1.49920183832608,-0.91281463535949
1.68927701579993,-1.76459843040985,2.59950873346955,-0.672881020608066,2.36662615681438,2.25312636930091,0.653145225425586,2.4570254461551,1.62793696926786,0.828731466022861,-0.477760656306885,3.13676146275577,0.98046219025419
0.502535424980219,1.24754777461859,-0.0371513108380365,1.16711413171679,0.35232590760213,-1.01577014481075,-0.0468828559703801,-1.41861045607172,0.467955055219791,-0.916706070840117,-0.385453693319849,-0.634597004825869,-0.59053411557594
0.439331920415983,0.23921254031627,0.321128219473835,-1.31159751965834,0.825310957059361,-0.953257810849252,-0.815652696230153,0.373769484371963,2.83998978681816,0.0478935038282071,-0.943039675408041,0.665997034150909,-1.63554493825773
1.51918916838057,-0.877248935101718,-0.170417481816464,0.630282254080783,-0.705735506573585,-0.883279128577274,0.591218977166314,1.62231825223713,-1.87320210189018,1.06025651637437,-0.329407341099875,0.828283926128669,0.343974148245399
1.66405841225488,-0.191394391512616,-0.354249756646385,2.67544532014989,-0.296786069143268,0.776156136813188,1.26518182237652,1.45864940208104,-1.75969191264116,-0.671619764778655,3.48477844961363,0.249376678630915,2.84969831611149
-1.17124006307567,0.669812746271298,-1.02849781653292,-1.64369737458677,-1.03712099395618,-0.679577252741277,-0.245459250522916,-0.918840182975687,-0.921455037865617,-0.369204186491274,-0.44368075985825,-1.45089007409079,-0.862546786222006
-0.897540580353693,0.609992895375674,0.233294789374767,-0.0972916688646088,-0.821506206856189,-0.675423788329061,0.192666671833649,-1.18178598539806,0.884278147780884,-0.742445642565967,-1.12905311014139,-0.683678303544955,-0.849338538238656
-0.497919527999885,-0.0910867570189595,3.41212047856099,-1.26265931442177,0.630095985556933,0.664905833208103,0.604317096969793,-0.559885160483035,-0.769032202814251,-0.606915914111814,-1.21584866797289,0.362741005477056,0.36254020420684
0.616871925998751,-0.508736035505245,0.129267721460669,0.31593953565482,-0.373543531316575,1.7549308696451,0.425880088708501,0.365379133879804,2.1614623327324,1.44261312088405,1.39386049724717,0.786789367903412,1.32144774087619
-1.0547156351773,0.713279890173861,0.140955215550504,0.450881329181517,0.339519195011225,-0.180028010978551,0.000635827157541152,1.28433138250581,-0.913302578341344,1.19642903221118,-0.157582705186745,-0.678428465893016,0.786225975464874
-0.730255169024141,0.877399948236047,-0.968839070661202,1.35870578667865,0.115287002722381,-0.149567329681015,0.573141751373746,1.84215034815692,-0.252346098795128,1.0554653310033,1.23664098370765,-0.787131574380717,1.55403659851051
-0.409903814201104,0.688541160205917,-0.766190344899312,-0.559580612756615,0.100110253367224,-0.807477800266011,-0.66029513204682,-0.695753746968137,0.355994851635611,-0.523628791371054,-1.57348364195595,-0.553885430090845,-1.61974609577603
-0.332447091177955,-1.04796157251505,-0.64610354493292,-1.83599127634949,0.0395383200781338,0.162381926140931,-0.605049448321278,0.63121054119831,-1.6597964607784,-1.58728411364557,-0.309680007414011,0.300972522987539,-1.02622143085478
2.60515776791702,0.218008357524262,0.2096812607941,-0.164048903425094,-0.528777539630867,0.0148009226762247,-1.57794050669722,1.266807987884,-1.56103181649842,0.0464515101868982,-2.28833724384315,0.836797700340252,-1.72219890746423
-0.667605568575798,0.17994971826064,0.236202632550994,-0.701714673495514,-0.212560352186589,0.164925029924951,-1.03571939902323,0.260886331973845,-1.15740804581371,-0.540906382929534,-0.250320561620959,-0.467427456470044,-0.488811507060435
-0.238878539169095,1.1179685170334,-0.173593227412323,-1.28912690962113,-1.1815259653469,-1.52339115845615,-1.26092603626211,-0.527179498355936,0.350753937622047,-1.57732209057597,-1.2971104387932,-0.981041579066826,-2.25024133789061
-1.04445399796407,-0.565086300140377,1.01011778508674,3.71277368926753,0.178436036474982,1.17655370596721,1.07965193482349,0.843152500230944,0.316334279698154,0.184616042879781,-1.73698470783016,0.877628077004932,1.08357624082487
-1.21577336291957,1.10177857706301,-0.756793411082702,-0.944264433369411,-0.845230901951548,-0.0779610533554387,-0.595411226001504,-0.516747096662472,-0.885986423958838,-0.689897460463225,-0.301371438813978,-1.54325623956665,-0.587458187387837
1.88374430269737,-0.329122978418671,1.72350228939437,0.483263058827142,-1.82209033998452,3.05957640126677,-0.0464522018874384,2.87253034694211,0.659992041096636,0.451749003268141,0.775030491884757,1.35109224678243,1.58972334174576
-0.784356675607572,1.32849517632745,0.656171885350913,-1.14634221844434,-0.890199300039611,-1.19264987813978,-1.15956210144681,-0.452421055715331,-1.58016464673403,-1.02140147670833,0.0127384167706328,-1.60351380195458,-0.786637003424164
-1.24550570833663,0.287193292228953,-0.887321158646002,-1.89799370113161,-1.13541230807578,-1.4761763467084,-0.769301463476101,-0.0241321535881436,-0.476596591400094,2.10048577100711,-0.797359772120866,-1.11611272222715,-0.952506694723153
-1.08865445128678,-0.927828313673321,-0.470348211062735,0.0723009669460911,-0.961969682119291,0.923207622017784,0.0187413564424499,1.37462881615303,0.0870413338221708,-1.32106708697481,0.877751622283398,0.236563431432149,0.363156081000877
1.0076475920427,-2.67315693026562,-0.148410401569142,0.906607441902515,-0.614675295741506,-0.083138656695389,0.604140810488635,1.51974392516339,0.295105406073492,-0.498025668681932,2.08192820102008,1.97254774724101,0.821367014674
-0.497220155566059,-0.319921345122758,0.97801814316038,-0.349184168876478,0.124305879249297,0.0840610330744972,-0.522160909837682,0.77418215084839,-0.495035501828902,2.5332119662982,-0.592145304578195,0.207321041517223,0.411871263569553
1.25500059568127,-2.1722358844897,-0.212623834789806,0.546162027369211,0.000659340267338371,-0.0144080106360456,-0.298452480793432,-0.0111351625358855,2.21632440565586,-0.613131869646956,-0.214465009346436,2.20080486363665,-1.1323189773634
-0.806872361830492,1.07595267748575,-1.30663028691904,-0.776706804757229,-1.34814473155898,-1.17590084467281,1.0242540207242,-1.23157987723391,-0.792519124692943,-0.594460767223525,-0.396100577793116,-1.6831291857043,-0.357865782361627
-0.567318800074622,1.05968615759205,-1.21474621622284,-1.21128097381517,-0.891976176640713,-1.28541264620976,-1.46286225481777,-0.276269436371746,-1.09451974210609,-1.52033429798211,-1.64591982375492,-1.26640690541201,-2.33343807175167
-0.957520178184022,-0.345826789797015,-0.626098219134748,-1.39072939882955,-1.01058737382075,1.26574989342776,0.709178089504168,-0.156419648268745,-0.885748974837022,-1.08961559046492,3.44115050269678,-0.912536070765849,1.77437697252806
-0.252099585915494,0.32472791484503,-1.1889784411905,0.331618594509275,0.000291477078199671,-0.612016896379387,-1.6463555015066,0.123377221588112,-0.921329360767307,1.31106506362692,0.315229417370669,-0.669014462433236,-0.473873832256069
-0.66300823170393,-1.0517931163417,1.19045830178092,0.951297292766196,1.60644845990451,-0.0209965875286189,0.238011964708418,0.800879358711591,1.15612418281824,1.39537094210393,-0.0945449209045587,1.20763144001749,0.710503596022015
0.200872001084829,-1.69860898372741,-1.16623600121366,3.21222385084121,-0.495235855613098,0.149060082258395,1.62939126426788,-0.669706427234738,0.916884341780129,-1.22126072883543,1.07853352337832,1.07517354761078,0.897419119535702
0.0666735194544335,-2.06691107068526,2.42810577784359,0.513616775200855,0.346235508986978,1.17488949829868,0.387339008443593,1.32141522136991,-0.905237133585217,1.01318724546003,-0.769930378505157,1.92027063511406,0.97487850250625
0.0265231337282195,-1.45742138969234,0.71792350451318,0.178113189626515,1.54387961127556,0.52920149197194,-0.87405496626755,-1.02023389383115,-0.0324998901940661,-1.01673866782959,-0.36311728210326,1.24826977541797,-0.770855596376444
-0.29256960583113,0.926350312610742,0.0189630660682193,-2.35805968492854,-1.23179670194412,-0.192571209798361,-1.17218483125559,-0.350194605151359,0.000146399125373822,-0.173831651840523,-0.807355715316696,-0.977496947784122,-1.37636980364894
1.86768343197264,-1.85773713285712,0.937259728283585,1.27981712546079,0.183251822120765,0.345413842363371,-0.695459147472964,1.0230920033183,2.30231963392566,-1.16424134867273,0.692992595439558,2.4918487930251,-0.516093012158943
0.892803349558343,-4.06655947395365,0.128706230935029,0.614884333058266,-0.832625420195093,1.75237628092082,-1.55718370804361,2.07984396461335,0.958456657857707,0.394580521608853,2.14772962735765,3.07661859814561,0.288838494279055
2.42120638118094,-1.10593632181731,1.42186483554907,2.1138585487861,-1.30033380299168,1.45792581305709,2.01472139579202,2.06473951543865,3.13600950742348,1.18261919167802,2.3445680510805,2.12775336612983,2.66254034996846
-1.09809836311034,1.04761915377807,0.105930816027316,-0.0924315749249478,-0.297650280148087,0.697715129070781,-0.426159704455415,0.0631330587748086,0.0907957070541861,-1.17829483802608,-0.420215266170034,-0.901372693189271,-0.219718603035578
-0.414633719205493,-0.734331674535571,-0.745046313051303,-2.25605980050754,0.408203966459614,0.427455896471922,-0.382181933066841,0.414113719483138,-0.118555893427181,-0.968179112928654,-0.665508600379461,0.364370124276741,-1.13420635930978
-0.819357835659414,1.0256818831621,0.2232151365887,-0.431203085757572,-0.400666637041558,0.350432764123494,-1.14736730419908,-1.2577719668456,-0.191892285038408,1.11481009644119,-0.860672281240957,-1.09415950479301,-0.494138345232773
-0.310861510066607,0.372961846832922,1.03209890228508,-0.320811783313871,0.176257889149263,0.375638191681376,0.274143652584146,2.23556415105306,-0.816354750894049,1.43137163869681,0.193737675692942,-0.0512680490880875,1.27154240470313
0.145641204112518,-1.19159539077015,1.1264418889427,0.903131079894765,-1.69986020158065,1.05928567430887,0.73419360578601,0.496591626804562,-0.62526184011045,-1.33578059363537,1.63580851659794,0.585285130126972,1.3615429833896
1.02212806383206,0.658515183315144,-1.38393147691125,2.47505805727339,-1.87041132225201,-0.703811670525283,-0.777869578643282,-0.502602726775434,2.09281701261578,-1.28474274455537,-0.335514928909557,-0.122557665737695,-1.33548840957469
-1.21455666441073,0.128848667988843,-0.807990283685922,-0.865792397094252,0.333621395550181,-0.126723055438745,-0.322609820102715,-0.0750929352951638,1.81146048357452,1.94894572929139,1.55865148998324,-0.545225846708512,0.561621421358352
1.08305162255461,0.419072817903251,-0.855496572034921,0.187980756931491,0.270004798849356,0.115708694589066,-1.60222520612825,-0.970758713380031,0.0909028575971055,0.0221784173330718,1.96549083700322,-0.358043404634468,-0.17160335997402
-0.629307396490638,-0.122053565628896,-0.817666278567032,-0.236154193074301,-0.369695578400335,-0.839556707115616,-1.07569745042634,-0.878364129160359,-0.790226701453584,0.52147488020348,0.0973536085342224,-0.635872416115725,-0.730639361228539
-1.28328659364967,0.743479855461653,0.288058027969732,0.276404088183475,-0.679472544362086,-0.319697247926402,0.270824205872155,-0.332713453298385,-1.67433903962014,-0.369169581337633,-1.58458090727199,-1.06464735961808,-0.205834933955366
-1.55816814319732,-0.235780710851116,2.9927898129498,0.58135639054444,-0.921422532532129,-0.0275998319006407,1.33102370549594,0.47139681266931,-0.143296857448295,0.0401417098638786,-1.36576034621533,0.136584721214221,0.924790632291543
-1.20707123341156,-0.487085720739304,0.956332323306667,-0.417196038998831,-1.49133762983067,-1.26332205562268,1.3327701500073,1.30113086755325,-0.10413627219108,2.55682718560371,0.940068511103601,-0.321287062860805,1.62549547635289
0.146304958048419,0.666890569515161,1.29055301528577,-0.269041018796061,-1.278499316628,-0.219174794607841,-0.942736992934099,0.681560494959616,2.12305577063321,1.58059731150053,1.93910161939489,-0.314074902731356,0.720538562565768
-1.47272989549368,-0.794598387026485,0.681001031733636,0.980848217581823,-0.91490166992687,1.34707062821935,-0.715832939214536,0.452250597930334,2.34624780900934,-0.579332821518502,-0.354534392858165,0.635104201028895,-0.235316002857595
0.600955001441921,-0.356224885387169,-0.984338968285398,0.375966391293064,0.0808555367054532,1.06806262167691,-0.661294457416041,-0.186084038124524,-0.951470315032455,3.74006024645682,1.01273567472724,-0.0306141148449986,1.21258689932983
-0.542434003010769,-0.0049131725188677,-0.125482920447576,1.74300140845324,0.512837033172658,0.335653859141697,0.557716307107157,0.258993878361979,-1.4177667757467,0.796981634379771,-1.93214207205004,0.0593377292909586,0.299219873041828
-1.10041442078257,1.0606208911974,0.186873600767649,0.634586258900184,0.166285872948563,0.131743555790757,-0.432130914745893,-0.0940710990377732,0.0583470964792165,-0.811290490582541,-0.517784772809382,-0.843291802110652,-0.183846116371771
-0.0315552598904335,-1.61176947898577,-0.918261190761047,2.61816222457405,0.536359452471536,0.692440667907085,-1.57116701576984,1.41285638002194,0.300114780280449,-1.14898520870024,0.539025594777505,1.4106178497137,-0.423886342499885
-1.19789512178509,1.16824989353675,-0.217612318119272,-0.629490246002404,-0.892186571771705,-0.509130439306164,-0.33592162006536,0.231104308949603,-0.599708008462543,-1.26150596619128,0.116073441377671,-1.41057733418377,-0.32663091097894
-0.992126268429878,0.320387842873213,-0.162800376835854,-1.18973099877787,-1.1653914824806,1.03284138843232,0.593790486629337,1.15171547295535,0.0563984919828722,-0.723058179387611,-0.535570337881491,-0.464432465194106,0.154611643529518
-0.659053244849295,0.987139091499334,-0.303018823594525,-0.681988371592116,-0.939338823982195,-0.653994325491213,-0.640454909424962,-0.263984847039487,-0.966229446163188,-0.00479210412898788,-2.25070782559056,-1.01504228952729,-1.40191097491391
0.246819556768972,1.30120999099737,-0.0201286856888048,-0.737836837509411,-0.100255575088766,-0.634475920113574,-0.33311703741445,0.419577565154819,0.0332165040727364,1.93943876686303,0.7511119478005,-0.947147754286274,0.51664026852622
0.0109230930605749,0.879752087298968,0.46754722566527,-0.234399816081291,-1.36851786579586,1.31952577055314,0.467889861853217,0.603890806873253,-1.43019492722984,-0.670598298062519,-0.310241899791645,-0.743626310578969,0.70255483295847
1.02299966576974,0.123137336833774,-0.41123411854899,0.898692643243204,0.804703776045046,1.08893742886062,-0.793688272743957,2.32109038575394,-0.559195272841383,1.41846424440512,0.641962154993936,0.564596965220803,0.879955415101801
0.800674838606628,-0.582711047791096,0.358184320197137,0.412677055735736,0.238191615969527,-0.869758652866933,0.203981204274411,1.11369219856506,-1.3072188604995,-1.26737338800722,1.93771611319302,0.410620164026586,0.713493037132502
-0.816167342564705,-0.11489799246616,0.605476361054929,-0.500976626907647,0.560953929527,-0.420682394973504,-0.171163878107361,-1.05790851313746,-1.48898287975803,0.446799843326802,-0.202421678113895,-0.459247974846343,0.0572969785326598
-0.649768810900895,0.602525851611859,1.49625769932278,-0.284969267900533,-0.319823052946338,-0.879467941558956,-1.20384263939192,-1.29959270596662,0.84505593383306,0.669787153575505,1.61110891534623,-0.813603979465551,0.182279060609791
0.162666830276951,-2.60343781349567,1.66653700946985,-0.229430772156342,3.12105333860052,-1.22638962337278,0.458631185555293,-0.414881852992509,0.903929412128432,-0.344604385433473,-0.921107116953827,2.56500037661905,-0.786204139383868
1.43308766125613,-2.63132133477939,-0.685405691239883,1.68650696909509,0.389234299273537,-1.59233628440266,-2.2313683001047,2.30416277912471,0.700563485319376,0.682575395142722,-0.681365770807868,2.63403688731868,-1.92315365663862
0.240293834983616,-0.637188967140487,-0.64748463210805,0.177759455546355,-0.990218509609407,1.24999268213547,0.430602633203603,1.44182560801682,0.407956936427758,0.233608413016375,-0.605716963905982,0.681039254408004,0.184999103162311
0.129307170103729,0.760971685062775,-0.97479934744422,-1.64072291812274,0.224879739383814,-1.23168376537435,-1.35896254645091,-0.360471791271361,0.908808047446917,0.58261952841907,-0.548868212733713,-0.554066538752399,-1.68771733324529
1.01292075769233,-0.477902779405064,-0.605956727739274,0.662323152094131,0.0082475214274448,2.00324257041559,-0.684273647367032,0.827289856213766,1.00139782080361,-1.3091175384755,-0.420701611704437,1.09378955047339,-0.529432225367141
-0.190651009481124,-1.95988557942653,-0.548026485826433,2.11714978876216,-0.883162891311353,0.662340102694039,-0.589826040538888,1.44433952414899,-0.967042137884495,-1.22712640550336,-0.763027621559487,1.33649619112568,-0.464049921582337
