"","participant_id","idx","mean_confidence","sd_confidence","mean_RT","sd_RT","Accuracy","estimated_mean_beta","estimated_mean_alpha","estimated_mean_lapse","estimated_q5_beta","estimated_q5_alpha","estimated_q5_lapse","estimated_q95_beta","estimated_q95_alpha","estimated_q95_lapse"
"1","sub-0019","1",45.6,29.847121015458,2.87479088624241,1.54564526782729,0.575,11.59924689625,9.101132411875,0.0249933922065459,7.8326955,5.985932,0.00019792235,16.491055,12.18854,0.1094243
"2","sub-0020","2",39.3375,26.075326011045,3.86348447624914,1.52731724707466,0.5625,9.2709494875,-13.45024173375,0.017402351919468,6.0768435,-16.33099,0.000221873,12.820115,-10.74801,0.067416265
"3","sub-0022","407",63.5822784810127,30.0881642949417,3.1890209075874,1.77037720429467,0.825,9.0291766175,-3.27485773331286,0.0340944875008729,4.6388365,-6.5361535,0.00037392675,13.37503,0.303352799999995,0.10167625
"4","sub-0023","3",47.2875,20.7219041144047,2.63505673875043,0.841412163321873,0.6,10.88144727125,-9.4804150725,0.0203468066509165,7.8269675,-12.40042,0.0001919561,14.85179,-6.598997,0.0879750649999999
"5","sub-0024","408",56.1139240506329,22.6743882069233,3.49966418374097,1.1211205023848,0.825,10.5498573625,8.968578300875,0.016444239132982,7.7174305,5.427452,0.00018754695,13.73012,12.340025,0.0673585499999999
"6","sub-0025","409",43.6582278481013,19.8674363617565,3.66697236329105,1.15285412318072,0.525,12.42955862375,-20.78295060375,0.029604627335676,8.601046,-24.105335,0.000231718,17.123265,-17.410075,0.13023815
"7","sub-0026","410",40.3037974683544,31.5669229799167,2.80851584685896,1.16806818442674,0.8375,7.2963047175,-4.63855107775875,0.00883887505544819,5.326237,-7.1813525,0.0001438923,9.627471,-2.1785815,0.033889335
"8","sub-0027","4",46.375,29.562367028095,3.01308497122955,1.27882225779379,0.6625,11.28885305375,-1.499576702583,0.0261088174974663,7.310324,-4.6922725,0.0003703342,16.181015,1.961557,0.09259003
"9","sub-0028","5",95.7875,8.54429078761316,1.75817366999399,0.352802920568136,0.5625,6.7675667225,-12.16789345,0.019741438215511,4.4550815,-14.974025,0.0015378215,9.702797,-9.7183205,0.05689951
"10","sub-0029","6",81.7974683544304,37.7295978988799,4.69044269238823,1.49327375197024,0.725,9.93149617875,-3.42314431758513,0.0477034637927153,5.4595785,-6.724123,0.0005739961,15.234135,0.297200149999996,0.1344218
"11","sub-0030","7",58.1125,26.1272415911928,3.65541666997888,1.27937068319117,0.7125,10.39851999,7.25653792875,0.0201155567043548,7.104808,3.8758405,0.00023115955,14.10559,10.78114,0.0727209149999999
"12","sub-0031","411",29.2025316455696,25.4565390052141,2.29632136960738,1.05443725484427,0.5,8.8633815225,-21.964043425,0.0148511405832918,5.94005,-25.03644,0.0001916914,12.142495,-19.113205,0.05476012
"13","sub-0032","8",48.65,35.9324612593112,3.25406248497893,1.57360910775968,0.5,7.92297167125,-23.01804515,0.0293393106454375,5.10207,-26.219815,0.0008916167,11.22786,-19.825175,0.0796177749999999
"14","sub-0034","9",62.2077922077922,32.4001858597405,3.15719589610378,1.49635436696903,0.75,12.81925270625,-2.67789491333,0.0919002688421837,6.6153215,-7.5303685,0.00083082635,20.207915,2.664169,0.2233806
"15","sub-0035","10",38.8101265822785,17.7490165486798,2.73559859499801,1.18219913445432,0.75,13.318146335,1.748393313435,0.0518056843936813,7.6835675,-2.81029,0.00031352725,18.479525,6.100097,0.1883252
"16","sub-0036","412",92,17.6355509760214,2.0220729662542,0.894496322007308,0.025,7.105008385,51.0140557875,0.158938960625,4.360122,45.770115,0.096104735,10.487625,57.26759,0.23316225
"17","sub-0037","11",64.5696202531646,22.1374977996228,2.86452462375746,1.05039202684543,0.8125,12.00254738875,-4.38291493323125,0.0274811281600306,8.0123475,-8.2667415,0.00026515715,16.095555,-0.449715450000004,0.1067238
"18","sub-0038","12",69.3924050632911,26.0115446369093,2.82736871627276,1.19621552526214,0.575,8.71347684375,-19.245347175,0.012079706782185,6.180504,-22.11729,0.00019875495,11.668425,-16.217315,0.047158395
"19","sub-0039","413",71.35,26.6586960661876,3.42960309748887,1.2944914376381,0.9,7.85402553875,-2.13808871777713,0.0142460580588819,5.085246,-5.1729965,0.0002648568,10.95311,1.1337515,0.0480977849999999
"20","sub-0040","414",42.0128205128205,31.2922933916264,4.01982989103402,1.71683693573456,0.45,9.96636589625,-33.3489894625,0.0196859412854415,6.643568,-36.02375,0.0001902521,14.49405,-30.813075,0.08368808
"21","sub-0041","415",89.9285714285714,18.2099840655816,3.08625695351708,1.54929587051766,0.7125,10.35731588,-3.86848998511875,0.10008655408575,6.699505,-7.877632,0.01353788,15.88132,0.294853499999996,0.20515875
"22","sub-0042","13",57.2051282051282,27.9955279241093,2.93008990257155,1.24979043084364,0.4875,8.23102848375,-19.9502550875,0.0099375181545,6.1345915,-22.827305,0.0001472714,10.757565,-16.93378,0.03900368
"23","sub-0043","416",5.19230769230769,9.2988725644043,4.66259260632428,1.20762908785888,0.5375,9.65354388875,-15.57480288125,0.0174522577284365,6.418688,-18.943985,0.0002099179,13.085025,-12.49328,0.0642895649999999
"24","sub-0046","417",90.075,19.0341299056674,3.47819239750006,1.41333348992184,0.8125,11.05974668375,-0.936631515511375,0.0272176133993026,7.374642,-4.941136,0.00026045035,15.0394,2.86585,0.1006713
"25","sub-0047","418",31.5443037974684,27.5587007380258,3.3231647449998,1.06502451328415,0.775,12.35538192625,6.73352102675,0.0236470383697375,8.793657,2.8171505,0.00020601355,16.498285,10.35972,0.09823673
"26","sub-0048","419",70.15,21.0063884194875,2.12656863874986,1.18086404451779,0.825,9.42271689375,-0.718571352884875,0.013580840795235,6.814991,-3.824285,0.00017233195,12.484455,2.2764545,0.0540855899999999
"27","sub-0049","14",46.9493670886076,27.0521333033266,2.62587601012656,1.21110563376757,0.725,10.05293665125,-7.31435456475,0.018918004040275,6.663293,-10.16631,0.00025770285,13.9172,-4.2438715,0.0692800649999999
"28","sub-0050","420",40.7341772151899,33.3603898630449,3.59348857625018,1.47709982316532,0.65,13.1632134175,-12.40743835375,0.0395835575116628,8.8491,-16.093575,0.0002468046,18.10752,-8.7173335,0.17111035
"29","sub-0051","15",54.2467532467532,23.7271529133295,3.27835820389642,1.59987881236147,0.5625,9.41474156875,-13.7396961575,0.0158219697462379,6.5005305,-16.84763,0.0002122926,12.76648,-10.73853,0.05953657
"30","sub-0052","421",35.1688311688312,33.9253835247307,4.91423427012549,1.19981579000271,0.55,10.576031965,18.7885063,0.0167544705520963,7.4070545,15.841115,0.0001785382,14.75629,21.588605,0.07082683
"31","sub-0054","16",46.379746835443,29.0813641082502,3.23941983924324,1.3817933951894,0.75,7.91907189375,-18.433648075,0.00810767690453162,5.368099,-20.857335,0.00014363365,11.025105,-15.63578,0.03187663
"32","sub-0055","422",63.0263157894737,30.2593120363349,4.35279357236562,1.85971618656115,0.525,12.81013454125,-22.2008431125,0.0376578948140744,8.276957,-26.377695,0.0002471702,17.325155,-17.8477,0.14721475
"33","sub-0056","17",61.0126582278481,18.4769389676013,2.51457735696326,1.02069450949328,0.8375,7.45610215875,-10.838407195,0.00872333159844946,5.3474275,-13.46514,0.00012680245,9.8748915,-8.0511295,0.034274575
"34","sub-0057","423",24.2727272727273,16.168224492924,4.19971613461474,1.44265722243034,0.55,10.638429165,-20.0439567125,0.0234384097003782,7.1761505,-23.25215,0.0002391842,14.49093,-16.8769,0.092040365
"35","sub-0058","424",42.6455696202532,28.8888399952981,4.55392973375201,1.28348602178647,0.6125,9.26360947875,-11.70951272625,0.0142402036130564,6.2577265,-14.193,0.0001565799,13.165745,-9.194748,0.058292445
"36","sub-0059","425",52.45,25.0179176298038,2.66353711625343,1.171936476343,0.6,7.92184807125,-7.90409007625,0.00799073247612175,5.35092,-10.801495,0.00014465625,11.013475,-5.4054985,0.0305773
"37","sub-0060","426",41.3461538461538,26.4476090408192,4.39525921153911,1.65748090192735,0.375,11.47313230125,-37.92524095,0.0357417230358218,6.6860235,-41.40847,0.00028663555,16.274725,-34.4216,0.124568
"38","sub-0061","427",39.4683544303797,26.5855346454719,3.16311844810696,0.87299382048502,0.675,12.33088991125,-0.863898896455,0.214698469411532,6.314468,-9.53472,0.002662414,21.196275,11.11577,0.3730195
"39","sub-0062","18",31.8481012658228,29.8887203694462,3.61862943164453,1.63200798850746,0.5125,10.19741599375,-19.8683968625,0.0192539375794861,6.9848635,-22.53912,0.0001947686,14.5013,-17.13168,0.083594795
"40","sub-0063","428",57.9,24.9260171129269,4.71778895624811,1.29335078551032,0.55,10.83500433125,-7.01496826725,0.0180182558486091,7.245314,-10.143445,0.00019600825,15.500695,-4.2631275,0.07914683
"41","sub-0064","19",48,24.1723767442996,3.22431650000144,0.667315324259659,0.875,7.443803695,-0.5188036446195,0.00917968725612442,5.2992295,-3.08628,0.00014951365,9.83020049999999,2.1572135,0.03576518
"42","sub-0065","429",47.9871794871795,28.9049016603299,2.73548548846082,1.21201718471222,0.5125,12.282557255,-29.7916538375,0.0353709018806887,8.1868895,-33.40986,0.00027299005,16.729065,-25.973005,0.1440446
"43","sub-0066","430",49.175,17.7491486691901,3.22401571125301,1.26671481609409,0.55,8.26858477875,-16.1010304925,0.0105538992271225,6.0831245,-18.912535,0.00017146045,10.800155,-13.27588,0.04053654
"44","sub-0067","20",47.0897435897436,22.258916729243,4.45611198846167,1.51920668657947,0.4375,13.3749018,-32.6702076575,0.0401104454023243,8.913899,-36.424265,0.00024426115,18.7997,-29.081675,0.1851254
"45","sub-0068","21",73.6538461538462,25.7932976913423,3.13482666410542,1.47972659554891,0.7375,9.4437979875,-3.0913711546,0.009897578066357,6.688978,-6.1776555,0.0001591838,12.83005,-0.278756100000002,0.0404191149999999
"46","sub-0069","22",76.8625,15.2537555035481,3.23244305875123,1.43986232539639,0.55,11.20255855125,-20.7069422125,0.02846851501111,7.2293955,-24.372325,0.00027178635,15.32,-17.09883,0.10389045
"47","sub-0070","431",62.8441558441558,25.692547012225,3.84785618227789,1.52696903432844,0.8,9.150776565,10.16248494625,0.0201877687192415,6.024587,6.900238,0.0002409904,12.32115,13.29938,0.07280132
"48","sub-0071","432",42.9,27.8802139359425,2.72323707375326,1.07172649541661,0.7875,9.1435338075,-3.5912936700125,0.0129173407387282,6.537554,-6.3094635,0.0001861185,12.201895,-0.895955150000006,0.05339705
"49","sub-0072","433",64.825,24.857454374386,2.01987418124991,0.542085293194484,0.7125,7.81799904375,-10.39089821375,0.00949434942458413,5.8191485,-13.204345,0.0001565272,10.18692,-7.563412,0.03668749
"50","sub-0073","23",51.6708860759494,16.0621561274075,3.3049461012662,0.99426430729078,0.625,11.10636658625,2.59687322601687,0.0262210128509209,7.350889,-1.0411825,0.0001871638,16.24258,5.588488,0.1193109
"51","sub-0074","24",47.7368421052632,28.7301785218042,4.14780128571468,1.70844781344557,0.7,11.59270149375,0.5533255602,0.0224002011296087,7.9656105,-2.811378,0.00025974175,15.9522,3.983161,0.0915574399999998
"52","sub-0075","25",61.3974358974359,24.1592872860762,3.85037775189745,1.51014014323028,0.6,9.436435165,5.6109870043375,0.0166163586874585,6.0891825,2.8726955,0.000152648,13.987955,7.9977905,0.0722222349999999
"53","sub-0076","26",44.8101265822785,27.8816527990054,5.56928822404891,1.33295253618664,0.45,10.19284218625,-10.2568674125,0.0181139058794813,6.817999,-13.45165,0.00017980945,14.70991,-7.579569,0.078043155
"54","sub-0077","27",45.0384615384615,29.0782385306255,3.66458053798179,1.55333618942406,0.4375,13.15857506625,-19.99377211575,0.154707767607021,7.260264,-27.400235,0.001610109,21.14292,-14.47838,0.3536922
"55","sub-0078","434",49.65,19.2709527593517,2.74798867500358,0.867412730582062,0.85,8.86464472625,-5.9056429601875,0.0320610564275405,5.6213105,-9.459977,0.00060031075,12.565745,-2.530302,0.090956015
"56","sub-0079","28",52.5063291139241,28.5050033474654,3.31266281645321,1.65510978314113,0.5,7.88853798875,-29.2608236125,0.0130690490587025,5.2058885,-31.91119,0.00025125875,10.842225,-26.370855,0.046327495
"57","sub-0080","435",49.0375,26.8707378133335,2.88477294000622,1.18978943403536,0.5625,9.98273440625,-10.06755484375,0.020481069508737,6.277154,-13.51792,0.00025774315,14.18424,-6.889457,0.07401494
"58","sub-0081","29",32.4303797468354,17.8768461799369,3.9789718287444,1.25342977125463,0.5625,7.608686265,-11.36089967125,0.00933821715713299,5.3585965,-14.188605,0.00015171645,10.21355,-8.6800865,0.036195195
"59","sub-0082","436",57.5641025641026,25.755387656566,3.92453804935323,1.29541440043918,0.775,12.3675516375,-2.5740934133295,0.0343390162156734,8.2258105,-6.4343205,0.0002641543,16.696215,1.375147,0.1360709
"60","sub-0083","437",54.3098591549296,20.8584286144856,4.75608533733059,1.50045035992557,0.475,9.2950393675,-22.76333515,0.013491500745334,6.244646,-25.36715,0.0001596787,13.379,-20.4225,0.0539642
"61","sub-0084","438",62.325,47.2627385547664,2.48541454749211,1.33501881902178,0.8625,10.64640576625,-5.27095070271375,0.0268392556907474,6.705098,-9.0980185,0.00022472785,14.362725,-1.124439,0.10090985
"62","sub-0085","30",37.7088607594937,25.9926774198951,3.37220786962381,1.13969572919369,0.6875,12.86377089,-8.936054565325,0.0709401541253741,6.8353635,-14.06101,0.0004183645,18.768685,-4.166176,0.21380115
"63","sub-0086","31",66.95,21.0134977718512,3.87915820125781,1.13339187350275,0.55,6.66903923,-13.74328759375,0.00691429674269313,4.657528,-16.24827,0.00013116415,9.089323,-11.505405,0.026788365
"64","sub-0087","439",24.1410256410256,19.5266879370656,3.74032059102767,1.62113605348183,0.5875,10.6108311025,-5.2888620323625,0.0162985286476874,7.099715,-7.9944895,0.000174834,15.090965,-2.5193715,0.0679406949999999
"65","sub-0088","32",51.5333333333333,36.1495891095984,3.96422137332615,1.09954696309965,0.65,10.08505769,1.1798010952015,0.0141693942152565,6.829986,-1.4909305,0.0001718565,14.34949,3.7092655,0.059565465
"66","sub-0090","33",41.6329113924051,17.6491281219897,3.85007318480919,1.45711884215175,0.625,11.97221179125,-7.6041332639875,0.0268511092853305,8.248953,-10.912395,0.00022203505,16.90953,-4.2975925,0.12319845
"67","sub-0091","440",43.8,30.6847589265379,3.61443599750492,1.41936870501886,0.6,11.37777937875,-14.49599319,0.0127958217618576,8.3838525,-18.1293,0.000163871,15.025355,-11.0824,0.0506520999999999
"68","sub-0092","441",53.3544303797468,23.8295431671694,4.41600325999316,1.5361489762485,0.8875,10.64400692,6.0403805062025,0.056522514634655,5.605788,1.770834,0.00056522335,16.069315,10.579375,0.1454739
"69","sub-0093","442",50.4683544303797,25.7551764490956,3.38289849620601,1.19609199316616,0.375,12.6749830575,-32.63306445,0.0358223284014096,8.449438,-36.78777,0.0002298502,18.087455,-29.11854,0.16731215
"70","sub-0094","34",80.1794871794872,19.5213792823215,3.28822428973553,1.39443180795286,0.4875,7.32697990625,-26.61370885,0.00959366406525925,5.3141865,-29.23241,0.00014005235,9.6830055,-24.02365,0.03617361
"71","sub-0095","443",29.9125,22.5586121251432,4.5223347312407,1.01541226815783,0.8,9.95720506375,-4.51075561615125,0.0200772264312262,6.5334335,-7.8153285,0.000218987,13.50577,-1.215086,0.0783612949999999
"72","sub-0096","35",55.2133333333333,25.8991251721884,3.87786525263034,1.63462173844569,0.725,9.4710482525,-18.1973145125,0.0176043083296071,6.273743,-21.2612,0.00022038745,12.974185,-14.90289,0.0670215099999999
"73","sub-0097","36",53.2625,20.9766257799944,3.31469725749776,1.44699608304826,0.7,11.20262824625,-12.16826655375,0.0151976880732105,8.0869785,-15.2443,0.00019242425,15.2094,-8.9865885,0.06364441
"74","sub-0098","37",34.55,22.5657408083105,2.53841999124852,1.01595056788422,0.7625,12.67740049875,-10.40759897625,0.028612768820155,8.4195275,-14.2007,0.00024486075,17.197535,-6.43254600000001,0.11502935
"75","sub-0099","38",60.65,17.6879419701457,2.83827609623986,1.27193235384656,0.5375,13.13799898,-17.50625452875,0.0380780685359881,8.4913765,-21.911145,0.0002622287,17.89775,-13.49417,0.1663312
"76","sub-0100","444",59.125,27.5512755568617,3.3867662887511,1.32591416332831,0.7125,9.17600733,-1.1680714757315,0.0128148537771474,6.057687,-3.632265,0.00015300815,13.29209,1.222444,0.05312605
"77","sub-0101","445",52.775,12.2101586674189,2.00497599375085,0.600537085248751,0.75,10.21792572,16.180205485,0.0182926205352539,6.949618,12.690005,0.0002334204,13.820115,19.36877,0.069511045
"78","sub-0102","39",12.5584415584416,18.6861146777448,5.33152880512464,1.46706558798162,0.6,12.32827119375,-12.9311172745,0.0300291857847049,8.289843,-16.199615,0.00021703735,17.69846,-9.281249,0.14126555
"79","sub-0103","446",61.1298701298701,16.8556960927867,3.8698826753232,1.6528318533555,0.55,11.540276895,-1.63107919350388,0.0180976384898031,7.8297825,-4.6090495,0.0001899879,16.273655,1.4579975,0.078901235
"80","sub-0104","447",25.3037974683544,27.3263066782982,3.57078690625058,1.16788985019858,0.675,9.20754461,-11.45927501,0.0125347008420628,6.8774445,-14.545935,0.000167486,12.00905,-8.5102865,0.0501774699999999
"81","sub-0105","448",51.9350649350649,23.7870694984623,3.44670545898426,1.4777926998381,0.8625,8.42772921375,-0.125902392463588,0.0119425263435506,6.027109,-3.1502135,0.0002014784,11.143735,2.79704349999999,0.044997645
"82","sub-0106","40",55.3924050632911,29.1782399257932,3.34556875062835,1.24719979549555,0.7625,8.68288842875,-17.073132755,0.00906803855612875,6.3600955,-19.78602,0.0001374131,11.57331,-14.20648,0.0347274999999998
"83","sub-0107","41",47.8846153846154,31.0370456357915,4.09794994177815,1.62620854800986,0.875,8.663676665,-2.484504467875,0.0124254230590455,5.9461665,-5.6811015,0.00018611015,11.59771,0.516955699999999,0.047084485
"84","sub-0108","42",69.85,22.2096455268962,2.74984595999413,1.22723478066732,0.75,7.91240407,4.6410463692875,0.0102195998563492,5.572048,2.191728,0.00015523175,10.83567,7.020635,0.03984695
"85","sub-0109","43",8.15384615384615,17.3490348719752,2.73459561772149,1.19507505839928,0.65,9.651813295,-0.236630316292125,0.0153363536234489,6.681915,-2.816694,0.000191477,13.593605,2.1945315,0.06468738
"86","sub-0110","44",54.1898734177215,29.0834678342495,3.59916060253435,1.29509654760837,0.75,10.22030392,3.68982679353375,0.0154067430189213,7.5495945,0.61867805,0.00019459675,13.413665,6.86461,0.0662266
"87","sub-0111","45",71.1625,20.8238201908721,2.62803739375058,1.10260576708036,0.775,8.5925489775,-8.5188932625,0.010741353755177,6.3142735,-11.492735,0.00017049085,11.24747,-5.6307415,0.04187928
"88","sub-0112","46",48.012987012987,27.1479831113287,4.33695859610377,1.60772791112072,0.5625,12.6807417625,-6.541644947525,0.050047287065709,8.0175365,-10.23844,0.00031700205,18.34597,-2.8924875,0.21476105
"89","sub-0113","449",54.3670886075949,17.8850870518156,2.4892171670883,1.11396242020107,0.8125,7.51797011875,10.709435105,0.0137404885041381,4.6375635,7.369057,0.00023521205,10.63482,13.72408,0.04721795
"90","sub-0114","47",44.0506329113924,23.8364613695055,3.06733411265848,1.48698259606209,0.8125,11.216701235,1.67516060614225,0.0311039746125583,7.330246,-1.9726125,0.0002699005,15.279225,5.312345,0.11707055
"91","sub-0115","450",60.8375,22.6757237892661,3.44569508500035,1.47041170654988,0.875,8.57174544375,0.2068648274193,0.012206489762466,6.27108,-2.7285885,0.000188902,11.16423,3.036107,0.04713296
"92","sub-0116","451",53.2133333333333,26.936006913952,5.26772714399946,1.56160093942595,0.6875,9.82050857125,-0.885728919790325,0.149794825176787,5.759788,-7.1334095,0.036920615,15.60818,3.34593,0.29544055
"93","sub-0117","48",77.8974358974359,26.1288464482575,3.11978515125029,1.00272549864787,0.675,12.531166785,-4.49379638381537,0.149589153298737,6.26193,-10.59071,0.00086332215,20.481095,3.83301549999999,0.3227638
"94","sub-0118","452",51.75,26.7952858124737,3.37422807624971,1.1978026372337,0.4875,10.51512634375,-32.058543975,0.0245652197143275,7.218,-35.179725,0.00022665185,14.33342,-28.90651,0.1019644
"95","sub-0119","453",42.4556962025316,27.4169129293068,3.39702114936563,1.22869057175073,0.6125,13.74805841375,-1.08314554336987,0.0916632564671715,7.906534,-6.01969,0.00046865685,20.486175,3.45042499999999,0.3170358
"96","sub-0120","49",46.6329113924051,36.9463149042617,3.5784922524992,1.45595231185643,0.8,9.3124196275,-13.8162050725,0.00992355145867075,6.8243235,-16.766325,0.0001472756,12.34345,-10.686395,0.039621855
"97","sub-0122","50",69.1866666666667,10.2346699247444,4.18604326623533,1.57062193111169,0.7375,12.39963891625,-0.6411881158685,0.0491982728822317,7.2314605,-4.890339,0.00029809025,17.359705,3.451797,0.18103675
"98","sub-0123","51",35.7375,27.6019370765848,3.11827012374852,1.10588856815727,0.325,12.073518605,-39.8025552125,0.0287887557544566,8.148271,-44.01488,0.00022434135,17.1444,-36.460945,0.1329662
"99","sub-0124","52",28.6666666666667,23.2209414368178,3.77554159999709,1.20424838734388,0.775,8.08302494375,-14.46149070375,0.0141704471999487,5.662784,-17.403615,0.00020300305,10.777735,-11.3737,0.052101385
"100","sub-0126","454",18.0125,25.9817334811122,2.97961920251255,1.37899459692345,0.8,9.2649008,-10.0407796375,0.0225651136320655,5.8449575,-13.47986,0.0002467728,12.54715,-6.5489,0.08111318
"101","sub-0127","455",47.3037974683544,25.8354528975204,3.14724716835337,0.974840411458531,0.75,10.2906512475,-8.01789285025,0.022306953864757,6.96433,-11.45321,0.0002395162,13.791035,-4.7277885,0.0847654399999999
"102","sub-0128","456",58.2405063291139,15.8488171441451,2.54493157841454,1.13689768616093,0.525,7.90145925,-21.3861555,0.0142989068406098,5.153702,-24.411715,0.000203068,10.84692,-18.58698,0.0515231149999999
"103","sub-0129","53",44.0253164556962,32.3454806749085,4.27766026204004,1.62396710861965,0.6125,9.37465205375,2.52962313701125,0.0185493603045476,6.1099165,-0.1405848,0.000177721,13.809255,4.8733445,0.07991469
"104","sub-0130","457",47.875,24.2942796830129,3.21661514749285,1.52595257527544,0.5125,7.8359427525,-23.6749117125,0.00800428259806587,5.5998595,-26.2168,0.0001465684,10.654825,-21.28619,0.03109559
"105","sub-0131","458",54.8,24.7603194188104,3.74800953876693,1.80334344322514,0.6625,12.08978518625,-5.40920066264575,0.101877314409339,6.5134575,-9.567224,0.00094401325,19.093675,-0.216620800000004,0.26492325
"106","sub-0132","54",50.8,32.5865546553145,3.50620474251336,1.48791361427781,0.45,10.2663498275,-18.832930495,0.13558997158,6.3511475,-23.669185,0.027535325,15.6332,-15.091745,0.2826177
"107","sub-0133","459",71.8987341772152,23.3526998036788,3.06185810632202,1.54369337058605,0.5125,9.82143104875,11.1733000375,0.0147601641812766,6.7164075,8.6695305,0.00016843995,13.8917,13.8268,0.06254309
"108","sub-0134","460",48.4805194805195,29.0265805542774,3.60535339087659,1.43990907639432,0.8875,7.83826512625,-0.7600598968265,0.00781502547676625,5.4174315,-3.6320035,0.00014356045,10.77167,1.8516305,0.030107255
"109","sub-0135","55",47.5890410958904,33.9222295259639,3.63340836486502,1.86613453540825,0.5375,12.6547721175,-15.681851319625,0.0315443290634815,8.6998885,-18.979215,0.00021525225,17.693435,-12.270475,0.1481389
"110","sub-0136","461",42.95,34.0111299727797,2.8301099100092,1.28731923122728,0.775,8.4930543775,-9.4942938575,0.0176765988047974,5.5063015,-12.63584,0.0002278303,11.58283,-6.4042135,0.062622225
"111","sub-0137","56",56.0125,22.7726761378853,2.70032013377058,1.21465705900539,0.8375,9.42066328625,-10.0102674980375,0.0196385617371889,6.119103,-13.337765,0.00028550775,13.016245,-6.401867,0.067814035
"112","sub-0138","57",36.8481012658228,27.2604196064151,3.5344628645225,1.44102231312263,0.7125,9.455746745,-12.27094168125,0.0112962571757379,6.94095,-15.03931,0.0001662523,12.55943,-9.396866,0.04569306
"113","sub-0139","58",37.1794871794872,23.6658247705687,3.23282315000557,1.46990786921663,0.3875,9.3718683525,-33.1952948,0.0137325722507704,6.983579,-36.026475,0.00019280445,12.333575,-30.403095,0.05658113
"114","sub-0140","462",63.7307692307692,9.07067928973474,3.47844186025218,1.33464682290903,0.7875,10.7065078175,7.1891714355625,0.0154327948639157,7.8752275,3.74065,0.0001653294,14.098675,10.411825,0.0660415449999999
"115","sub-0142","59",78.4430379746835,14.6074680894986,2.45823500631377,1.24526472916386,0.8,10.76683293125,-3.926232527625,0.0175549557741518,7.83107,-7.2772785,0.0002004907,14.276235,-0.363355900000001,0.073455145
"116","sub-0143","60",25.1923076923077,22.5751602904135,3.46721384358497,1.53340567844027,0.5375,9.04084700625,-6.182262246125,0.0312933747219,5.248689,-8.8393635,0.0005180381,14.04738,-3.699502,0.1072591
"117","sub-0144","463",45.7088607594937,26.1652303535574,3.3877876425162,1.03420048898627,0.7875,10.29219574875,-3.42483114455375,0.022474904208358,6.5565795,-7.056767,0.00023851105,13.996025,0.124030249999999,0.0854784
"118","sub-0145","464",46.2625,29.2971436591057,2.27168760250206,0.612648105466031,0.85,9.18660848,-1.57855076768787,0.0101647560456214,6.6511015,-4.7691005,0.00014889715,12.182475,1.3778505,0.04015301
"119","sub-0146","61",30.4230769230769,25.8364080324642,4.00371167090238,1.41240591200425,0.6125,12.97876777625,-1.6590533462455,0.0480055278064516,8.2059735,-5.737251,0.00027959095,18.69334,1.9496525,0.20035655
"120","sub-0147","465",49.2207792207792,29.1017377744026,3.24907358333421,1.52607760123758,0.7125,13.35984169625,-10.8882001366625,0.0816379633765962,6.7179295,-16.813635,0.0004953326,19.910775,-5.390078,0.22666215
"121","sub-0148","466",76.7125,14.0822122740586,3.62127695753588,1.03455455573296,0.5125,10.00821357375,-11.516248975,0.0166683391567913,6.830916,-14.25704,0.0001877675,14.132575,-9.0419475,0.0736287999999999
"122","sub-0149","467",36.7,29.3000194409578,3.09320604497916,1.55123820510273,0.5875,13.99835730125,6.95655363457125,0.127472331624945,7.1076735,0.554124600000001,0.0007909176,21.742175,12.79141,0.30619255
"123","sub-0150","468",41.9350649350649,21.4128205954048,4.29525781687736,1.68837923450364,0.6375,12.42932988375,4.47899454402137,0.070686651842835,7.8534675,0.5204203,0.0014970465,18.625635,8.400063,0.20216345
"124","sub-0151","469",44.8875,26.4374081678388,2.28123495003674,1.19458123381742,0.7875,9.3140505725,11.61897680375,0.010642633608583,6.788613,8.5312355,0.00016091415,12.313995,14.52422,0.0435733449999999
"125","sub-0153","470",40.9875,30.7095390903094,2.53816058750963,1.2239047219988,0.5,6.6989756825,-20.4410151375,0.00721328326868875,4.552572,-22.45061,0.0001277833,9.3931685,-18.286385,0.0276373999999999
"126","sub-0154","471",61.7,23.0505223862385,2.20609707251424,0.766559205211247,0.5375,9.9453877025,-20.5644277775,0.0286317746812741,6.050975,-24.370525,0.00033713405,13.840075,-17.02375,0.08951557
"127","sub-0155","472",61.3506493506493,29.3700376474887,2.8959101269231,1.37115403099562,0.6,9.36100077125,-11.07255503875,0.0115308868444905,6.7155685,-13.87219,0.0001519792,12.70354,-8.420623,0.048567845
"128","sub-0156","62",50.1012658227848,20.5997230107771,3.20325880506319,1.595853775908,0.6875,12.3017676725,0.51338820126975,0.0267103407822378,8.1695135,-2.9505885,0.00022306525,17.197735,3.9291735,0.1110181
"129","sub-0157","63",59.7105263157895,25.0821667269656,5.18002454868378,1.62724047496083,0.7875,8.97422803375,4.505398734375,0.009981344767778,6.4622785,1.7770865,0.00014405975,12.014845,7.383826,0.0398225149999999
"130","sub-0158","64",76.0379746835443,23.9274775198074,3.81127330632886,1.89790448294916,0.6875,10.965624445,-9.354343034125,0.0247076543334675,7.32631,-12.73305,0.0002500447,14.882515,-5.9135065,0.096311835
"131","sub-0159","65",52.625,31.2905433200803,2.55902301124984,0.873812224533507,0.9125,8.0348945075,-5.549062919875,0.0126616250661819,5.1766195,-9.0213265,0.0002103171,11.101775,-2.405214,0.044018945
"132","sub-0160","66",71.9493670886076,18.0681748359368,3.14369554625014,1.24799749136226,0.5125,9.36052399,-18.33262521125,0.0138667813830392,6.94684,-21.46483,0.000185473,12.195915,-15.220285,0.05534499
"133","sub-0161","67",52.1184210526316,32.0357996020132,4.50576718181798,1.86543695978308,0.5375,12.12467875625,-20.42492774625,0.0721442300482912,6.5690065,-24.290305,0.0004917002,18.1798,-16.53425,0.21131295
"134","sub-0162","68",76.125,26.3786329911353,1.96185957999942,0.788007713147332,0.8,8.49446464625,1.25298397734195,0.00991835610826412,6.0483565,-1.2548975,0.00014755595,11.466265,4.0187785,0.039635125
"135","sub-0163","473",85.126582278481,23.7812504731535,3.38543800126225,0.876790237195244,0.5625,12.71747546,-7.93390276455,0.0348335934807996,8.427229,-11.520515,0.00024051895,18.10629,-4.474645,0.15964715
"136","sub-0164","69",46.4102564102564,27.161104685296,3.81787532025173,1.72131519577351,0.8,10.13768978875,-4.80676991056163,0.0165399134859486,7.3289905,-7.761421,0.0001910947,13.561015,-1.7688735,0.0660130549999998
"137","sub-0165","70",35.9746835443038,22.1521398419669,3.34101271518592,1.13231247032316,0.5625,13.16768704875,-4.3832546678725,0.0355270591920547,8.9546,-8.0577045,0.00024827415,18.4531,-0.762901200000001,0.16119095
"138","sub-0166","71",53.7375,27.8443884535903,2.54103082500005,0.856479134436589,0.675,15.02773518625,-1.74645813243138,0.0799976407279094,8.513701,-7.257136,0.00041726735,21.344545,3.9838465,0.2582826
"139","sub-0168","474",86.3625,26.971735674896,2.80201077624806,1.40267183954117,0.725,11.24501549125,-4.690614025805,0.0331774011098989,7.412282,-7.952754,0.00040368245,16.090365,-1.0997655,0.1211593
"140","sub-0169","72",47.0875,36.2687555146614,2.0758730424961,0.81092504637464,0.5125,6.24346335,13.64876889625,0.00654436632722125,4.075713,11.31623,0.00011717295,8.878666,16.368655,0.02506767
"141","sub-0170","73",37.9102564102564,28.3655112963301,3.98041197974485,1.75721945839113,0.5,7.70439428125,7.81607963975,0.0427173221845625,4.964977,5.653496,0.0032846555,11.481115,10.334325,0.12614085
"142","sub-0171","74",64.65,28.9093301044595,2.34862604000809,1.25334696131753,0.6,11.97934848,8.261909743,0.03706056910114,7.1770985,4.491075,0.0003676433,16.67868,12.371115,0.12655655
"143","sub-0172","475",27.175,32.0524787248204,3.98414521250004,1.30811916897898,0.5375,10.99775547625,14.61303735625,0.0233905741089664,7.469555,11.58215,0.00021660205,15.508205,17.484775,0.1009545
"144","sub-0173","476",69.6455696202532,10.6675135577465,3.30021285822801,1.42844162360068,0.875,9.61441758625,-5.77873755354375,0.0269455524638914,6.055174,-9.531897,0.00031145835,13.153515,-1.71762450000001,0.091438895
"145","sub-0174","75",64.8,30.032218985869,2.5328173162532,1.24957760008803,0.5125,9.250183435,-21.8305901,0.0116443706402174,6.7324325,-24.824305,0.00015360325,12.23971,-18.721395,0.04616125
"146","sub-0175","76",60.1688311688312,26.3515717085451,4.06533476493496,1.57026502308035,0.5,6.70318454125,-15.7415937025,0.00856092017476187,4.662084,-18.26181,0.0001674317,9.0331405,-13.206685,0.03042487
"147","sub-0176","77",64.8860759493671,28.3408680818916,3.66876194810119,1.25882559775589,0.5125,10.78111674875,-9.753493649875,0.127104548181362,6.3809915,-14.77981,0.01499773,16.708975,-5.836283,0.28305815
"148","sub-0177","477",39.7820512820513,29.992487126767,3.45056018076908,1.38015521313718,0.7,9.64497098,-1.308429751545,0.2271704233125,6.0982115,-7.091518,0.119982,14.10884,5.17997,0.34456405
"149","sub-0179","78",69.44,24.1225698958129,3.75489984342436,1.68071815183691,0.425,13.36215279375,-26.543628135,0.0814490859822112,7.5708945,-31.473325,0.00052977945,20.293955,-22.296245,0.25152105
"150","sub-0180","79",42.12,34.8704009851459,3.84104992133643,1.82670537051894,0.8,10.064669685,-4.467903629965,0.0157505615075131,7.4183215,-7.5571305,0.0001969891,13.21065,-1.3579095,0.063075855
"151","sub-0181","80",38.125,26.1700258533414,2.83189643750011,1.14583570396705,0.5,12.4029431825,-17.53551273,0.0354708485400598,8.264751,-20.89362,0.00025853515,17.89575,-14.279445,0.16486575
"152","sub-0182","81",77.6923076923077,25.6162021031575,2.42189047721405,1.54122650258779,0.7875,10.1330157025,1.6328072882745,0.0159341492282465,7.17414,-1.4620955,0.00021450635,13.499525,4.9079315,0.0621853099999999
"153","sub-0183","478",69.5125,26.9171225680193,1.94027665499998,0.78472094574414,0.7125,13.1354049575,-11.79946420825,0.03730460539083,8.655233,-15.791865,0.0002573387,17.95824,-7.7749425,0.15120315
"154","sub-0184","82",63.45,23.62464921714,2.27412244249954,0.837660387066705,0.7875,10.5156191875,11.111231795,0.021298516433287,7.2184885,7.507638,0.0002325499,14.002965,14.625265,0.0843393949999999
"155","sub-0185","83",35.2025316455696,18.0968758791545,2.61934115569538,0.861411503956335,0.4875,11.39194905875,-14.52802245375,0.023579286246297,7.7301985,-17.862465,0.000212605,16.112055,-11.54599,0.1082305
"156","sub-0186","479",42.1315789473684,27.7149019387348,3.94160486052485,1.65734461419246,0.6375,14.00783824125,-3.729720811596,0.0607605805301838,8.3842135,-8.169615,0.0003207615,19.93951,0.465641049999999,0.23295345
"157","sub-0187","480",48.3670886075949,26.7774193118917,3.54282871139371,1.49994271538074,0.8125,9.0937947325,-3.18032544291313,0.0190903854225656,5.926024,-6.4050595,0.00023274935,12.508835,-0.0430418800000001,0.06688112
"158","sub-0188","481",42.8354430379747,24.4547884146186,3.15666209493876,1.29854499016134,0.6125,13.03699370625,-16.386090235,0.0334142491889589,8.720786,-19.91423,0.0002604455,18.3726,-12.545015,0.1401462
"159","sub-0189","482",56.6025641025641,28.8094229460232,4.3332823051277,1.43686908889118,0.5625,8.0910661125,-10.47760641875,0.00809780522047713,5.771168,-13.42877,0.00012219145,10.88964,-7.8501105,0.03196658
"160","sub-0190","483",52.7922077922078,29.9338470905506,4.36099641923703,1.37038166387313,0.6375,11.23137435625,-9.448051570625,0.0242219317407248,7.86899,-12.654135,0.0002559191,15.268145,-6.1789025,0.098179045
"161","sub-0192","84",58.5128205128205,10.5912774571889,3.69696705895834,1.47634058216232,0.5,12.93219491375,-22.46716314125,0.0303653852164537,9.0168245,-26.030685,0.00021188075,17.88956,-18.659855,0.1447642
"162","sub-0193","85",62.4125,15.6170093491891,3.18415185999183,1.01991580092122,0.8625,6.80489231125,-4.05499393721875,0.00704806607002913,4.8246745,-6.3420325,0.0001197388,9.223625,-1.533375,0.027395245
"163","sub-0194","484",10.4285714285714,19.280770739282,4.71719252987012,1.70413409284268,0.4875,10.18078507875,-4.1136732389,0.4341893627625,5.960635,-25.46092,0.35984,16.099935,18.3263,0.4876485
"164","sub-0197","86",52.7125,35.5934120451055,3.09622004874691,1.13498228231664,0.6,12.37041620625,-7.1040511797125,0.0386992579211496,8.1048405,-10.39,0.00024699715,17.77332,-3.478957,0.1673441
"165","sub-0198","87",65.4935064935065,26.3561754356612,3.40225642727228,1.64001710488881,0.675,10.3072325925,-9.7578020875,0.0177726589989362,7.320261,-12.61201,0.00018867995,14.068925,-6.942421,0.0739678849999999
"166","sub-0199","485",51.2105263157895,16.4554475595763,3.75552181052167,1.47657944215392,0.5375,7.67347098625,-19.984839275,0.00804412565473475,5.5240495,-22.641215,0.0001344855,10.2748,-17.465095,0.03019327
"167","sub-0200","88",35.027397260274,31.0438635029085,2.89030674794268,1.5349270598548,0.55,13.20064279875,-18.22896965375,0.0473222216344761,8.4926595,-21.960265,0.0002699201,18.948775,-14.2475,0.1886672
"168","sub-0202","89",38.225,22.5971741260055,2.84493177625045,0.8855141776992,0.5875,10.0238233725,10.28178117175,0.0180051821908785,6.6061205,6.9792625,0.0002384376,13.69831,13.81286,0.0673315399999999
"169","sub-0203","486",26.9620253164557,25.0468499672394,3.71504830750346,1.1755505097373,0.5625,12.123815195,-14.72007219,0.033156699479855,8.0507295,-18.214085,0.00028373085,16.58381,-11.18838,0.1326576
"170","sub-0204","487",34.5333333333333,32.6531043734776,2.9463985723667,1.66588668745386,0.55,13.22245802,9.57225439275,0.058636698019386,7.604611,5.3756045,0.00033976585,19.013885,13.64435,0.2015231
"171","sub-0205","488",1.575,8.59757840501497,2.90261710999766,1.35706206016865,0.5375,12.64963788,-15.8369962725,0.038605113396195,8.414388,-19.51549,0.0002648806,17.34516,-12.05351,0.1547491
"172","sub-0206","90",61.5,21.8075587871078,3.96174645752471,1.40112980279713,0.6,10.9911335175,-6.12436180661337,0.0804312457083775,6.265319,-9.5927235,0.0012555745,17.628765,-2.542202,0.2250092
"173","sub-0207","489",42.875,27.2133506885169,3.3728015199973,1.53545033877532,0.55,10.63346829625,-17.41490988875,0.0165241121880185,7.714107,-20.321625,0.00020656705,14.416875,-14.4735,0.0702694899999999
"174","sub-0208","490",41.2658227848101,28.5462777046098,2.56473003000101,0.549572351897453,0.575,7.43202984125,-15.310663605,0.0075590077257625,5.4704795,-17.85898,0.0001364197,9.796416,-12.799795,0.02864933
"175","sub-0209","491",57.974025974026,27.9844759718736,4.18764071948123,1.51467886986955,0.6875,11.28965529,-4.21164210274,0.0176102356622697,8.229932,-7.304522,0.0001885955,15.187075,-1.0575885,0.0741206649999999
"176","sub-0210","492",53.4285714285714,20.0219804027504,3.3514385402638,1.72007644832441,0.5625,9.71264175125,-14.91254584625,0.0337355621394924,5.4429575,-18.79963,0.0004594257,14.17707,-11.314505,0.1001227
"177","sub-0211","493",38.3098591549296,18.5507732216945,4.66091672896628,1.8162736682013,0.55,11.56050853625,-11.43876415875,0.0254729196323805,7.726007,-14.460015,0.0002178653,16.57082,-8.428875,0.1131837
"178","sub-0212","494",54.2375,29.365114819364,2.90426737376256,1.52543260429451,0.85,8.62260870125,-2.8317400982455,0.0130161701287577,6.238441,-5.685609,0.00016992255,11.308395,0.0637811349999986,0.05120646
"179","sub-0213","495",71.6625,21.9515829422592,3.1582633474929,0.99597869970775,0.7875,9.39811329,-0.945523645008375,0.0231135475526477,5.8260185,-4.2120665,0.00042663795,13.85633,1.801875,0.076663885
"180","sub-0216","496",57.325,15.3233296114045,3.98089092998998,1.45692382551828,0.4,9.910103535,-32.9763508625,0.015322770174135,7.253481,-35.91177,0.00015877305,13.213805,-30.15914,0.0617269
"181","sub-0217","497",56.475,27.1507628631431,3.74744115000649,1.5420429765991,0.5375,13.20399380625,-19.951789445,0.0533176927342476,7.913221,-24.14229,0.00035698115,18.910525,-15.80847,0.18796055
"182","sub-0218","91",90.6666666666667,15.6227162833249,3.25163978480003,1.6641873002936,0.7875,9.75947962625,-13.23787616,0.01078936837686,7.0106765,-16.199205,0.0001525017,13.101325,-9.9874035,0.0437707799999999
"183","sub-0219","498",48.5569620253165,26.1262942682434,3.87610025316126,1.32742302769937,0.55,8.87278073125,-20.3967014625,0.0152617573164354,5.981197,-23.44367,0.00023350655,12.241485,-17.58808,0.0554930249999999
"184","sub-0220","499",40.5454545454545,27.3122998388645,4.42271198076718,1.55371519576345,0.5375,8.50571149625,-23.3315740875,0.0174890783831185,5.7086595,-26.47783,0.0002059928,11.483105,-20.18392,0.063460545
"185","sub-0221","500",22.7435897435897,23.4107511640116,4.36841842051497,1.59753040545909,0.525,9.78234844,7.0906953753375,0.104338555362813,6.014918,3.685354,0.013699645,14.834055,11.160815,0.22999185
"186","sub-0222","92",89.1,22.1076766551487,2.24228147124886,0.983166742934736,0.6375,12.9929286075,-8.99100762775,0.0407203632341162,8.6372845,-12.79794,0.0002829058,17.94386,-5.26086,0.1758801
"187","sub-0223","501",51.8354430379747,35.8699325482938,3.48861109620606,1.36386662746643,0.575,15.1458690525,-5.4980110189925,0.0599789662984503,9.460115,-10.186475,0.0003037723,21.214655,-0.636036950000004,0.2412608
"188","sub-0224","93",54.4625,22.0643155114167,2.95652390624164,1.17907956444817,0.5875,10.69927573875,7.61843943,0.0116275316794431,7.7149515,4.5983435,0.0001564988,14.40193,10.78895,0.04691208
"189","sub-0225","502",84.1168831168831,28.1667842950812,3.44441455583898,1.91626681314844,0.55,8.3785064975,-14.7843256125,0.0253891662868649,4.8388915,-18.13984,0.0003348404,12.1916,-11.73389,0.08087022
"190","sub-0226","94",26.1298701298701,25.1497361340928,4.37408591558637,1.69262353836157,0.625,12.75902218625,3.81284701845125,0.0414776782304392,8.4255135,-0.560634,0.0002583969,18.4044,7.4325015,0.2005143
"191","sub-0227","95",95.0253164556962,12.4354483835982,2.18592227749759,1.02603616412152,0.8,10.4859275825,10.12837202125,0.0152219560201629,7.8580995,6.765032,0.00017955695,13.62883,13.462445,0.064821965
"192","sub-0228","503",54.2875,36.1078531203674,2.4397323037585,0.825167361365508,0.7,11.5032632225,0.796349133796,0.0297435168011102,6.995877,-2.9040195,0.0003425155,16.438465,4.1984205,0.10830545
"193","sub-0229","96",47.975,25.6919309600446,3.68791162749403,1.26434508185192,0.5375,11.389759155,-14.02790031125,0.0275786608985655,7.729589,-17.0094,0.00021757755,15.811525,-10.9487,0.121293
"194","sub-0230","97",46.5,24.8987824418908,2.53215338247246,1.01618679624437,0.6625,9.7697344925,-13.29868716375,0.0152911419000554,7.014977,-16.1558,0.00020290385,13.03588,-10.448715,0.0604696499999999
"195","sub-0231","98",49.9,27.3165225653503,3.35032659874996,1.3037298861021,0.55,7.94440948875,16.05004199875,0.00790168361265563,5.911447,13.44904,0.0001334508,10.376115,18.762215,0.031542675
"196","sub-0232","99",50.3291139240506,33.5099378749691,3.27832526204624,1.58898354091943,0.825,8.4419828425,0.162642175697612,0.0135379758689883,5.587997,-2.724282,0.0002087487,11.700285,2.852103,0.04901918
"197","sub-0233","504",19.2784810126582,17.3862137463085,3.64599283624266,1.28500431765664,0.6375,14.14332177375,-4.13901179246325,0.0832950384799825,8.1691075,-8.805612,0.00035901625,20.528335,1.02111049999999,0.2987824
"198","sub-0234","505",65.05,22.7389700622889,2.91546624749608,1.30680709072842,0.575,12.90736172,6.9838941831375,0.123126332465357,7.2807795,2.1390095,0.0017891645,20.70719,11.8717,0.29135455
"199","sub-0235","506",62.9480519480519,35.6484649790939,4.99310697125911,1.34908620502428,0.575,12.94646813625,-12.61483713625,0.04308130145856,8.124644,-16.3992,0.00030509355,18.25445,-8.696249,0.1622206
"200","sub-0236","507",62.2875,25.2813003140586,3.3910623475007,1.30893853914403,0.55,10.31167735875,-18.502993475,0.0111343652257291,7.6482005,-21.684605,0.00016666795,13.636625,-15.45164,0.0442789299999998
"201","sub-0237","100",59.9230769230769,18.5456749120127,3.03642891013488,1.13133884423702,0.7875,10.7828500725,-13.39787211,0.0200291585561971,7.399095,-16.897785,0.0002542143,14.624695,-9.5817775,0.0764037899999999
"202","sub-0238","101",89.1518987341772,19.4712731252432,1.87444218986114,0.762488909742383,0.825,8.71000038375,5.737942437775,0.0245090787913364,4.871982,2.2968055,0.000341294,12.76435,9.616064,0.07664144
"203","sub-0239","102",46.25,24.8690239943263,3.67831089000101,1.18905775161829,0.6125,11.8995516625,-6.7946244745405,0.285806565377525,6.71497,-16.630595,0.1033169,19.33001,3.7570995,0.43276005
"204","sub-0240","508",61.5875,31.6854371972322,2.62034032874799,0.981648472899913,0.55,8.37688902,-18.849021475,0.00849484570617589,6.2057035,-21.70909,0.0001407441,11.029205,-16.192555,0.03265635
"205","sub-0241","509",54.3625,28.2270378282412,3.43999319999712,1.40183439103201,0.6375,8.4814866,-9.61349070375,0.017066057186004,5.5753075,-12.55076,0.0002982954,11.865555,-6.9066475,0.0600481499999999
"206","sub-0243","510",33.1923076923077,14.3861925978536,2.61192451013382,0.835380112051776,0.55,8.34541789875,-12.32987957,0.00965824624097506,5.8372815,-15.145235,0.00014960385,11.33521,-9.7979595,0.038779155
"207","sub-0244","103",32.6075949367089,30.9960368523424,3.16811692404349,1.60500586898408,0.7375,13.6925321725,-5.497069680228,0.0309395440983681,9.481094,-9.3758425,0.00024209725,18.404395,-1.401594,0.1311644
"208","sub-0245","104",51.2375,42.6769566227757,2.97764032874838,1.19731516077298,0.4875,10.06653784,-23.454042025,0.0166977724299266,6.6688885,-26.2795,0.0001825332,14.63194,-20.88122,0.0723949099999999
"209","sub-0246","105",50.3125,30.6691589406456,3.58779159999103,1.43771795109672,0.825,9.58250705375,-9.95735273625,0.0200195237325029,6.322782,-13.26962,0.00021545405,12.88529,-6.605602,0.0746141449999999
"210","sub-0247","511",40.6125,21.3710402357839,2.71982959376182,0.790241562652789,0.75,9.62208364375,-8.100618361875,0.0131826644779696,7.0044345,-11.145845,0.00018943865,12.738935,-5.1368435,0.053304745
"211","sub-0248","106",73.375,30.7774267930248,2.35244712374406,1.09362633343847,0.875,9.06638505625,4.2959684913675,0.025847917870724,5.2697175,0.55211015,0.00026998605,12.67564,7.96508749999999,0.0850711149999999
"212","sub-0250","107",77.4936708860759,18.3672460826202,2.48273754810702,0.949321314368845,0.8,9.08734718,-6.4206890695,0.030207198688375,6.537993,-9.3755755,0.002493202,12.164345,-3.2194115,0.08621901
"213","sub-0251","512",92.45,14.3155222473785,2.34231613875891,1.10731733903787,0.7625,12.69832210375,-0.15792982221225,0.0386514016090925,8.2502145,-4.2619335,0.0002949874,17.336515,3.8461775,0.14517125
"214","sub-0252","108",70.6375,14.3396800539842,3.02431685125048,1.11440160656328,0.85,7.28138598625,4.446850987985,0.02599092607284,4.1304395,1.7378005,0.0006469579,11.453225,7.8172465,0.0718435199999999
"215","sub-0253","513",54.7375,31.4388068467836,2.59630463000794,0.862787068784176,0.7125,11.23846792,2.45517534127038,0.0200581043036698,7.9709915,-0.764332,0.0002233784,15.297885,5.610282,0.0872613
"216","sub-0254","109",47.975,33.1207896774935,2.43006670000323,1.37416858198329,0.75,10.92995292375,0.462196347497625,0.0197225617893513,7.806798,-2.6953375,0.0001918885,14.728625,3.690905,0.0826607349999999
"217","sub-0255","110",58.2405063291139,27.4264588653765,3.76929721266291,1.53888436166388,0.55,11.48527796,-13.92060263125,0.082405849420895,6.1745095,-17.84798,0.0008321948,18.0128,-10.115815,0.2242438
"218","sub-0256","111",67.1298701298701,18.2492614481782,3.92678842206135,1.76519111400777,0.525,10.79437111625,-20.9728483125,0.028624235580859,7.2888565,-24.65115,0.00029219165,14.5029,-17.278975,0.10194605
"219","sub-0296","112",43.5,19.0357466132224,2.5338593517101,0.891184549762519,0.866666666666667,8.553293855,-7.38484689725,0.0150807923379021,6.083416,-10.66079,0.0002021275,11.35231,-4.165703,0.0582561799999999
"220","sub-0297","113",65.1186440677966,24.0151423106072,2.42834016270896,0.751392874182879,0.766666666666667,9.4801821675,-8.4810266305,0.017233671635827,6.8200515,-11.77014,0.00020266555,12.78181,-5.1323745,0.07110981
"221","sub-0298","114",56.4915254237288,23.3018963867572,2.67558653898324,0.931856634108581,0.75,11.86425972625,-5.78946581345375,0.0327063035280195,7.882631,-10.58682,0.00024354565,16.08941,-1.208979,0.12728755
"222","sub-0299","115",84.3389830508475,15.650944853588,2.65024986610143,0.788910216127848,0.133333333333333,9.32487559875,-48.3592110875,0.0244717916093023,6.2255535,-53.340325,0.00048686275,13.25361,-44.122475,0.077325055
"223","sub-0300","116",75.1636363636364,24.531735784613,2.74006800000043,1.13628798361399,0.533333333333333,11.0616145475,-15.846031175,0.02476543557343,7.7090295,-19.94741,0.00021240405,14.859265,-11.84424,0.1057505
"224","sub-0301","117",39.8620689655172,23.387242193099,2.60449696206907,0.955575655593142,0.716666666666667,10.761294345,-6.84197786515,0.0247444272816135,7.479584,-10.770765,0.00019925265,14.45034,-3.058793,0.1035224
"225","sub-0303","118",48.4655172413793,20.6934310428276,2.75975534310218,0.929417410506934,0.5,9.17565760875,-33.3546655375,0.0158641171701904,6.5647955,-36.48931,0.00017825415,12.58084,-30.129595,0.0671894799999999
"226","sub-0304","119",12.0714285714286,18.484250930658,2.7108715964284,0.834044942657729,0.666666666666667,14.02655519625,-13.8127801489,0.106938597884471,7.5589385,-19.9653,0.0006556354,21.124735,-6.41020800000001,0.2995713
"227","sub-0305","120",60.7457627118644,18.862106896193,1.08429460678352,0.845620223388491,0.45,10.28569751375,2.01960526264187,0.411331480469875,6.069668,-24.38943,0.27457985,16.27325,29.229555,0.48631565
"228","sub-0306","121",49.9298245614035,29.5422576569339,2.80576840701734,0.971579549845882,0.45,8.3079553575,-32.5845701875,0.065213804903825,5.399902,-37.064695,0.01103424,12.054695,-28.00393,0.1429058
"229","sub-0307","122",74.6779661016949,27.3845165653161,2.80330299830727,0.806382643221719,0.483333333333333,8.3056255775,-20.1838965125,0.0141246564478955,5.993853,-23.44526,0.00017088575,11.06756,-16.969775,0.0561833449999999
"230","sub-0309","123",62.4576271186441,24.1091784166845,1.96382835667076,0.572722701524993,0.883333333333333,8.45894091125,3.35115039953376,0.0133752794558,6.1604205,0.0336840750000001,0.00018754205,11.241045,6.6415645,0.05372281
"231","sub-0310","124",54.8474576271186,16.9093052930587,2.9167863100025,0.794129407884019,0.866666666666667,8.6009813975,-5.3285463739625,0.0126173241519191,6.3720805,-8.403684,0.00017251765,11.41068,-2.174444,0.051989595
"232","sub-0311","125",62.9642857142857,13.7562736573196,2.46308752321758,1.12701744636584,0.533333333333333,13.4840923875,23.52813666375,0.0470189456223783,8.4131385,18.14388,0.0003429192,18.940305,28.639,0.1708927
"233","sub-0312","126",66.8448275862069,21.2378359192069,2.88200317759364,0.694751414614599,0.6,13.21276458375,-16.15799834125,0.0466289399065863,8.160294,-21.70773,0.0002952829,18.57868,-10.90756,0.1679669
"234","sub-0313","127",54.1034482758621,18.6007825294476,3.16555588666573,0.726045786114182,0.666666666666667,13.06396065,-17.65076031375,0.0735838874389765,7.114305,-23.3961,0.00050860395,19.053875,-10.69343,0.220463
"235","sub-0314","128",86.864406779661,20.0623662329786,2.52583045166684,1.05499753461826,0.85,9.90620817375,-9.55959228125,0.0170760936968516,7.1622915,-13.24174,0.00018880365,13.215195,-5.812511,0.0723725599999998
"236","sub-0315","129",64,22.8181214534998,3.06789823103363,0.74393626359224,0.816666666666667,11.31687069625,-5.5281650630175,0.0213821517700198,8.112701,-9.9857805,0.00022585575,15.12383,-1.2353575,0.08740146
"237","sub-0317","130",38.3389830508475,14.8911107127148,2.47972594067391,0.880405934674563,0.633333333333333,6.57316312125,-6.0347649465875,0.0112352604634179,4.543921,-8.1820515,0.0001426918,9.3250425,-3.936296,0.044541715
"238","sub-0318","131",55.1864406779661,13.1692884318954,2.27392472881307,0.761226052964129,0.5,7.6639874425,-17.7370702875,0.0111830731865855,5.605684,-20.49211,0.0001732955,10.305475,-14.97677,0.04520157
"239","sub-0319","132",65.156862745098,25.5541562560924,3.32516859215684,0.878856657411145,0.65,9.315834505,-9.76792925875,0.0168883843754351,6.61143,-12.897215,0.00018746085,12.733365,-6.6409805,0.071305435
"240","sub-0320","133",72.0338983050847,25.4137934999568,2.59962528644295,0.838291741814752,0.616666666666667,7.37215816125,-11.84697518,0.011957246737792,5.2874205,-14.417745,0.0001711952,9.9984685,-9.228828,0.048468405
"241","sub-0321","134",53.5932203389831,14.8104327675108,2.70067431864435,0.77468985658655,0.766666666666667,13.34649146125,-2.48881133070162,0.054859616643795,7.9456715,-8.252417,0.00032790995,18.835105,2.769022,0.1924828
"242","sub-0323","135",42.9137931034483,23.3916197940207,2.78331078833144,0.738208094449184,0.65,11.109040485,-14.85915169125,0.0221866060225437,7.76152,-19.45051,0.00021293565,14.84468,-10.28437,0.087934115
"243","sub-0324","136",44.3220338983051,27.8217483014737,2.9920730933353,0.670703090369133,0.633333333333333,8.1735304525,-9.9742095425,0.0121985222380059,5.996201,-12.965735,0.0001575753,10.89722,-7.0111605,0.0494316349999999
"244","sub-0327","137",54.3928571428571,14.1712623052668,2.59480561428895,0.84610856774551,0.7,11.36092600125,-15.93559016,0.0181999508620129,8.179988,-20.323345,0.0001858125,14.938625,-11.65912,0.07639269
"245","sub-0328","138",63.8135593220339,32.7490324028008,2.1778924440673,0.474504545958169,0.483333333333333,8.86373498375,-17.42198377,0.014765650310659,6.4780285,-20.500175,0.0001708277,11.915825,-14.33695,0.061430595
"246","sub-0329","139",47.5964912280702,21.4865902110419,3.13604242281514,0.864922624920051,0.5,9.31789897875,-27.550809225,0.0165129620061481,6.7670935,-30.713365,0.0001839396,12.525925,-24.22414,0.068430645
"247","sub-0331","140",40.7321428571429,16.4885536842199,3.20048467894779,0.938177678382275,0.866666666666667,7.117837855,-3.21513900144625,0.0102776607047229,5.171584,-5.7439565,0.00016652905,9.667194,-0.745578450000001,0.04045684
"248","sub-0332","141",50.8813559322034,28.8486447095531,2.27341619491581,0.664981289568436,0.55,6.74962062625,-8.7687474375,0.010997436271721,4.792211,-10.953805,0.00015286975,9.3804385,-6.5158245,0.04521245
"249","sub-0333","142",59.4655172413793,31.3028307207396,3.01827661016901,0.730914680713602,0.75,5.61325751,-2.585249552195,0.0102150713565557,3.5612435,-4.2903515,0.00013758735,8.5092285,-0.73506705,0.04100606
"250","sub-0334","143",71.0677966101695,32.4403242079443,2.55637553897963,0.723159731899243,0.5,7.77876568875,-14.74276817875,0.0124171083897898,5.620392,-17.56649,0.00014892715,10.539095,-11.85695,0.050872345
"251","sub-0335","144",68.1228070175439,31.6752890253127,2.9910652456078,0.914351137808208,0.516666666666667,7.59561457375,-12.01574673375,0.0118817023387972,5.452205,-14.60484,0.000176685,10.387225,-9.4169285,0.04670292
"252","sub-0337","145",52.4285714285714,32.9478139116762,2.83963987678518,0.931098263298847,0.5,8.6790102675,-15.53065635875,0.015214275316455,6.2498685,-18.357985,0.0001894171,11.813455,-12.60439,0.06366846
"253","sub-0339","146",51.0862068965517,13.5352489562372,2.52619217456539,0.821924043003647,0.616666666666667,11.20595877625,-16.9675851975,0.0210029705421559,7.955043,-21.249015,0.0001919219,14.87513,-12.58977,0.0873793049999999
"254","sub-0340","147",44.5423728813559,34.5350007533079,2.68582029491801,0.833371622476498,0.5,9.75713481,-21.7339115875,0.01748239381105,6.9690235,-25.11858,0.00017783245,13.09554,-18.20377,0.072890115
"255","sub-0341","148",63.4666666666667,21.9864878895542,1.99411085832398,0.761228492976175,0.766666666666667,8.8663545575,-3.40325722508125,0.0147116058751092,6.3437535,-6.5409085,0.0001870555,11.96183,-0.334585150000001,0.0578024849999999
"256","sub-0342","149",61.0862068965517,18.4031695236947,2.31356823793512,0.75793379276321,0.75,11.7169734825,-10.1617864265,0.0324738124906122,7.7547455,-14.62244,0.00025579935,16.014335,-5.6758995,0.12491255
"257","sub-0343","150",61.0545454545455,38.2484171455684,2.76564805999991,1.02043100541698,0.483333333333333,12.228520775,-24.051870675,0.0291186380243544,8.3846565,-28.75322,0.00022666245,16.44427,-18.72777,0.12500935
"258","sub-0344","151",55.5932203389831,25.7890103860538,2.89065338666551,0.879508206086833,0.816666666666667,7.33482196875,-6.25393333525,0.0111407424497328,5.283549,-8.764832,0.00015455485,9.9724665,-3.7745095,0.0457117149999998
"259","sub-0345","152",58.3166666666667,20.1203932861339,2.57946298833334,0.794802115405206,0.883333333333333,7.39758512375,-3.19085364245644,0.0247469804186031,4.914092,-6.103316,0.00048552975,10.557825,-0.2227903,0.0776176899999999
"260","sub-0346","153",61.02,30.0974539570024,2.45526992115461,0.760449770930428,0.866666666666667,8.65824124625,-4.253232824775,0.013617404541085,6.323215,-7.4743805,0.00018422235,11.52658,-1.12039,0.05610933
"261","sub-0348","154",83.0166666666667,24.0581862924788,2.11341849833455,0.726250761751235,0.883333333333333,7.27682469625,0.78637700881275,0.011461161012922,5.191809,-1.8138785,0.0001523875,10.040745,3.288155,0.0467965199999999
"262","sub-0349","155",63.8793103448276,37.3879976923859,2.91617944310352,0.671457447831678,0.6,10.8645268775,-0.25303881644,0.246845278636,6.1666955,-9.51949,0.07954611,17.829935,7.33568,0.41548325
"263","sub-0350","156",43.1818181818182,22.7824582527963,3.4529566836374,0.841813975754991,0.666666666666667,5.61537078875,5.9443676146375,0.00928890385447807,3.9343095,4.0980725,0.0001633805,7.8856905,7.7931515,0.037225275
"264","sub-0351","157",83.2962962962963,29.9796343638444,2.85179948148154,0.932800670628355,0.633333333333333,10.38183892375,-10.13922381975,0.0243088893123659,7.1698215,-13.8491,0.00020988085,14.092545,-6.475353,0.099824185
"265","sub-0352","158",68.2,14.2088537688207,2.60664157998981,0.649545395438264,0.666666666666667,7.8585915325,7.76306209075,0.0130034260078092,5.65923,5.01124,0.00016440215,10.711125,10.411265,0.0535047349999997
"266","sub-0353","159",50.9166666666667,15.352680621308,2.83976126499086,0.910897544680244,0.516666666666667,7.59579851875,-17.20103545,0.012630290775047,5.430015,-19.714755,0.0001627671,10.481465,-14.608485,0.0522166799999999
"267","sub-0354","160",68.135593220339,17.1920767908767,3.04532962711528,0.775624667799841,0.733333333333333,9.8032044025,-12.1631859,0.0170354188322996,7.1634035,-15.738045,0.00018422275,12.94708,-8.4584635,0.07067945
"268","sub-0355","161",47.5423728813559,34.0331086433127,2.65155138306604,0.75332106622752,0.816666666666667,8.66852303,-6.480787214475,0.0142835909316255,6.32535,-9.3574055,0.00017241425,11.70185,-3.582957,0.0595654899999999
"269","sub-0356","162",53.7966101694915,26.1017767006696,2.79464996441946,0.817188293326792,0.866666666666667,9.4389615875,-4.558989015685,0.0158235499514912,6.8792865,-8.04347,0.00020325275,12.493935,-0.929407350000003,0.0630136649999999
"270","sub-0357","163",45.3965517241379,22.3747505368216,2.57414391864154,0.808131604817658,0.533333333333333,9.11931997625,13.25570788,0.0138995096052244,6.7032365,9.9689795,0.00017046165,12.157745,16.481295,0.0561990249999999
"271","sub-0358","164",54.2758620689655,21.2691961621531,2.49931387965848,0.687414202059244,0.85,8.26474945,-0.7470864133452,0.0139297038323915,5.916427,-3.5537465,0.00017596105,11.22921,2.0126445,0.05768922
"272","sub-0359","165",31.0508474576271,22.2248879821959,2.98020434577286,0.883703003128316,0.783333333333333,12.751159455,9.4131068600625,0.0423478745889741,7.906896,3.7900285,0.00030021875,17.47915,14.483915,0.16073285
"273","sub-0360","166",42.5423728813559,16.9088041073673,2.36951183729363,0.722037762821508,0.866666666666667,7.00994190625,-0.397593150156875,0.0101383957653979,5.0508225,-2.8575575,0.000166783,9.5267215,2.0313615,0.040119735
"274","sub-0361","167",57.7457627118644,24.5719164202431,3.05262876270828,0.658419196778089,0.816666666666667,7.32386685625,-2.85708957055662,0.0116942273547203,5.2233085,-5.194103,0.00015913225,10.188445,-0.458159600000003,0.0491567149999999
"275","sub-0362","168",68.7,23.9987994049985,2.03722905500714,0.769944121316498,0.616666666666667,7.3350050175,-8.9141176925,0.011481243456865,5.31223,-11.5424,0.0001604155,9.9063325,-6.37004800000001,0.045360265
"276","sub-0363","169",46.6166666666667,16.1477202742832,2.37857284999239,0.81750571050694,0.833333333333333,10.2992371675,-12.29987129,0.0185514474801455,7.4690315,-16.23586,0.0001901481,13.70196,-8.2822595,0.07635699
"277","sub-0364","170",98.2631578947368,9.20117677991997,2.14521127243542,0.962092882743345,0.833333333333333,10.97885891375,-3.35080304066335,0.0214717335815573,7.784935,-7.676401,0.0002208674,14.598505,1.051708,0.08807341
"278","sub-0366","171",43.8771929824561,22.3551449618575,2.96739229998262,0.627121591484078,0.483333333333333,9.80451936625,-28.2551814875,0.015253928024769,7.212295,-32.078065,0.0001824367,12.942655,-24.347905,0.0618852899999999
"279","sub-0367","172",52.3559322033898,26.3908047674031,2.23324403559229,0.614358664073758,0.8,12.3518904475,1.53604911778712,0.0405003847176325,7.675286,-3.437135,0.0003291857,17.157615,6.3337665,0.1464795
"280","sub-0368","173",50.5084745762712,20.6492655637584,2.10442365499815,0.564996323709574,0.866666666666667,9.65642779875,-1.0521146948285,0.0159706281912639,6.9755415,-4.8116945,0.0002248704,12.7355,2.7245855,0.064397055
"281","sub-0369","174",63.135593220339,29.9623082918607,2.59590831165357,1.06131994432798,0.833333333333333,9.52285772875,-3.29592778987563,0.0157041003633051,6.992824,-6.897427,0.00019103175,12.664685,0.239421099999999,0.0624495349999998
"282","sub-0371","175",35.8888888888889,26.6922832935173,2.84508790371991,0.883339004781042,0.783333333333333,9.6503024475,-5.05561118949,0.016634097574469,7.0406355,-8.483609,0.0002082202,12.825115,-1.757665,0.07021298
"283","sub-0372","176",82.7627118644068,28.5200105086858,2.66451743559372,0.922616083910525,0.75,11.73122447875,2.23802259040375,0.029519232838593,7.967491,-2.0745745,0.00037816865,16.20545,6.68664799999999,0.1053514
"284","sub-0373","177",59.5666666666667,20.2387166025298,2.26304551167414,0.680750394027418,0.633333333333333,8.10318029,-10.7075730875,0.0120151358185921,5.961792,-13.59023,0.00014970465,10.763105,-7.806596,0.04917332
"285","sub-0374","178",55.0862068965517,30.5684647060129,3.10879527241923,0.796900413867588,0.666666666666667,9.65396536375,-12.124302305,0.0178310782656873,6.9689005,-15.5746,0.00019654895,12.897215,-8.66075,0.072698915
"286","sub-0375","179",52.7241379310345,33.0702564743439,2.94051977759629,0.719227009041502,0.733333333333333,6.94342386625,-5.715726462625,0.01068072353972,4.971661,-8.048637,0.0001586297,9.518361,-3.3286685,0.04299223
"287","sub-0376","180",60.0357142857143,43.1550963115869,3.33931951429154,0.728983131827184,0.45,10.8201548775,-16.8312742235875,0.319568798303625,6.2173475,-31.18236,0.171322,17.63863,-4.60332150000002,0.44220735
"288","sub-0377","181",63.3103448275862,23.431278313139,2.96395227415407,0.782423099886922,0.45,8.53031411125,-24.1897252375,0.0131341862262571,6.2613895,-27.350735,0.00016718445,11.27923,-21.01614,0.052883295
"289","sub-0378","182",83.8305084745763,21.1147542322595,2.64176536440826,0.710483936709803,0.55,7.37699796625,-15.17886207875,0.0128654733858635,5.247665,-17.82185,0.0001638458,10.07508,-12.48121,0.053340975
"290","sub-0379","183",84.9655172413793,24.4733765242906,2.18433812242563,0.989022212009587,0.8,10.5696428925,6.09481974631875,0.0204860438452609,7.5450765,2.2715055,0.0001914956,14.18782,9.87782,0.08460745
"291","sub-0380","184",68.8771929824561,25.9388499135388,2.44281943683235,0.90061124116952,0.633333333333333,11.4676931025,-15.84507316625,0.0273670951704625,7.7304135,-20.386725,0.00023011045,15.48376,-11.31125,0.1039932
"292","sub-0381","185",41,23.8667276696067,3.14307465085807,0.933282342496314,0.583333333333333,10.82949177625,-15.99672749125,0.0229060759133362,7.531121,-20.007065,0.0002326552,14.620825,-12.03879,0.094209555
"293","sub-0382","186",63.3,21.3734351196423,2.2900613449902,0.602706467794841,0.383333333333333,9.5090199275,42.654451725,0.0153653487951292,6.8521325,39.245595,0.0001856138,12.7337,46.108445,0.06455434
"294","sub-0383","187",44.5932203389831,27.9612531439785,2.14580101864136,0.874637168767218,0.866666666666667,10.414387885,-7.6173392193125,0.0159790621027815,7.7288695,-11.58323,0.0001772686,13.677525,-3.681645,0.065104635
"295","sub-0384","188",65.0677966101695,27.4759232575444,2.5399686847457,0.871664729047517,0.85,9.68156834,-4.34897563897875,0.0164702421608119,7.1417565,-7.820103,0.0001968419,12.77971,-0.802396850000001,0.06905836
"296","sub-0385","189",51.5818181818182,23.1242144283712,2.89361242727274,0.981403995491683,0.466666666666667,10.065074405,-20.1374099875,0.0212667984941251,7.1830595,-23.528565,0.00019593545,13.62848,-16.69623,0.0908275799999999
"297","sub-0387","190",30.2758620689655,27.0326593271256,2.56262071551778,0.636561348513445,0.583333333333333,10.51514529,-13.6131113225,0.0197224884618501,7.534603,-17.374355,0.0001846912,14.23815,-9.951264,0.0856572349999999
"298","sub-0388","191",31.7758620689655,15.5485014829921,2.94883703275866,0.618919409521712,0.866666666666667,9.06984639625,-1.1127989313385,0.0139882862319372,6.663405,-4.4723485,0.00017575945,12.06304,2.249189,0.057600835
"299","sub-0389","192",44.2833333333333,26.4017793870462,2.54855286500024,0.867523197381901,0.85,11.1264503,-6.421302194525,0.0203525298535438,8.026911,-10.50744,0.0001965608,14.786655,-2.239647,0.082551945
"300","sub-0390","193",56.0508474576271,16.1602147997136,1.90862423999982,0.853191212647907,0.666666666666667,13.5567358975,5.58977312410812,0.0930515982666586,7.4084195,-0.84709375,0.0005600839,20.47791,12.36668,0.25219365
"301","sub-0391","194",57.5932203389831,16.2905924238371,2.4142804881363,0.767884450145052,0.55,7.8004644525,-13.70677155,0.0141527440092826,5.412887,-16.692635,0.0002016299,10.72172,-10.83328,0.055500745
"302","sub-0392","195",8,16.8522995463527,2.82864410172474,0.867015070856505,0.5,6.85321293,-11.108418315,0.0113397582768259,4.8168,-13.3551,0.0001457861,9.5675425,-8.8695315,0.0466069499999999
"303","sub-0393","196",46.448275862069,27.0944886049667,2.12217374827566,0.779077085867339,0.766666666666667,11.42848792875,-10.49291766675,0.0251743840471335,8.004095,-14.724355,0.0002595013,15.196945,-6.368826,0.1037422
"304","sub-0394","197",63.3220338983051,16.3774873635628,2.77354089152369,0.747465024139688,0.783333333333333,7.17315183625,-6.195633671625,0.0105323526324288,5.256607,-8.7444675,0.00016589235,9.6334795,-3.617525,0.04091993
"305","sub-0395","198",61.6779661016949,31.3393223734403,2.34705500677968,0.703699282134545,0.833333333333333,9.3572816275,0.785506948293113,0.013254163466924,6.863529,-2.4755165,0.00016532005,12.43072,4.076098,0.054838195
"306","sub-0396","199",56.8474576271186,39.3699577217338,2.09551546949068,0.555565401498408,0.85,7.9017068325,-0.221453877547713,0.0125603447160705,5.767266,-3.030782,0.00015271935,10.65394,2.469481,0.05125311
"307","sub-0398","200",38.1590909090909,30.9628007730643,2.54011624318413,0.844992672840498,0.533333333333333,8.97651049,-17.8058300675,0.0164951815589095,6.4233475,-21.07861,0.00019926095,12.08112,-14.527785,0.0666798449999999
"308","sub-0399","201",90.5689655172414,28.647961299722,2.28962681379023,1.02342805221165,0.45,11.7862988975,-1.61113712496212,0.296788446223711,6.6067025,-15.168385,0.08343626,19.497705,11.05696,0.45097305
"309","sub-0402","202",59.7413793103448,22.8853437699248,2.70999743389676,0.968132657422854,0.883333333333333,9.0615273075,-7.34440404368825,0.0136555338189905,6.639388,-10.734695,0.0001627708,12.13211,-4.03691150000001,0.05491053
"310","sub-0403","203",33.7735849056604,22.5291618791785,3.26869853962331,0.955584205080058,0.7,12.8961691175,-13.883456911525,0.0568845647287158,7.599804,-19.618655,0.00041072385,18.23752,-8.163815,0.18415025
"311","sub-0404","204",58.135593220339,31.035828920736,2.59947952499594,0.823607299175364,0.433333333333333,8.26017376375,-17.8804865875,0.0133730619792495,5.876659,-20.5198,0.0001793523,11.436335,-15.30701,0.05480152
"312","sub-0405","205",73.0833333333333,12.8923728163654,2.05582712333126,0.761205792957504,0.833333333333333,8.21602348625,-0.880852993768375,0.0136080870401385,5.8744595,-3.6880645,0.0001649058,11.14005,1.8793115,0.055473315
"313","sub-0406","206",76.3050847457627,30.9216218500505,2.88231465499848,0.762244726249428,0.516666666666667,8.55812507875,-13.58735856,0.0140093875345287,6.1979825,-16.659845,0.00020315895,11.469175,-10.434705,0.056129045
"314","sub-0408","207",80.8275862068966,24.545080566914,2.72731945689583,0.758752792082869,0.85,6.5847965175,-5.2024641192825,0.010050981359796,4.620644,-7.497879,0.0001594371,9.051456,-2.780408,0.03952552
"315","sub-0409","208",57.95,11.4676035946221,2.87029711833165,0.7660021532542,0.7,7.16359019875,-7.827978277875,0.009911815798799,5.1914485,-10.387425,0.0001488699,9.6198065,-5.346179,0.039096935
"316","sub-0410","209",52.3898305084746,42.0340653924772,3.44952057626974,0.760620896456282,0.483333333333333,10.56914322,-19.80052175,0.0185522338100718,7.544933,-23.337275,0.0001964651,14.265135,-16.188705,0.07770984
"317","sub-0411","210",22.0677966101695,18.1553301822601,2.83646301017537,0.934764483725852,0.783333333333333,9.09974941875,-5.5945908207625,0.0169480690778431,6.550545,-8.7358245,0.00020477305,12.233725,-2.5267925,0.0694885799999999
"318","sub-0412","211",55.3559322033898,24.8940947933748,2.41684693728487,0.779525250514613,0.8,11.45061941875,2.59503885254487,0.0190067765444819,8.3668255,-1.8625065,0.00019641725,15.06639,6.7304385,0.0795535499999999
"319","sub-0413","212",27.0833333333333,20.2202211815986,2.66958323666865,0.837459093612734,0.866666666666667,6.869392845,-1.90526291797425,0.010106863445684,4.9040815,-4.2381755,0.0001502499,9.4330475,0.416495299999999,0.0402438
"320","sub-0414","213",62.7796610169492,20.4501646537593,2.8423548677948,0.671831619551599,0.5,8.02348800875,-16.9964270125,0.0118787107111651,5.8869145,-19.911905,0.00015508385,10.711445,-14.09557,0.0476932
"321","sub-0415","214",42.3050847457627,34.1266678194372,2.9320692796639,0.84746707934828,0.816666666666667,11.43729537125,-10.1325734125,0.0235198782216338,8.1382385,-14.41436,0.0002208542,15.24182,-5.84493150000001,0.09559703
"322","sub-0416","215",70.5666666666667,20.9659665031791,2.53198455332895,0.936702340852348,0.7,10.40204577875,-14.9083078025,0.0177050805061204,7.4527285,-18.842605,0.00020224095,13.77606,-10.810675,0.0718793649999999
"323","sub-0417","216",64.0188679245283,25.8103218515069,3.18332766226651,0.770762509678785,0.466666666666667,10.14715966375,-38.3829772625,0.0222437521767475,7.0757685,-42.09031,0.00021967775,13.61395,-34.601475,0.09102824
"324","sub-0419","217",45.4745762711864,25.5574781094958,2.43909242034345,0.758231653103204,0.466666666666667,8.49510041125,-16.83536644625,0.01614694599809,5.954301,-19.48135,0.00019295425,11.885945,-14.16929,0.0680218449999998
"325","sub-0420","218",59.9833333333333,28.4119166134514,1.96752927668082,0.574177085782042,0.8,9.8380037375,-4.5606532745775,0.0168772228576301,7.1737285,-7.9760495,0.00019893645,13.094815,-1.1295615,0.0712419549999999
"326","sub-0421","219",49.9322033898305,28.7299341710899,2.66668248983787,0.889359233304083,0.633333333333333,11.5733096475,-11.33383194875,0.0301079779545998,7.5903285,-15.952295,0.000248132,15.834825,-7.139848,0.1301826
"327","sub-0422","220",76.2372881355932,25.6006054501753,2.79418932166106,0.83420267294961,0.416666666666667,8.12508343375,-33.8164056125,0.0108775861402385,5.9604355,-36.911775,0.00015939165,10.83252,-30.670755,0.04207593
"328","sub-0424","221",45.1090909090909,26.8180927921823,3.08904154182369,0.883251515641752,0.833333333333333,10.19779824125,-5.11298050011625,0.0158584372169963,7.508525,-9.014828,0.00017968315,13.397635,-1.244585,0.066005185
"329","sub-0425","222",50.8275862068966,16.6703202287036,2.42846906999997,1.04088516252185,0.783333333333333,9.73727469,5.4277250443225,0.0179255462503638,6.992625,1.969073,0.0001908191,13.03864,8.845825,0.0763542499999999
"330","sub-0426","223",29.3965517241379,17.20560868894,3.04450607413749,0.976868637014857,0.65,8.9727746,-9.84784632,0.0157422283951944,6.5368625,-12.82922,0.0001934094,12.10742,-6.9494055,0.0640250949999999
"331","sub-0427","224",53.2203389830508,28.9512478419713,2.07115137796593,0.844932674613092,0.866666666666667,9.6399975975,-5.960051025655,0.0140611929172646,7.1746965,-9.5593565,0.00018315515,12.679745,-2.32471950000001,0.057329655
"332","sub-0428","225",57.6071428571429,32.0179941291135,3.13819412678614,0.998560744092197,0.816666666666667,11.8106148625,-9.283075500595,0.0294456100206721,7.945909,-14.140875,0.0002870997,15.98401,-4.628312,0.111459
"333","sub-0429","226",49.9803921568627,15.1835308095033,3.49128739056611,0.888899872363313,0.5,10.94164354625,-18.10675724,0.0204698009756921,7.7493545,-21.923835,0.00019914695,14.85557,-14.34279,0.087940335
"334","sub-0430","227",78.8166666666667,21.8566141458576,3.28317667833447,0.911576279500488,0.55,11.2556512425,-7.083654660225,0.0435272251893137,6.996453,-11.17754,0.0002592858,16.043685,-3.1458455,0.1671685
"335","sub-0431","228",70.4137931034483,28.1774044617679,2.36630398135581,0.744838029026214,0.75,11.6641113325,-5.09842395025875,0.0286323410366261,7.7190565,-9.7382735,0.00025772425,15.83403,-0.684245400000002,0.11584445
"336","sub-0432","229",57.6779661016949,24.2191436663204,2.37703462833306,0.688230009562305,0.833333333333333,10.432418415,-0.362342091548875,0.0179107232959383,7.69244,-4.315045,0.000183962,13.779865,3.4873935,0.0761915099999998
"337","sub-0433","230",43.5593220338983,17.3128128617972,3.24145713559514,0.909860321081593,0.75,8.467420955,-9.289446143125,0.0129029789515985,6.188856,-12.254475,0.0001553973,11.29482,-6.3298795,0.0518162049999999
"338","sub-0434","231",51.1333333333333,24.9864143877188,2.95945482166814,0.762066307494355,0.85,10.83998347625,-3.48854516054875,0.0177639485460784,7.9122785,-7.658469,0.00019071245,14.35216,0.774325149999998,0.072140115
"339","sub-0435","232",66.271186440678,20.3942440396157,2.23136546271084,0.812050850006635,0.866666666666667,8.4733012475,1.43441533232913,0.0146261477781349,6.090474,-1.5927465,0.0001906236,11.344715,4.3792655,0.05872795
"340","sub-0436","233",47.2105263157895,18.3641117809645,2.93152619648996,0.685614454917651,0.85,11.35017247625,1.2215146776921,0.0251812890278765,7.846645,-3.4180355,0.0002348995,15.23514,5.66056299999999,0.1005232
"341","sub-0437","234",62.2372881355932,37.9792770096294,1.95567952203702,0.952876667499564,0.516666666666667,12.3224888025,17.6343388325,0.0587262705834213,7.0400875,11.36217,0.00040448775,17.64278,23.18002,0.1803623
"342","sub-0438","235",64.8771929824561,26.3710272400268,2.67348540877094,0.861779249769821,0.783333333333333,11.16798169125,-5.56067182551,0.0245225727180431,7.929428,-9.8387505,0.0002298282,14.82261,-1.3045085,0.10097945
"343","sub-0439","236",71.7333333333333,16.8682498531218,2.87534575666796,0.69076642300957,0.616666666666667,8.64888248875,-7.054723303275,0.0169989554881899,5.9971285,-9.8821925,0.00019388995,12.10158,-4.2701425,0.0722693499999999
"344","sub-0440","237",65.9642857142857,19.0558645572951,2.67410706964438,0.904903520553806,0.483333333333333,8.4777094925,-19.5082556375,0.0135870934502518,6.1752,-22.41834,0.00018125725,11.50971,-16.552085,0.0556784649999999
"345","sub-0442","238",51.8965517241379,21.7253103708049,3.28217381206923,0.757574629524544,0.733333333333333,6.79763062375,-7.47504022375,0.00987547628076738,4.92895,-10.0083,0.0001511722,9.2098595,-4.898733,0.039422645
"346","sub-0443","239",64.2456140350877,25.7267791983334,2.67417139122865,1.00589828146303,0.816666666666667,10.605628545,0.258251535527687,0.0219278007116918,7.6177155,-3.500525,0.00019835365,14.12689,3.948558,0.093555095
"347","sub-0445","240",39.0847457627119,30.6916186108112,2.56398255593327,0.905143881777194,0.466666666666667,13.97337792625,-31.70783959625,0.102796467143923,7.3566405,-38.313905,0.0005038443,20.64949,-22.38943,0.31378865
"348","sub-0446","241",36.2413793103448,28.8214773382431,2.4902745189651,0.827956984480421,0.483333333333333,8.566451345,-17.0345503,0.0133343580388557,6.314249,-20.096275,0.00015552285,11.43,-13.972485,0.0547275
"349","sub-0447","242",56.7543859649123,26.789044070394,2.82119451033991,0.976729667812739,0.833333333333333,8.78679412375,-6.43306784339125,0.0136396513968069,6.4818835,-9.5570835,0.00015621285,11.684985,-3.2513645,0.0565875899999999
"350","sub-0448","243",52.3389830508475,23.5749795549635,2.8108458542413,1.07153831169835,0.833333333333333,6.6654259375,-5.9884669475,0.0099898084848965,4.741842,-8.3172435,0.00014734875,9.252104,-3.687505,0.0405057299999999
"351","sub-0449","244",46.2962962962963,18.5061230352914,3.6614287857145,0.710469110802141,0.483333333333333,12.66844113875,-29.6772306886125,0.235732403561264,6.7406475,-41.32755,0.0025085075,21.209255,-9.01994250000003,0.4432061
"352","sub-0450","245",45.1833333333333,29.3693554499928,2.66765306833452,0.924852448815103,0.5,11.24039462,-28.7525957875,0.0265990337273915,7.71374,-32.780025,0.000251401,15.306835,-24.77848,0.11110945
"353","sub-0451","246",66.271186440678,10.9179234296804,2.39346182372883,0.761217946560346,0.5,7.0563564875,-16.2037603,0.0105542640049268,5.0753795,-18.59081,0.00014933135,9.576694,-13.765195,0.0416045649999999
"354","sub-0452","247",35.8421052631579,23.9118839803292,2.97814039299224,0.822169738805942,0.583333333333333,6.3644288075,-9.16575002875,0.0103329576894703,4.509647,-11.27269,0.00014519955,8.7947825,-7.067341,0.040820595
"355","sub-0453","248",56.3965517241379,20.6056879008127,2.69950547241726,0.988673637964403,0.833333333333333,8.53372784,-3.46427265348375,0.0129846708442085,6.2828115,-6.6094425,0.00016111155,11.411415,-0.4427903,0.05483668
"356","sub-0454","249",49.4827586206897,30.5190428785278,2.69736982068721,0.967037751903472,0.816666666666667,9.98336935125,-0.95893491709475,0.0195026816337657,7.181748,-4.3245795,0.00019286005,13.45211,2.44,0.08160067
"357","sub-0455","250",53.7719298245614,23.0643645540193,2.60923018474803,0.819840158545044,0.833333333333333,8.71605231625,-7.234210481875,0.014124295308803,6.315077,-10.394145,0.0001833029,11.601795,-3.982314,0.0583911599999999
"358","sub-0457","251",56.8793103448276,28.4907356972168,3.22963252585935,0.844151473643706,0.733333333333333,8.4581557775,-9.02354327875,0.0126902920409203,6.180189,-12.06078,0.0001773843,11.29723,-5.9899615,0.052467765
"359","sub-0458","252",59.2,15.9796166458444,2.69157645263987,0.79853024665863,0.8,11.802363725,-9.054543263,0.0264645372784631,8.268137,-13.59237,0.0002243463,15.77693,-4.6544345,0.11045995
"360","sub-0459","253",42.8148148148148,24.2557708162323,3.04141289815393,0.88285764448661,0.516666666666667,9.8045308725,-20.47932065,0.0174379483838285,7.0419045,-24.290595,0.00021276055,13.053215,-16.67355,0.06999249
"361","sub-0460","254",44.7543859649123,25.2341044038154,2.56220072711684,0.753315150678879,0.45,10.8371602675,8.50243136198712,0.365649181283582,6.0169315,-22.57036,0.043261705,18.433515,38.01608,0.48460355
"362","sub-0461","255",88.05,25.7217345278005,2.86344544166156,0.840000617116664,0.633333333333333,9.83016765125,-11.33415139125,0.0194874680686569,6.9153525,-14.684515,0.0002005325,13.349715,-7.9785105,0.0819025699999999
"363","sub-0462","256",46.6666666666667,50.3097748586463,2.51937897332245,0.54852502003959,0.283333333333333,10.9654981,-45.1447044625,0.0177699285794639,7.953444,-49.14824,0.0001907086,14.64909,-41.365845,0.07453184
"364","sub-0463","257",72.2586206896552,20.3414367041006,2.76267179482263,1.04043929751062,0.85,10.89555166375,-10.097245346765,0.0196910181049702,7.7761595,-14.358725,0.00022623535,14.460285,-5.6832575,0.08184236
"365","sub-0464","258",59.2372881355932,27.6663239729128,2.42551305932506,0.816474510771961,0.85,7.9435493325,0.749137875484125,0.0128844669694674,5.6887525,-1.9970195,0.00016464565,10.864245,3.4633315,0.0538918349999999
"366","sub-0466","259",53.5084745762712,36.7875414074572,2.68064770508376,0.798201125809523,0.516666666666667,10.47492342875,-16.81953042,0.0216083793201944,7.3855535,-20.581395,0.0001911672,14.10338,-13.060435,0.0904401599999999
"367","sub-0467","260",51.7333333333333,11.9431799794945,2.60058949833619,0.828863732938322,0.5,11.29962200375,-24.3197278625,0.0374579849560912,7.1088275,-28.390615,0.00026881605,15.76701,-19.983185,0.14949905
"368","sub-0469","261",51.3793103448276,27.5106534938082,2.532053381036,0.853010763212291,0.483333333333333,7.59546756,-13.6532396825,0.0115180358316247,5.4835805,-16.445405,0.0001645947,10.323425,-10.97889,0.045285135
"369","sub-0470","262",57.2166666666667,37.7130520348766,1.97865899667571,0.839960136140398,0.8,12.12475513125,2.97811173535263,0.0350919160862625,7.9461355,-2.3813715,0.00026696175,16.55591,7.7694105,0.13655185
"370","sub-0471","263",73.1896551724138,29.6680209999664,2.14814527833369,0.862884112793303,0.766666666666667,9.74685517375,-12.7359965725,0.0168109319814952,7.093835,-16.52795,0.00020236335,12.792235,-8.888299,0.0687139
"371","sub-0472","264",70.2727272727273,18.6790182800308,2.96645805271639,0.999682828828058,0.75,7.67776439375,-8.73824874375,0.0115292921521112,5.6459275,-11.515935,0.00015826695,10.222005,-5.9526125,0.0475392999999999
"372","sub-0474","265",42.5932203389831,31.0417508860454,2.87225235932247,0.718421987944231,0.6,7.27625740125,11.06445507375,0.014875452880112,4.9869325,8.2948045,0.0001780723,10.101055,13.653655,0.0584437
"373","sub-0475","266",18.0181818181818,7.97563630131003,3.1088018017846,0.79244638952889,0.55,6.85688244125,-14.596971975,0.0109158156261385,4.793377,-16.83141,0.0001602825,9.6499585,-12.326335,0.04323076
"374","sub-0476","267",65.135593220339,30.2235678917553,1.89320686610191,0.70511598680367,0.583333333333333,7.86615489625,-13.37273031625,0.0117661938566294,5.7663065,-16.245615,0.0001642294,10.5756,-10.48317,0.0476391499999999
"375","sub-0477","268",51.3220338983051,15.2173230211449,2.6541398220372,0.986551229293697,0.683333333333333,14.54625479875,-7.99335865475,0.0828210151247488,8.4288235,-13.80395,0.00038920045,21.034165,-1.9869305,0.2732415
"376","sub-0478","269",52.6271186440678,25.6292520812509,2.31395345423775,0.6787718960525,0.783333333333333,8.8447901725,-11.095279665,0.0131186251028955,6.486078,-14.603825,0.000164016,11.74832,-7.576433,0.0537541949999998
"377","sub-0479","270",67.25,19.7214715647176,2.57211929832702,0.84249377133407,0.5,9.00427251375,-17.0396593275,0.013676102702871,6.591301,-20.413505,0.0001952158,11.895605,-13.585095,0.055631435
"378","sub-0480","271",58.271186440678,21.7008108131332,2.39526380169584,0.782547095906813,0.716666666666667,9.291847565,-11.7982350075,0.0153594879675886,6.726684,-14.99837,0.0001763437,12.53766,-8.547554,0.06281993
"379","sub-0481","272",50.3389830508475,16.3038076465459,1.9890003932119,0.798921439796494,0.866666666666667,8.27900358125,-4.60410906138375,0.0118884741739711,6.0733205,-7.484994,0.0001716748,11.13182,-1.64750650000001,0.0485376
"380","sub-0482","273",39.0175438596491,31.4100138877887,2.91824160526168,0.895075378447519,0.8,10.953097965,-6.88401783780625,0.0231027822665616,7.667582,-10.494095,0.000210102,14.895445,-3.1371855,0.0962708899999999
"381","sub-0483","274",78,32.218007387174,2.07986893222699,0.822730474054875,0.833333333333333,9.39978817375,-3.08002362623625,0.0142998854260579,6.968959,-6.506018,0.0001708835,12.362045,0.397407649999998,0.05934898
"382","sub-0484","275",74.8,19.9888104291596,2.15931897666402,0.88435810604668,0.533333333333333,10.6964768375,-18.30210861375,0.0202398975529686,7.6204475,-22.465405,0.000210308,14.163865,-14.032985,0.0828267749999999
"383","sub-0485","276",42.9661016949153,25.7313481840496,2.68530316440136,0.811276027968639,0.733333333333333,12.73797076375,-6.58948106608,0.0517178113395187,7.6032085,-12.085785,0.0003963524,17.914125,-1.511341,0.17687815
"384","sub-0486","277",71.6842105263158,17.1069721529148,2.73696388596702,0.998690023436085,0.883333333333333,5.714144515,1.07674194998287,0.00907065561146689,3.9787925,-0.86652345,0.0001588029,8.1677695,3.01974,0.03581096
"385","sub-0487","278",65.6949152542373,35.7545532365861,2.91574831186967,1.08157222122608,0.7,11.2524882875,-13.226307788,0.0273594996649772,7.6760545,-17.70879,0.0002166358,15.17277,-8.8396755,0.10773845
"386","sub-0488","279",46.5166666666667,18.2937348418325,1.9360710749975,0.589545113297646,0.816666666666667,10.4713285,-11.6277999375,0.0179447905526907,7.5832835,-15.68486,0.00020953125,13.913255,-7.5227905,0.076690255
"387","sub-0489","280",62.2962962962963,26.617223555385,2.78456640369755,0.938539139492117,0.5,5.93507930875,-10.01608028,0.009990136474007,4.0375435,-11.90921,0.00014817995,8.479411,-8.1516355,0.03947554
"388","sub-0490","281",46.1694915254237,25.222562793557,2.15742842665641,0.543547149968744,0.8,10.20629965375,-2.47647477948325,0.0207783722086294,7.2060755,-6.1136175,0.0002060425,13.767335,1.016969,0.0870075149999999
"389","sub-0491","282",56.2758620689655,18.2994517255115,2.16951754655095,0.723082486540005,0.5,11.7015363425,-35.5545178125,0.0396370646029325,7.5085755,-39.89068,0.0002692733,16.157985,-31.098425,0.1537998
"390","sub-0492","283",69.5689655172414,26.1031100311253,3.36119924482472,0.81166532929848,0.733333333333333,12.2644442825,-13.28632033875,0.0241485695799469,8.6494995,-18.045785,0.00020489875,16.29601,-8.723396,0.1014094
"391","sub-0494","284",53.9285714285714,35.9210534077451,2.73313527896575,0.882447564788103,0.833333333333333,10.7594271725,-9.981568579125,0.0192225958582079,7.71549,-14.196955,0.0001964221,14.202645,-5.784994,0.079505645
"392","sub-0495","285",69.9818181818182,30.0699745095231,3.09159360178663,1.11193477618768,0.833333333333333,9.81626535875,-7.7594947336,0.0171686723337521,7.088968,-11.34708,0.0002158369,12.99086,-4.1497135,0.07029855
"393","sub-0496","286",69.6034482758621,31.2465799701441,2.74039813726983,0.830799445284256,0.8,11.6580543625,-12.58650617375,0.0329160916889025,7.717303,-17.1319,0.0003106629,16.00073,-8.03546200000001,0.1172101
"394","sub-0497","287",73.3,20.2051344372444,2.4770194049847,0.648720515049439,0.866666666666667,7.1920322725,-5.0786258709125,0.0105102908479925,5.1768325,-7.548579,0.0001512119,9.860555,-2.549198,0.0416609249999999
"395","sub-0498","288",41.6101694915254,21.0295497755868,3.04932362666664,0.934374491204165,0.55,8.00596927375,-25.9262410375,0.0128657545208263,5.766189,-28.77892,0.000169138,10.857165,-22.9746,0.05194038
"396","sub-0499","289",83.6166666666667,22.349376563304,2.24181569499197,0.670653770319008,0.833333333333333,8.26730068,-8.69271171375,0.0117717919613646,6.077058,-11.630985,0.0001656921,11.0577,-5.6355545,0.046634725
"397","sub-0500","290",51.0350877192982,28.7203044852298,2.87261974138051,0.793710684524751,0.783333333333333,11.9242353675,1.224288059245,0.0317798724614088,7.765204,-3.6033035,0.0002370655,16.249995,5.660035,0.12401365
"398","sub-0501","291",59.3666666666667,24.4692589337798,2.69710913666834,0.952640624903885,0.783333333333333,12.80725206,-7.279378403213,0.0507743090055775,7.645891,-12.67119,0.00035302145,17.87273,-1.9653485,0.1719119
"399","sub-0503","292",55.2666666666667,13.6031734416501,2.178201486667,0.901346911651501,0.85,8.0016475175,-2.61091649846612,0.0115891327120817,5.8763585,-5.594625,0.0001523839,10.6666,0.287742099999998,0.04751597
"400","sub-0504","293",38.1186440677966,23.7284092392706,2.94173766101856,0.681027901704911,0.85,10.4135823,1.01742823426475,0.0160690013023376,7.696766,-2.7114275,0.00018000595,13.731355,4.847068,0.0677477649999998
"401","sub-0505","294",70.7666666666667,26.7603087481028,2.31315560167423,0.783661147302234,0.85,8.9513414925,-6.33336303415,0.0131625183040982,6.5646865,-9.8806835,0.0001540984,11.917935,-2.9235035,0.0538579349999999
"402","sub-0507","295",51.5438596491228,20.8550012633477,2.82547240703073,0.82733944102589,0.8,8.31936638375,-8.26048734675,0.012957023081183,6.105392,-11.089115,0.0001578686,11.09106,-5.4383195,0.05347462
"403","sub-0508","296",39.4736842105263,16.0724978758725,3.35841633157913,0.860701986406309,0.55,11.2468469175,-8.2882093965,0.0469618553837159,6.776611,-12.328315,0.00029421075,16.25449,-4.3405785,0.18460035
"404","sub-0510","297",60.1186440677966,36.2272924101585,2.70495471525474,0.831747396098952,0.55,7.98190603375,-11.0582024275,0.0130828912515589,5.793042,-13.736625,0.00016556315,10.903905,-8.31654550000001,0.05458028
"405","sub-0511","298",71,15.7381592053332,3.11454247289053,0.953947160231231,0.833333333333333,10.1528106775,-6.010753528205,0.0175475987933286,7.3025465,-9.6889815,0.00019006335,13.625845,-2.3235835,0.0745088149999999
"406","sub-0512","299",46.5,29.2624487883518,2.93609892678433,0.955897968867876,0.466666666666667,7.98396604,-20.98797495,0.0118530564849105,5.7676675,-23.86164,0.00016486425,10.825565,-18.127805,0.048174215
"407","sub-0513","300",44.7068965517241,29.0033323074518,2.13309958813538,0.720633668846892,0.516666666666667,12.94871547625,-18.20623137625,0.0535077281034556,7.197828,-23.8852,0.00035154265,18.36566,-11.403975,0.1911521
"408","sub-0514","301",80.8983050847458,27.9991963648554,2.15467859996814,0.851941585821719,0.85,11.13314750375,-13.28074019,0.0213766216299416,7.932759,-17.5411,0.0002209899,14.708305,-8.837368,0.0881545249999999
"409","sub-0515","302",73.3214285714286,27.6044180540705,2.28769749285623,0.994125485383071,0.816666666666667,8.75574188625,-7.4140626083,0.0150289013254246,6.411537,-10.480855,0.0001686645,11.73043,-4.3715645,0.062090115
"410","sub-0516","303",45.7068965517241,23.8812916726467,2.65810520344831,0.822461131584066,0.416666666666667,7.92717674625,-38.6933873125,0.012442398688161,5.6961435,-41.59684,0.00017074755,10.716005,-35.799825,0.0498911999999998
"411","sub-0517","304",32.4576271186441,13.0916162089335,2.17433296778965,0.556626638150975,0.833333333333333,10.50627733875,2.63833931913637,0.0187697048541667,7.6321165,-1.274349,0.0002038647,13.945645,6.461423,0.0797459649999998
"412","sub-0519","305",62.448275862069,18.8513784816763,1.9903806810476,0.687167452145527,0.766666666666667,10.41405224875,-11.5288746425,0.0191420367697508,7.45767,-15.51231,0.0002044521,13.774415,-7.6114955,0.0796453799999998
"413","sub-0520","306",42.9491525423729,27.7963181193764,2.5383790406651,0.745557891866618,0.633333333333333,12.831458505,-10.075327900875,0.0563882426613135,7.480361,-16.0005,0.00040524605,18.34738,-4.71739100000001,0.18627315
"414","sub-0521","307",59.6379310344828,27.3102373170017,2.61276618135556,0.928729307820362,0.516666666666667,12.01195041,-17.7596330625,0.0305689547953739,7.768367,-22.3498,0.0002216999,16.494215,-12.562755,0.1264202
"415","sub-0522","308",76.9655172413793,26.0215602356236,2.74481271354924,0.674625621280257,0.783333333333333,9.52023482375,-10.89070755125,0.0158294434289065,6.9069945,-14.35622,0.00020571665,12.76817,-7.425631,0.0666115349999999
"416","sub-0523","309",49.4821428571429,22.4077836082413,3.0028018526315,0.968706087562021,0.85,8.851972195,-1.17328733004437,0.013558054568227,6.5689235,-4.395391,0.00017017385,11.700605,2.059175,0.055270475
"417","sub-0524","310",59.5084745762712,23.2582005421862,2.51701950667581,0.837938680491221,0.85,10.01824546875,1.34468394551588,0.017518956894547,7.195865,-2.427067,0.00021425005,13.452105,5.0938285,0.07155378
"418","sub-0526","311",67.0925925925926,14.2143543160898,2.93777179627472,1.13561773124587,0.616666666666667,8.82140284375,11.85338576125,0.0134804638201475,6.4821905,8.5961175,0.00019659965,11.71304,15.07776,0.0546763399999999
"419","sub-0527","312",61.1052631578947,24.7614938755191,2.79154022631599,0.858287273472711,0.816666666666667,10.81961196625,-0.02451696256,0.018519932789759,7.8161215,-4.4322085,0.0001816451,14.37602,4.21585599999999,0.0765671899999999
"420","sub-0528","313",54.1551724137931,22.3432565470579,2.63706777287426,0.959232343539314,0.633333333333333,8.5233211425,-12.085625625,0.0141028577593936,6.197916,-15.21643,0.0001641349,11.43311,-8.9274245,0.0580633549999999
"421","sub-0530","314",48.5084745762712,40.6148320458884,2.65624693389765,1.12192806570946,0.416666666666667,7.51737314125,-24.4001210875,0.0112995172165384,5.4330575,-27.109185,0.00015633255,10.212205,-21.739065,0.0454496849999999
"422","sub-0531","315",35.7894736842105,23.2430764208131,2.45113624738154,0.962814786675596,0.75,13.06269784,-0.58513156305175,0.081234414645848,7.4100065,-6.093377,0.0006658174,19.213785,5.14341899999999,0.22745655
"423","sub-0533","316",42.5593220338983,25.9198174658594,2.98837627966541,0.676004126480564,0.533333333333333,10.60979490625,-17.911480005,0.0214752882826921,7.4441735,-21.90307,0.000232216,14.162835,-13.82744,0.0878957549999999
"424","sub-0534","317",48.9824561403509,24.9646115446232,3.06473901052653,0.942403662152791,0.483333333333333,9.749411315,-22.9645674875,0.0147723547430607,7.169872,-26.66838,0.0001736177,12.89625,-19.180155,0.06058293
"425","sub-0535","318",42.9454545454545,19.9113016314839,3.05080865965257,0.799409373568218,0.783333333333333,11.3844938075,2.40182246629462,0.0271473371974201,7.8714485,-1.5665405,0.00024745625,15.558395,6.570673,0.11579935
"426","sub-0537","319",89.9827586206897,18.8246678210345,2.01631958620996,0.875669615527382,0.833333333333333,10.90876529625,-2.50843148960838,0.0165753601488984,7.94212,-6.456368,0.00019060015,14.5943,1.4973615,0.069397405
"427","sub-0538","320",75.948275862069,24.2880538203189,2.71890997072152,0.753574521240535,0.583333333333333,13.7326130875,-22.405024335,0.0822106988362444,7.296023,-28.58878,0.00041963235,20.148815,-14.512485,0.2567096
"428","sub-0539","321",60.3666666666667,46.1232566311171,2.74672140000039,0.939571211908091,0.516666666666667,7.60492248,-11.9855335575,0.0117589934370771,5.564934,-14.6452,0.00016178295,10.22345,-9.2441585,0.04818181
"429","sub-0540","322",50.4666666666667,25.5412372891347,2.66238738999236,0.823906793691176,0.55,10.0782111275,-14.119027405,0.0198994394004971,7.2259595,-17.625905,0.00018242895,13.60775,-10.53257,0.085451955
"430","sub-0541","323",49.2372881355932,29.4556001250338,2.77728495084665,0.871765710038953,0.55,6.95569503625,-17.2516403875,0.0106801124436125,5.0235465,-19.655405,0.00015786295,9.54656,-14.72597,0.04255141
"431","sub-0542","324",51.8,29.0515614096555,2.71206045999425,0.975128908986916,0.8,8.20884617,3.51100953591375,0.0141665517071721,5.88018,0.7695288,0.0001842162,11.203275,6.2388995,0.05806805
"432","sub-0543","325",36.0847457627119,22.5429002016869,2.42601064743348,0.863073903246136,0.8,8.5931117375,-3.6280254478475,0.0122248524979551,6.3340375,-6.6334695,0.0001569673,11.45092,-0.63634645,0.0507747299999999
"433","sub-0544","326",58.3050847457627,23.2988487485956,2.81071811186158,0.910805286853488,0.833333333333333,11.60115729375,-6.0125236044575,0.0264338864773825,7.9171655,-10.66617,0.00026626755,15.546725,-1.424359,0.10535115
"434","sub-0546","327",47.9464285714286,28.8276506423684,2.92691493934087,0.765725831930162,0.466666666666667,7.62991234,-28.7884766875,0.0124128458274739,5.408211,-31.28203,0.00016306325,10.509825,-26.281685,0.05135848
"435","sub-0547","328",51.2372881355932,25.109648497966,2.82608598333318,0.928117110702534,0.866666666666667,8.54973414625,-6.639743327,0.0121757773380817,6.3246425,-9.7609835,0.00017387385,11.32382,-3.4439275,0.049830815
"436","sub-0548","329",81.0344827586207,19.9032444831449,2.39637244654747,0.919614875621861,0.85,9.4622345975,-6.1418054064375,0.0153673377592265,6.925144,-9.834601,0.00017884315,12.56841,-2.4813965,0.063381105
"437","sub-0549","330",61.9661016949153,31.7240070639946,2.86585753730703,0.740135559739125,0.8,10.7268190525,-9.5604795675,0.0163266247921478,7.911008,-13.461805,0.0001813783,14.20704,-5.722869,0.06743127
"438","sub-0550","331",42.3448275862069,15.9830521250764,3.24685554137325,0.854570494524207,0.833333333333333,6.2166561975,-2.8083181332585,0.00953618657741487,4.3584105,-4.910116,0.00015844935,8.6769025,-0.7550478,0.0381558
"439","sub-0551","332",43.6949152542373,29.4625737090577,2.56985457966862,0.841826882095933,0.616666666666667,6.19310620875,-8.0326337,0.00915000722535863,4.4271265,-10.174215,0.00014989195,8.491439,-5.9088235,0.03678977
"440","sub-0552","333",75.2982456140351,21.7288196644462,2.61504487017692,0.97037906108784,0.466666666666667,8.27853673125,-21.874400975,0.0130370503607744,6.0383895,-24.899615,0.0001779741,11.011925,-18.892025,0.0518524799999999
"441","sub-0553","334",54.0862068965517,30.5891188558529,2.60382678137966,0.954044122560612,0.85,9.8700044925,-8.792858741125,0.015964127447,7.193221,-12.57722,0.00018901585,13.09942,-4.9539855,0.06514472
"442","sub-0554","335",72.0727272727273,44.3387024925238,2.51548905002086,0.921204546014475,0.516666666666667,12.0727361425,-22.3691745,0.0298227770938015,8.1485,-27.167415,0.0002679542,16.460585,-17.431965,0.11725025
"443","sub-0555","336",50.4237288135593,17.6822562433708,2.46913202712707,0.531303842071015,0.55,6.54890618875,-10.6444881275,0.00993255323312088,4.6486675,-12.898055,0.00014814145,9.108707,-8.329168,0.039994645
"444","sub-0556","337",54.2,36.6688340396925,2.27939914998909,0.629900465787356,0.516666666666667,9.13358983125,-14.297118765,0.0149113254149683,6.6057095,-17.494275,0.00018652135,12.3247,-11.081595,0.061801175
"445","sub-0557","338",89.7627118644068,16.2526803975591,1.9721508491587,0.802096840116073,0.8,10.84713969375,-5.50761903565962,0.021961644544164,7.6483435,-9.425618,0.0002142756,14.56007,-1.597973,0.09171679
"446","sub-0558","339",25.5932203389831,25.837101526926,2.33446663899852,0.792151352497917,0.5,12.28400083875,-24.2539096125,0.0338864339135486,8.074303,-29.14441,0.0002771604,16.624335,-19.14391,0.1331674
"447","sub-0560","340",86.1724137931034,11.2532847930188,3.03281391896548,0.834638013979757,0.5,9.05304780625,-33.1321164875,0.012744090812051,6.697076,-36.527915,0.00016272145,11.98624,-29.595985,0.05226663
"448","sub-0561","341",34.1818181818182,26.3122918108001,2.70430124107276,1.09390028792228,0.85,9.7329814525,-2.38413539148,0.0157517770751501,7.0571565,-5.825248,0.00016929145,12.95193,1.0712235,0.06490376
"449","sub-0562","342",44.1551724137931,22.8985571629566,2.38626589827643,0.779694602793101,0.833333333333333,10.58832121125,-4.56495539888375,0.0201492811898424,7.591636,-8.3464805,0.00019576845,14.176065,-0.744100400000003,0.0843474249999999
"450","sub-0563","343",61.4210526315789,29.5857997842239,3.02447856207135,0.918491045420233,0.483333333333333,7.63065806,-14.5068712425,0.0123500401914463,5.457158,-17.02582,0.00017491275,10.49428,-11.974405,0.0508195
"451","sub-0564","344",46.3050847457627,17.4348583029636,2.61842354237259,0.608489336988852,0.816666666666667,6.46796058125,2.02628167453662,0.0113365159972877,4.40506,-0.106571,0.0001601105,9.337623,4.0760165,0.0468785149999999
"452","sub-0565","345",74.9322033898305,21.8188975406402,2.32291896101896,0.987023187953331,0.833333333333333,9.265883215,-3.3592520338855,0.0142280721349525,6.781134,-7.1047525,0.0001935772,12.18063,0.317040099999998,0.0564746599999999
"453","sub-0566","346",46.1964285714286,27.8864057091735,2.56672645892416,0.894230975732931,0.45,8.541678135,-30.537222925,0.0320567298143812,6.0047725,-34.14051,0.001675725,11.873005,-26.879375,0.0915257399999999
"454","sub-0570","347",35.6779661016949,19.3216340049055,2.95660904068125,0.718432500727177,0.5,10.07000979375,-29.3009630375,0.0150152950618305,7.511065,-33.192125,0.00018966035,13.14756,-25.304705,0.06114283
"455","sub-0571","348",52.7333333333333,19.8578564622881,2.54276697499542,0.850833625045606,0.8,10.43509228625,-0.17624792588225,0.0209465296750193,7.436131,-3.9295065,0.00022585635,14.091945,3.45898,0.0885434599999999
"456","sub-0572","349",64.9655172413793,17.7645078019929,2.96927981206682,0.714340264167129,0.833333333333333,8.029598525,-0.545828626869837,0.0115846479051032,5.9211065,-3.4127055,0.00016350805,10.67096,2.316035,0.0463071499999999
"457","sub-0574","350",79.1525423728814,27.2749813106052,2.30857120334016,0.911189719941708,0.7,12.00416056375,-17.2448987175,0.0256326104095588,8.3877395,-21.75217,0.00022804805,16.10219,-12.185615,0.1086278
"458","sub-0576","351",57.3898305084746,26.6037441940639,3.17906327166808,0.832930624513005,0.816666666666667,10.4851684375,-6.89430142828625,0.019883665154457,7.408066,-11.076,0.00021910965,13.938485,-2.817434,0.08146933
"459","sub-0577","352",68.2333333333333,21.3901344808149,2.67834894833407,0.916715669258988,0.45,7.88432991375,-33.3951522625,0.0117448244099064,5.7863215,-36.22014,0.00017687015,10.55505,-30.63292,0.046992645
"460","sub-0578","353",50.2586206896552,25.0379083432398,2.22970330517073,0.845571023107524,0.533333333333333,12.86434407125,-22.02023194,0.0321257886948787,8.7593755,-26.880325,0.0002489631,17.49321,-16.855635,0.12887595
"461","sub-0579","354",41.8813559322034,26.1732192331456,2.2335389084745,0.802154035278288,0.783333333333333,9.01481319125,-2.70813199627125,0.016124230892765,6.353715,-5.6864365,0.0001897901,12.400345,0.292276349999999,0.06760975
"462","sub-0580","355",72.7833333333333,19.8093383787962,2.23969468333526,0.749868553294766,0.583333333333333,12.46147722625,-18.6714664975,0.0512336468647336,7.3118295,-23.77453,0.0003567313,17.55389,-12.61251,0.1718681
"463","sub-0581","356",56.4310344827586,17.4588358657805,2.65092925423306,0.725137990870508,0.483333333333333,12.2020862525,-19.964031658375,0.192337933485326,6.189982,-27.99291,0.0025742375,20.791145,-11.5019,0.36994855
"464","sub-0582","357",57.5714285714286,18.1015892249143,2.75412317194666,0.904895137958186,0.8,9.527589535,2.19319136227538,0.0126041277642175,7.128245,-1.2678265,0.00018368405,12.56807,5.7297905,0.05106606
"465","sub-0583","358",62.5932203389831,19.4299081972628,2.38565327796761,0.704303667295121,0.8,11.84184225375,-10.9427085905775,0.0289199799890143,7.8250575,-15.718755,0.0002223789,16.05356,-5.855664,0.1127972
"466","sub-0584","359",63.5084745762712,19.4132667766996,2.52340686780211,1.11915781775775,0.783333333333333,11.80705603125,-9.1521201407125,0.02957689653158,8.149259,-13.67396,0.00024310325,15.889515,-4.620697,0.11768565
"467","sub-0585","360",53,16.6817475629619,2.36501635688935,0.912277851995363,0.533333333333333,10.618505365,-23.2303867,0.0189715524430751,7.541958,-27.18726,0.0002034589,14.130875,-19.317395,0.0790752449999999
"468","sub-0586","361",50.4915254237288,21.2443687316281,2.39347304915417,0.801852149174065,0.5,7.6427870825,-20.9855596,0.0109813302122529,5.607886,-23.807635,0.00015877445,10.20699,-18.158515,0.04415998
"469","sub-0587","362",75.448275862069,41.8473300470044,2.64685333728932,0.808822188551532,0.833333333333333,11.52864202625,-3.22184861114938,0.0260497195507195,7.965377,-7.680704,0.00024360315,15.52419,1.285776,0.1062602
"470","sub-0588","363",59.1525423728814,21.9810369365098,2.69000652034262,0.684902157013042,0.5,9.96412816875,-17.59052811375,0.0160940283102473,7.368671,-21.28632,0.0001788083,13.04629,-13.842045,0.0679234049999999
"471","sub-0590","364",70.8620689655172,21.6709428513237,3.10618203622289,0.857285460595647,0.783333333333333,7.677761545,1.57690570664637,0.0121070947269755,5.5119515,-1.072107,0.00016330555,10.483465,4.2157735,0.049579015
"472","sub-0591","365",45,24.4709539292382,2.58679561356035,0.884366072372413,0.7,11.00746987375,-8.712991284875,0.0211429573569039,7.624727,-12.68898,0.0002066699,14.84162,-4.8377005,0.0870497899999997
"473","sub-0592","366",43.7894736842105,24.2109308563783,2.73510534482294,0.92432887915552,0.733333333333333,12.08857793,-12.607748375375,0.033207707908759,7.6478235,-17.010105,0.00027494905,16.724485,-7.7275735,0.1335063
"474","sub-0593","367",48.5833333333333,26.3170317131718,2.23053129498536,0.777264701175195,0.85,8.35714165875,0.71300172733475,0.0126058336456658,6.1502145,-2.2914245,0.0001623751,11.177345,3.73914599999999,0.051407365
"475","sub-0594","368",47.0689655172414,24.8559795968312,2.06305334165615,0.481474174574726,0.766666666666667,9.9558248425,1.67511653377738,0.027081818534271,6.668597,-1.494223,0.00022849825,13.9959,4.885328,0.1127637
"476","sub-0596","369",56.2,29.5278093570066,2.52416725000006,0.819097367475541,0.583333333333333,10.06896218125,-6.61107506338375,0.38066212175,5.868582,-26.1683,0.2872236,15.70992,12.31234,0.463268
"477","sub-0597","370",39.0169491525424,26.7765282737311,2.78216961017313,0.927387323047404,0.533333333333333,9.45973855875,15.57446200375,0.0157547125034553,6.8028805,11.986055,0.00020523715,12.678525,19.113295,0.062637815
"478","sub-0598","371",69.5084745762712,21.1532771418487,2.04037740508438,0.884021778634171,0.75,9.202018195,-9.6224388,0.0154877580364891,6.730903,-12.8879,0.00016681385,12.255425,-6.363519,0.06423414
"479","sub-0599","372",11.4745762711864,11.182430696538,2.34939087627621,0.850569985653774,0.833333333333333,7.79378355375,5.0685151475125,0.0112792197743268,5.698812,2.3418715,0.0001509394,10.48914,7.804318,0.0463900149999999
"480","sub-0600","373",42.4181818181818,26.1212918042329,2.83705961454385,0.923918039808611,0.8,11.4576605375,3.3015346562635,0.0242846814113004,8.1561835,-1.017048,0.00021637515,15.206005,7.497907,0.10166755
"481","sub-0601","374",55.7833333333333,21.3875392730953,2.26372400000109,0.809777336914097,0.85,9.3541404025,3.3379798104225,0.0154343902435191,6.801874,-0.0259112599999998,0.0001853243,12.53977,6.6281665,0.064943415
"482","sub-0602","375",59.8333333333333,41.2886353907389,2.06615440166643,0.806092698873521,0.783333333333333,11.95815047375,-6.10034524389125,0.0229538133025831,8.549403,-10.81196,0.0002106242,15.864545,-1.472577,0.0948916299999999
"483","sub-0604","376",50.9661016949153,22.8140656112324,2.19963357796581,0.621691469902427,0.866666666666667,9.2442171625,-0.92964388734475,0.014112863544887,6.798696,-4.4218155,0.00015380715,12.23345,2.5569125,0.058381305
"484","sub-0605","377",60.3508771929825,14.5792063619857,2.5061157403428,0.867227290396261,0.883333333333333,6.43367622375,-0.643095237739588,0.0106752841900541,4.518091,-2.7396,0.0001459287,8.982118,1.460595,0.042654325
"485","sub-0606","378",24.9122807017544,23.6577386174425,2.66892461052824,1.0047030863987,0.866666666666667,9.3670567075,-4.74734824486,0.0141830287048202,6.946125,-8.2485525,0.00018973275,12.361725,-1.3310135,0.0579072199999999
"486","sub-0607","379",65.7627118644068,15.6473408372674,2.8194137779617,0.991631018443816,0.816666666666667,11.11593445625,-8.9272276033125,0.0242646500420121,7.6457515,-12.906395,0.0002467861,15.067935,-4.7670135,0.099982575
"487","sub-0608","380",35.5423728813559,23.9044953454498,2.38899262033756,0.731074920527369,0.466666666666667,8.45914658875,-20.838011175,0.013955751813492,6.168868,-23.863365,0.0001779763,11.27011,-17.7885,0.05789328
"488","sub-0609","381",46.8823529411765,17.3581647173006,3.20109926414114,0.87066622371817,0.566666666666667,10.32722665375,-15.44211984,0.0179846762974319,7.502165,-19.19,0.00019728665,13.77772,-11.740955,0.07392902
"489","sub-0610","382",58.35,18.6336901009881,2.38096432833408,0.794144088933924,0.766666666666667,8.7251455425,-5.1455288183,0.0149131747494046,6.248279,-8.1273885,0.00018457195,11.81905,-2.1944595,0.0609263099999999
"490","sub-0611","383",61.7719298245614,11.7837926587139,2.06141995345363,0.924061742227789,0.7,12.84557194375,11.3598515161,0.0454983233977294,7.7263045,6.043593,0.00036852545,17.96041,16.734005,0.16301455
"491","sub-0612","384",53.551724137931,22.5234165974172,2.45815459660835,0.853522303082242,0.566666666666667,10.92548398875,-16.8017704725,0.0221841962444912,7.7084815,-20.99877,0.0002272598,14.614815,-12.42048,0.09013899
"492","sub-0613","385",29.7068965517241,27.0055281024899,2.56911841724148,0.858301407837588,0.466666666666667,6.12172266375,-24.7624174625,0.009055730926775,4.376495,-26.90804,0.00015161695,8.4233945,-22.63067,0.036545925
"493","sub-0614","386",31.3461538461538,23.689068063167,3.11152313214864,0.933616019583217,0.816666666666667,11.18022899875,3.36641994652125,0.0253560502389668,7.7268135,-0.8081174,0.000232636,15.15615,7.309869,0.10587395
"494","sub-0615","387",49.4363636363636,21.647652884802,3.08611055273055,0.840133204404325,0.633333333333333,11.58576281625,-0.9953301798355,0.221278565854721,6.3130085,-9.16854,0.008056377,19.8351,7.32016499999999,0.3899375
"495","sub-0616","388",54.2333333333333,16.4794341957614,2.59288337665688,0.810706342804089,0.883333333333333,7.500887645,-3.04465914753788,0.0108009535574189,5.5038665,-5.703794,0.0001639823,9.98765799999999,-0.363323300000001,0.043815585
"496","sub-0617","389",57.05,25.4874013410282,1.76887536166566,0.505922634779729,0.833333333333333,9.27863402625,1.86531494938373,0.0144842263886635,6.8313495,-1.452202,0.00018518775,12.39338,5.0811545,0.0582657
"497","sub-0619","390",45.1016949152542,22.4497100167542,2.50629804576392,0.727760458851707,0.5,8.55089518,-19.51793175,0.0130512085443175,6.2561265,-22.562705,0.00016972285,11.391895,-16.38039,0.052933935
"498","sub-0620","391",28.1320754716981,11.9035187684616,3.1433432735942,0.762526674778944,0.816666666666667,9.34755749375,-0.9934222515235,0.0160847403317828,6.7810435,-4.2731685,0.0001959481,12.521075,2.2981215,0.0656900499999998
"499","sub-0621","392",56.7321428571429,32.5361287697949,2.37480270172919,0.768902060525231,0.783333333333333,11.4066495175,-12.92572841,0.0234697629935556,8.0010355,-17.400005,0.00023736275,15.250985,-8.5721635,0.0970054049999999
"500","sub-0622","393",42.7118644067797,24.6136007030159,2.31467816832883,0.82725751407215,0.483333333333333,9.80382705,-20.55501669125,0.0174142704003769,7.0105635,-24.03932,0.00019103785,13.217275,-16.96127,0.07369969
"501","sub-0623","394",54.948275862069,30.807507864721,2.32290823275528,1.11492706651745,0.55,11.9522476625,-17.771887458,0.0332815558207506,7.9080075,-22.53594,0.00025896315,16.17071,-12.715405,0.1277193
"502","sub-0624","395",46.7627118644068,27.153674408785,2.78544276948995,0.79348363295432,0.616666666666667,10.79173668875,-11.30498442175,0.0361203434416175,7.027617,-14.91671,0.00027123845,15.25333,-7.535722,0.1483905
"503","sub-0625","396",48.6428571428571,26.8865823727805,3.5228960124992,0.632806954348539,0.75,9.10823415875,-9.7499777125,0.0152618782145119,6.589046,-13.19838,0.000152804,12.19019,-6.367166,0.062195745
"504","sub-0626","397",60.4736842105263,34.0326026790897,2.81944202279811,0.870677770579303,0.516666666666667,12.415003225,-22.945838725,0.044603203227215,7.6456475,-27.73444,0.00031985895,17.3648,-18.202425,0.16144515
"505","sub-0627","398",35.9666666666667,18.0751413400636,2.84501052668008,0.825915640462615,0.583333333333333,6.31640904875,8.1533367175,0.00992836297806238,4.3760805,6.0085455,0.00015649355,8.86363,10.18834,0.03989869
"506","sub-0628","399",50.448275862069,20.5675373700019,2.43931692205291,0.726530367426642,0.816666666666667,11.46785575625,-7.7172326943125,0.0258270254147779,7.937824,-12.0765,0.0002379,15.38975,-3.3391425,0.10324645
"507","sub-0629","400",57.0689655172414,26.0693152077744,2.34133592240737,0.850784186199063,0.666666666666667,11.653831645,-15.24931948625,0.0283792150690063,8.0599145,-19.616365,0.0002515801,15.54056,-10.691135,0.1159846
"508","sub-0630","401",70.6034482758621,26.2905090307086,3.04163092585754,0.774553575657073,0.783333333333333,11.8770762475,-11.45449457725,0.0286065799336837,7.919075,-15.776285,0.00025282765,16.08531,-6.9979115,0.1132939
"509","sub-0631","402",53.5333333333333,22.3284166946605,2.54278173998464,0.862847487165979,0.766666666666667,8.4136081675,-6.9871022955,0.0131906390751912,6.1416955,-9.894899,0.00018534645,11.32778,-4.089161,0.054516885
"510","sub-0632","403",29.2881355932203,18.9008765053622,2.99812023220899,0.8135101581987,0.6,13.75220888125,3.23587456566,0.157983568119771,6.992139,-7.3869185,0.0010500715,21.83271,11.19063,0.37415025
"511","sub-0633","404",76.5333333333333,36.4614803322986,2.57560635499928,0.936398359574395,0.85,7.81237453875,-3.56020459998125,0.0128025533672037,5.652018,-6.3159185,0.00017456705,10.589755,-0.8086838,0.0523856799999997
"512","sub-0638","405",66.125,23.9613799116981,2.73232276724844,0.723697914424012,0.716666666666667,13.74188146875,-9.75023639005,0.0845580284650563,7.5532695,-16.10451,0.0005170998,20.08106,-3.12113800000001,0.24523335
"513","sub-0639","406",61.65,22.3757018638144,2.17826788332313,0.610091568846803,0.883333333333333,8.9817196625,-7.65304889175,0.011856254970822,6.6444,-10.92892,0.0001591569,11.903785,-4.2643955,0.048521495
