"","participant_id","idx","mean_confidence","sd_confidence","mean_RT","sd_RT","Accuracy","estimated_mean_beta","estimated_mean_alpha","estimated_mean_lapse","estimated_q5_beta","estimated_q5_alpha","estimated_q5_lapse","estimated_q95_beta","estimated_q95_alpha","estimated_q95_lapse"
"1","sub-0019","1",64.6625,29.8230832991553,2.23792595000123,0.976725528188485,0.8125,7.2729883425,0.374955714507,0.007882725539255,5.3850965,-1.717217,0.00010766545,9.503542,2.6012845,0.03289154
"2","sub-0020","2",43.3625,31.549135377027,3.1041335050104,1.08250846746547,0.6875,7.261795315,1.80858126967375,0.0377001207443325,4.332274,-0.233756,0.00039668295,10.67644,3.909231,0.12592155
"3","sub-0022","407",74.8481012658228,36.0743849060325,2.33586242151464,1.06164486120654,0.8625,6.257657405,-0.0982019636375,0.032740089151065,3.650033,-2.6097835,0.00058489405,9.4127135,2.2853655,0.08914875
"4","sub-0023","3",50.1,27.3480149928771,2.06334712000826,0.809966197153347,0.675,8.432177175,3.50996271195,0.026087043750399,5.7925455,1.178076,0.0002427892,11.486505,5.8658315,0.10009285
"5","sub-0024","408",47.35,26.2577776301794,2.87267624251253,1.0853394947131,0.55,7.3970715525,5.3494936825,0.0847848197256,4.7584795,3.232908,0.0063438515,10.456565,7.472001,0.21726525
"6","sub-0025","409",61.35,21.0749716578634,2.94758199875359,1.14182369866748,0.8,6.3030286675,-1.84203990817275,0.084895968497375,3.900566,-4.5873045,0.01419773,10.25429,0.6529785,0.1622619
"7","sub-0026","410",55.7375,36.7994027710206,2.31159899624181,1.04720390001402,0.8375,6.880625875,-1.2643009222535,0.00937379707835675,5.0141455,-3.4417775,0.00012151515,9.1262405,0.844690599999999,0.039640955
"8","sub-0027","4",63.0379746835443,25.9246655335222,3.13042023418401,1.50372050675795,0.9,5.1551012125,2.4944363316775,0.0085442600848525,3.2877455,0.50884485,0.00014577905,7.1333195,4.502978,0.032094105
"9","sub-0028","5",92.15,15.1106467621217,1.84390216375177,0.714808332497383,0.6375,7.489856985,-3.601449961825,0.1465110557485,4.3572425,-6.3589525,0.034388965,11.487325,-0.639737250000002,0.2736173
"10","sub-0029","6",79.6125,39.7694284181815,2.58192623500072,1.25672174502587,0.8125,5.09806241,3.498554057,0.0169952552145435,3.3206605,1.7504535,0.00056165285,7.6251275,5.5012685,0.053958015
"11","sub-0030","7",57.8875,35.0023484745549,3.18719761875982,1.42177065476365,0.8125,6.5621106375,-3.122555388575,0.0081550899974345,4.5805655,-5.2518865,0.00012492375,8.9924095,-1.177751,0.033119115
"12","sub-0031","411",43.175,26.3255062340881,2.42819834248803,1.05740734791803,0.575,6.4683581275,2.9338644234275,0.09076225437885,3.982938,1.0489395,0.0080076545,10.20427,4.8719975,0.2167747
"13","sub-0032","8",55.425,36.0136313854854,1.97713508250017,0.843662063341626,0.875,6.2984360725,0.5885547110905,0.00640958942308,4.502755,-1.457285,0.00010787235,8.4467125,2.7206525,0.02572285
"14","sub-0034","9",89.725,21.6946443837346,2.25662012874382,1.03923270297165,0.875,7.1293699725,-2.0208275155075,0.0155495486252795,4.8273695,-4.562544,0.0001700262,9.4541435,0.580802399999999,0.057042395
"15","sub-0035","10",55.2,22.572190799042,2.65215477125021,1.3588486736577,0.7875,9.0694359925,2.058642728766,0.0229769094669925,6.3148355,-0.54926245,0.00016089195,11.976615,4.6389565,0.102466
"16","sub-0036","412",69.3625,32.6753279549269,1.16783804125444,1.17246080223081,0.2625,6.5163001325,0.825713717663,0.47897809675,3.7728905,-4.0390525,0.44916205,10.307845,5.7741945,0.4962358
"17","sub-0037","11",60.2784810126582,28.5540139119461,3.07711499623838,1.46078303887498,0.8375,5.9336938175,-0.0322888435858,0.0068171052048425,4.157536,-1.792645,0.0001161004,8.1310805,1.92289,0.027650615
"18","sub-0038","12",68.0769230769231,33.5867820440114,2.17760597976644,0.825259044827308,0.9,4.71709843,2.4420863788325,0.017250369284525,3.12635,0.54281965,0.0016025125,6.632897,4.554311,0.048220925
"19","sub-0039","413",68.4177215189873,28.8926428373484,2.75699533749721,1.04535447945994,0.875,6.5021681225,-0.85690025697475,0.0211187417560175,4.3039055,-3.247547,0.00043012385,9.213469,1.3742865,0.06820894
"20","sub-0040","414",66.175,31.3472890637383,2.4502464074787,0.751217417591438,0.7625,6.44780577,-2.39912158609,0.046868648073775,4.1833555,-4.60644,0.003390255,9.6918035,-0.302197300000005,0.11721875
"21","sub-0041","415",90.6338028169014,19.1372780842744,2.43223885342173,1.13646597754781,0.8375,7.2036594,3.133568154555,0.0842232094909,4.1883535,-0.1614054,0.006121555,10.964335,6.145157,0.17401805
"22","sub-0042","13",60.0625,30.5495421457746,2.58346497121674,1.01368042223538,0.8125,6.8489981275,-0.5124979255815,0.01322221228313,4.698725,-2.52082,0.00015561525,9.3086315,1.447851,0.0558168949999999
"23","sub-0043","416",44.2784810126582,37.4740719625979,3.67918164431577,1.19285580545507,0.85,5.8486804175,3.63195048924,0.00657166129388075,4.202779,1.42656,9.443621e-05,7.8716615,5.6701315,0.02778796
"24","sub-0046","417",80.9,21.8450237649479,3.42776400875002,1.35696943125797,0.6875,6.382117685,1.670065279135,0.143721868105,4.056447,-1.3370535,0.04539552,9.252734,4.164083,0.2703102
"25","sub-0047","418",83.575,24.1507790057025,1.91905209750003,0.629715523927836,0.8625,7.7787979675,2.1172191905175,0.0215128236661225,5.045922,-0.5013727,0.0001944506,10.306265,4.655375,0.079963735
"26","sub-0048","419",58.8,33.294010561068,2.11470669625019,1.17083473234731,0.825,6.6264452025,3.6191593683075,0.00744378623310225,4.7855565,1.358434,8.628407e-05,8.8889275,5.769928,0.03214983
"27","sub-0049","14",61.9125,30.1007564352573,1.78539635125003,0.695520529929109,0.85,7.9978249975,1.89875499859505,0.021306069872843,5.3670405,-0.68098595,0.00020024515,10.63693,4.505228,0.07914421
"28","sub-0050","420",56.2,37.5345916405155,2.6576999500001,1.21745081596912,0.75,9.15137759,5.14699063913,0.0303629056396913,5.7119765,2.2032305,0.0001527235,12.34472,7.7639285,0.13457295
"29","sub-0051","15",54.1375,37.7251028636894,2.2624328112488,1.0663759786372,0.8625,6.18362681,1.692363421728,0.00727356804500875,4.2866295,-0.21876545,0.00010306975,8.6464705,3.9158915,0.031548605
"30","sub-0052","421",74.675,38.0748014614537,3.22945276125101,1.50432483417064,0.8375,5.96865572,2.083607106525,0.0071629092414245,4.123687,-0.0402604649999999,0.00010229035,8.349481,4.0026655,0.029769425
"31","sub-0054","16",59.3625,32.9991345302697,2.3578543700045,0.800827208276563,0.875,5.423829685,2.9066066324,0.00616620215831,3.929048,0.9098447,7.40589e-05,7.3224045,4.9367055,0.02532789
"32","sub-0055","422",63,32.2360753963944,2.78702432750288,1.42946562004364,0.875,6.5094658725,0.0148288912265,0.0152058751902795,3.9042125,-2.5690125,0.00017128,8.975772,2.625977,0.055352205
"33","sub-0056","17",55.6875,28.0454395083263,2.58479060000063,0.985329018374204,0.825,7.214578745,0.08322521051825,0.0267403395620975,4.9868595,-2.1097785,0.00065169215,10.19866,2.4517735,0.0846450849999999
"34","sub-0057","423",31.6375,19.5611626003794,3.09052365624593,1.00753504247922,0.7625,7.64602821,0.187790805151,0.0191696140608575,5.257729,-2.038519,0.00019134,10.413375,2.367296,0.074798385
"35","sub-0058","424",56.675,35.4963984623436,2.94092477874801,1.11260456072421,0.7125,7.678179905,-0.11916414557395,0.01058744624173,5.4072835,-2.19409,9.9541935e-05,10.495385,1.9034615,0.0454541399999999
"36","sub-0059","425",59.1645569620253,29.4393903137411,2.40660549750755,0.964191965454573,0.8625,4.3729091475,2.53525629656,0.00502177802747675,2.8351025,0.6572877,9.200246e-05,6.36605,4.164383,0.01914055
"37","sub-0060","426",65.175,27.3272595392229,2.43498602124673,1.02996388355441,0.8875,4.9678933125,3.04791486581,0.00500031813239375,3.380948,0.95266705,9.3820965e-05,6.8891485,4.967459,0.020321175
"38","sub-0061","427",59.325,37.1847168142634,2.82246565374953,0.825988320743945,0.8625,5.9205329775,-4.45997390825,0.00605735949722075,4.4183,-6.5295445,9.227288e-05,7.7498,-2.468276,0.024230835
"39","sub-0062","18",78.6625,27.9963576970969,2.42323704374867,1.12861581788497,0.8875,4.182722765,2.7062320711,0.00433683339481225,2.7966375,1.050775,9.093176e-05,5.811293,4.4179975,0.017286955
"40","sub-0063","428",41.825,30.6787251562901,4.2596715562504,1.43249026015133,0.6875,6.530429385,0.7473052657555,0.065039279381765,4.2895885,-1.1295015,0.004494029,9.3882375,2.546392,0.1889533
"41","sub-0064","19",48.1875,34.4505125717412,3.17063488749918,0.912699921637384,0.8625,6.54876256,-0.31621361577995,0.00863162320162725,4.6540625,-2.405945,0.0001130499,8.7773435,1.9305405,0.036610065
"42","sub-0065","429",62.3924050632911,32.4757967950726,2.06647626582468,0.948068987123649,0.8,7.8444001025,-0.360267043295,0.0104482038324725,5.795226,-2.60136,0.0001154602,10.377485,1.787188,0.042989475
"43","sub-0066","430",62.126582278481,23.5281430438635,2.53620837625131,0.942535005334103,0.8625,5.7498977325,0.5008319740145,0.0055817291734,4.194179,-1.4748875,0.0001023485,7.5786245,2.567635,0.022196665
"44","sub-0067","20",54.9493670886076,21.5441697355523,1.5696854762471,1.14585434357282,0.625,6.418623275,0.860078138095,0.354361045,3.8284325,-3.9945465,0.27086075,9.716512,5.669212,0.43604335
"45","sub-0068","21",73.125,28.2705621370411,2.0927567337465,1.05934463775751,0.7875,5.698706435,5.35607375775,0.006071193411911,4.1829735,3.4973,9.695447e-05,7.587683,7.2285905,0.024896335
"46","sub-0069","22",71.225,26.0709717812791,3.00857836000214,1.33556688754011,0.8125,8.4269660325,1.58960479511,0.0168901744712288,6.0778315,-0.86837015,0.0001730222,10.989605,4.006551,0.07013172
"47","sub-0070","431",43.7375,27.6170667055305,3.70074568874916,1.35690338748417,0.5625,7.7263223575,2.6748720741425,0.0199803557347425,5.4136595,0.76463985,0.00016578845,10.791605,4.538122,0.0973997449999999
"48","sub-0071","432",71.475,27.797174521746,1.88687366875311,0.951498153942956,0.875,6.5832687325,-1.12613910282275,0.0278958091165225,4.063986,-3.5693975,0.0004183301,9.5151955,1.4897305,0.07981617
"49","sub-0072","433",64.9125,35.3539762861337,1.75672492374942,0.466737631418005,0.825,6.46272965,2.46015603761,0.0126262643922625,4.207961,0.060880485,0.0001706547,8.9389005,4.704599,0.04659927
"50","sub-0073","23",74.65,20.3389630444012,2.40403672874672,1.1318725348159,0.9,4.84716801,-0.1080985462225,0.0123216008431567,3.0756145,-2.266129,0.00041867245,7.098446,1.797211,0.03751629
"51","sub-0074","24",75.3417721518987,33.4153680581292,2.75452958874885,1.35809667854672,0.925,4.9546282725,0.29665930806125,0.0048490392352895,3.539721,-1.6098215,8.8415525e-05,6.6365495,2.170194,0.0197378
"52","sub-0075","25",68.9113924050633,33.2967195864073,3.3348131550003,1.40992074632908,0.85,5.4248623375,1.68750956036,0.00695295438461,3.574151,-0.06722266,0.0001047578,7.745093,3.6488995,0.028678755
"53","sub-0076","26",49.4935064935065,29.2150030745845,2.85336937142956,1.37495009787332,0.875,6.0209399825,0.41671736321875,0.0301061660695775,3.6274875,-2.050108,0.00075277995,9.3780945,3.4269815,0.08046622
"54","sub-0077","27",63.825,29.1446740471815,2.21769111999165,0.827408975130156,0.8875,6.35338069,1.03208714960775,0.00734897384937,4.7187265,-1.1169755,9.0704575e-05,8.3042155,3.0796945,0.0314315
"55","sub-0078","434",72.7,17.3098347694839,1.81730681750632,0.515739005319562,0.8125,8.0005958775,4.3629371797075,0.0415241297419175,4.479302,1.348339,0.00035003255,11.62019,7.4734305,0.1237696
"56","sub-0079","28",52.0625,33.6513560770259,2.21349027999968,0.809779979816771,0.8125,8.16956187,0.519517691273,0.02633623514563,5.019993,-2.049649,0.0001838094,11.12462,3.129442,0.1014436
"57","sub-0080","435",62.7625,32.7677843296342,2.56820014374825,1.30958235572663,0.825,7.0483045525,1.7347992548375,0.0202072737272125,4.2446965,-0.94325045,0.0002564907,10.32549,4.121315,0.072278645
"58","sub-0081","29",32.8354430379747,22.9952226809691,2.57089779249945,0.860982016599404,0.8,7.6998168975,-2.5089077038625,0.014222765860994,5.4352985,-4.6437445,0.0001131215,10.423825,-0.172293400000001,0.06757641
"59","sub-0082","436",59.9493670886076,26.5546841365942,3.27871738355224,1.50853930241143,0.7125,6.56077526,3.249002570275,0.0264601827954682,4.32125,1.3960585,0.0006731712,9.8528925,5.238832,0.0821539999999999
"60","sub-0083","437",65.6625,27.4424339945331,2.50078295499843,0.97836858715297,0.825,8.4463094975,3.3479895981,0.0221256454741475,5.574479,0.4923298,0.00021135445,11.523005,5.9744905,0.08339668
"61","sub-0084","438",53.0875,47.9987325122738,2.29852050000045,0.974447823809717,0.7875,7.559445705,-0.00826552538725,0.0111996515086482,5.4040945,-2.084053,0.00010568975,9.977591,2.267103,0.048232835
"62","sub-0085","30",51.253164556962,35.877451083758,3.47188781124569,1.1717368907782,0.8375,5.557803275,3.488337996925,0.0058858063628165,3.9005455,1.7652645,0.00010330545,7.665857,5.35572,0.02273224
"63","sub-0086","31",74.0379746835443,26.4601505112173,2.91488704625226,1.07770148695545,0.725,5.8644831275,3.44111444175,0.00676522947246,4.091118,1.628142,8.5532725e-05,8.0843335,5.37329,0.0274432499999999
"64","sub-0087","439",25.125,27.9327288636852,2.66605451000651,1.08642403138681,0.5625,5.437988165,4.60403434575,0.0108279706145225,3.592918,3.19507,0.0001129842,8.1103285,5.962713,0.04779739
"65","sub-0088","32",77.375,31.6053091998837,2.2253655912471,0.939836342280104,0.925,4.7591646,0.72196458268555,0.005479312014985,3.3060045,-0.97624455,8.5268675e-05,6.4744595,2.610939,0.020878435
"66","sub-0090","33",54.025,22.8960087174571,2.54578747875057,1.06896909649842,0.9125,4.32393777,-2.25128223418,0.00525928213939575,2.9582375,-3.8765445,9.321468e-05,5.9974365,-0.786232450000001,0.021190705
"67","sub-0091","440",48.2875,31.8803910804594,2.47202960248978,0.816017103346983,0.8375,4.7760736375,4.05806876125,0.00554918977034165,3.144191,1.9503555,7.8655005e-05,7.03551,5.7385075,0.022326175
"68","sub-0092","441",57.625,31.9779888697194,3.49637457625067,1.56888422475604,0.825,7.0231731375,-0.63091408437125,0.006773087032303,4.8160295,-2.979681,0.00011668875,9.7342105,1.4482435,0.026477465
"69","sub-0093","442",71.2,32.8507942604788,2.08733103999984,0.751557316545452,0.925,5.063317515,-1.21412572944375,0.00480326372676325,3.6579,-3.17991,8.854378e-05,6.8079105,0.743448049999999,0.01873945
"70","sub-0094","34",90.1375,17.7925768549483,2.3008095674988,1.09759866204518,0.8125,7.3509376175,-6.9127747746,0.0207517390369295,4.7481935,-9.6013135,0.00020190815,10.131275,-3.9333825,0.07476208
"71","sub-0095","443",41.6625,29.3248690199628,3.03892881624924,0.738282357774767,0.825,6.4400441375,2.664325145395,0.00772965332866975,4.7094525,0.62425015,0.00010488155,8.445079,4.7807705,0.031248195
"72","sub-0096","35",62.8,28.5490472917368,2.34636119999777,1.00400939434804,0.825,6.287024565,3.4671189967175,0.0119811716517125,4.105949,1.118835,0.0001365806,8.5988645,5.661551,0.04544031
"73","sub-0097","36",45.2948717948718,26.8493193095458,3.80739692050683,1.52031181342864,0.7375,6.6853799825,0.3979664420875,0.1053050007395,4.0810315,-1.9525155,0.012517265,9.914387,3.190695,0.22084745
"74","sub-0098","37",51.475,37.7955777334139,2.15919153500145,0.841560933171931,0.7875,6.14234227,2.3585978107825,0.02235824093916,3.9398975,0.3260123,0.0009713782,9.293006,4.7205365,0.06815219
"75","sub-0099","38",91.325,13.5709807673337,1.8837707550003,0.723557742762498,0.9125,5.1229099175,2.0266724215025,0.00519573159469775,3.50768,-0.20481975,8.5540355e-05,7.1003345,3.982363,0.022144015
"76","sub-0100","444",70.925,32.6863789228573,2.23310284624604,0.895214962902835,0.8375,5.42961976,-3.602328569575,0.0127286490494293,3.3949665,-5.6067775,0.00016504895,7.6677975,-1.7192955,0.04589986
"77","sub-0101","445",66.15,26.1083913955997,1.94308049124666,0.696532448175462,0.7875,8.3767117125,11.26691012,0.020797661574405,5.7424985,7.60315,0.0001433588,11.331985,14.59213,0.09036122
"78","sub-0102","39",34.1,35.0358225357918,3.91973258125508,1.31110664406301,0.75,6.706379075,-1.85341561191275,0.02539056568631,4.4265835,-3.8460625,0.00071799435,9.9452915,0.4136763,0.080001935
"79","sub-0103","446",65.7594936708861,19.618290255801,2.87575952151843,1.4595305904355,0.8625,8.1527559525,2.6856244578225,0.0127810078537253,5.767584,0.03079556,0.00014165415,10.737555,5.2267385,0.05195115
"80","sub-0104","447",51.8375,36.8257765221006,2.21564676749986,0.745391828453002,0.825,6.8003913375,-3.802965131525,0.0077374299843225,5.0103145,-5.893184,0.00010519095,8.9697745,-1.8016835,0.032085525
"81","sub-0105","448",60.2,34.2098512719748,2.5304488462556,1.21117525844587,0.7,4.807996105,4.52305346275,0.005741197231025,3.1475905,3.07365,9.2240055e-05,6.9889235,6.1117805,0.023717305
"82","sub-0106","40",43.2,29.6261089094387,3.01884754127241,1.05827017301341,0.7125,5.2065997875,1.471005282145,0.009293955255747,3.4221035,0.104765935,0.00010934765,7.668678,2.786412,0.0403508
"83","sub-0107","41",42.55,32.8471334702922,3.15607194375189,1.45543730195885,0.8,6.94583503,-1.00109745718225,0.03818876614881,4.2950285,-3.248232,0.000656738,10.39582,1.467061,0.10998525
"84","sub-0108","42",69.35,31.4308966754495,1.90162421375862,0.754969899583385,0.8625,5.4862710975,0.91098288899525,0.00565953099938925,3.669752,-0.8852669,0.00010980115,7.8804705,2.908467,0.02237786
"85","sub-0109","43",26.4375,37.1670344440754,2.19933629875304,0.733725664547769,0.7,6.84605162,5.08189617275,0.00965538174534575,4.978495,3.212251,0.000100189325,9.3594105,6.931899,0.04172987
"86","sub-0110","44",41.8,29.4714622746751,2.69141524125589,0.999852041231311,0.725,9.0243976675,3.81853479275,0.032593126176475,5.7563525,1.2575825,0.00022916095,12.462555,6.4014145,0.11988315
"87","sub-0111","45",68.65,21.9124263918843,2.22787864624961,0.700428522014001,0.8,8.6516409175,-2.1371414193975,0.0773991644841646,4.673153,-5.400025,0.00044434755,13.107315,1.391382,0.1949821
"88","sub-0112","46",63.9113924050633,29.6696295870242,2.71074457721565,1.39193612001236,0.8875,5.2388413625,2.399360196593,0.0180192931892125,2.896521,0.2255617,0.0002346016,7.838842,4.8883445,0.056755235
"89","sub-0113","449",44.05,23.5193967889582,2.12730572749988,0.663319210900439,0.675,7.07854283,4.32680395525,0.0136779277202538,4.932285,2.479219,0.00013054925,9.9045915,6.076877,0.05965839
"90","sub-0114","47",54.875,27.5691879927987,2.30661758749966,1.02151041439044,0.7875,5.8344609125,3.5395695332,0.021668190154035,3.8492975,1.6197995,0.00094505065,8.6376985,5.715838,0.06620654
"91","sub-0115","450",61.675,23.9476089554583,2.25701555749965,0.772404365230777,0.7375,8.2171815725,-0.4973133879175,0.0104683838670875,6.0789105,-2.724117,0.00011161865,10.84356,1.677925,0.04934813
"92","sub-0116","451",56.225,26.8059010129099,3.66185669875013,1.36912723013058,0.8375,5.32943721,-1.10570011238075,0.0060390799829283,3.638193,-2.944732,8.692583e-05,7.4816025,0.536419649999999,0.0245359049999999
"93","sub-0117","48",85.3924050632911,25.0811082861077,2.65143292658182,0.918692162355521,0.875,4.624813435,3.39923772925,0.00480369132895,3.231681,1.57988,8.129946e-05,6.2728455,5.2336315,0.01866824
"94","sub-0118","452",64.75,28.80554623108,2.45826911999975,0.964298161459107,0.8125,6.0390372925,-0.8551197064865,0.006851215247688,4.2009495,-2.9523965,8.131033e-05,8.398533,0.992477499999999,0.0279193299999999
"95","sub-0119","453",66.7625,29.1340175913426,2.75325924374883,1.05803864428494,0.825,6.67512479,1.36006062733425,0.00759679775919775,4.739603,-0.79938685,0.00010503425,9.1258915,3.291626,0.03163886
"96","sub-0120","49",56.2,42.4160824526843,2.76592174499929,1.17066016966059,0.875,6.46959534,0.030797518938625,0.0089212180747875,4.449956,-1.977657,0.0001179978,8.8664315,2.3144625,0.036472675
"97","sub-0122","50",71.1025641025641,8.18549515926379,2.97882050506312,1.279599142503,0.7375,5.462522385,1.16444503909375,0.00971767734483375,3.6783865,-0.21509635,0.00010061703,7.8688845,2.4794325,0.041645325
"98","sub-0123","51",39.575,38.1143432916922,2.12993034374922,0.568230595762409,0.7625,6.7036587775,3.367382609275,0.007899662460722,4.712795,1.290907,0.0001116065,9.1940985,5.239519,0.033016865
"99","sub-0124","52",39.5875,23.8410844997995,3.10771809250109,0.777144314881715,0.9,5.2026707575,0.50638885507395,0.005769282764982,3.7952815,-1.3607275,9.9923545e-05,6.8494355,2.447618,0.02305864
"100","sub-0126","454",60.5625,35.8519613537585,2.42782962251804,1.01035951039399,0.85,5.6994592025,1.1004783698025,0.00809909348407975,4.038949,-0.8757057,0.0001119599,7.559929,3.0483075,0.032881615
"101","sub-0127","455",61.4625,32.2509714307623,2.85338557502255,1.05382851094255,0.6375,5.65362453,2.3900686389,0.0092047984368525,3.8310205,0.95039905,0.000107075,8.0131475,3.8365465,0.036938825
"102","sub-0128","456",57.725,14.1134418377067,2.47627160876873,1.11779757842459,0.6625,9.5701623075,8.1662228725,0.0356608694772763,5.267051,5.11941,0.000173106,13.370015,11.220815,0.13848575
"103","sub-0129","53",49.225,36.9741527919646,3.00033200249891,1.06454353286229,0.7625,7.0336306575,0.94403875715375,0.03132557608725,5.026212,-1.2731255,0.0025192495,9.48565049999999,3.0460305,0.089811795
"104","sub-0130","457",64.7875,28.8754171431319,2.15749514500494,0.923547455439675,0.875,5.7246419125,-0.35394405639875,0.0056574589889625,4.194569,-2.392158,8.4624955e-05,7.5485695,1.677458,0.02295351
"105","sub-0131","458",79.9125,22.4111148678564,2.41433776125195,1.33154967493142,0.8625,5.9750052675,-0.190342638595,0.0065085990931105,4.3028445,-2.4147775,9.640232e-05,8.0333075,1.81318,0.027052535
"106","sub-0132","54",65.3875,38.9522569665072,2.88234003625112,1.37552325679265,0.8125,5.77392287,-0.7103432968775,0.01954445378959,3.6702725,-2.7882175,0.00054407145,8.6543715,1.1634905,0.060917055
"107","sub-0133","459",75.7625,28.2122353158871,2.0413763399818,0.851098513598583,0.85,4.6251237675,4.219689846825,0.0046022811353525,3.195557,2.312628,8.3634655e-05,6.394944,6.006472,0.01809726
"108","sub-0134","460",55.0384615384615,27.5117176016803,2.7184267179348,1.36226412013686,0.8625,7.127365125,-2.0521131328535,0.0119303344156475,4.870308,-4.7402135,0.00013209585,9.3875785,0.60629365,0.046828745
"109","sub-0135","55",60.2820512820513,38.4227670048504,2.31776109618972,1.36532142544575,0.7625,8.65069521,-0.223922098599,0.043341741073565,5.4328645,-2.8441325,0.00037938415,12.353915,2.537014,0.13944245
"110","sub-0136","461",66.3,39.3984514249424,2.47927490001312,1.27026732089024,0.8625,5.2994743725,1.2203429855995,0.005964840821112,3.549698,-0.6912119,9.6390455e-05,7.5431395,2.895317,0.024069115
"111","sub-0137","56",61.6375,27.1233673603044,2.07719098248053,0.811071128088299,0.8375,5.642918035,2.5497756281275,0.0381465233269375,3.7022625,0.49837155,0.0055283025,8.2761745,4.878797,0.09090755
"112","sub-0138","57",45.15,35.2937402561109,2.55881987625035,1.02258276343814,0.6625,6.4446227375,0.27833516605765,0.0119245482227062,4.5070435,-1.518942,0.00011336245,8.899933,1.881301,0.052909675
"113","sub-0139","58",43.2875,29.2029969634209,2.22194417747087,0.620217025425047,0.7625,8.31055044,-4.814283505665,0.0216021591745975,5.5617915,-7.307502,0.0001529561,11.06164,-2.194538,0.0931810499999999
"114","sub-0140","462",66.5375,16.07336325506,2.61577555000549,0.794174564511473,0.75,9.14596739,4.449237311625,0.0214133393610385,6.432547,1.742008,0.00014420635,12.290285,6.9663075,0.10345235
"115","sub-0142","59",85.0375,13.9859276019174,1.8822220175236,0.895498894205052,0.9,5.2851503475,1.15139410816225,0.005024381368695,3.7540915,-0.77116835,0.000102565,7.0750935,2.999823,0.019166925
"116","sub-0143","60",57.4303797468354,27.0064966278552,2.25941337972785,0.919085487220717,0.9125,5.43914923,1.85432199401375,0.005467191762614,3.91165,-0.29776105,9.869613e-05,7.237237,3.8850985,0.02132524
"117","sub-0144","463",44.35,31.9735254408069,2.96901452874881,1.31799083623644,0.725,5.3857009675,1.3108721141775,0.0076498099110725,3.6546165,-0.14275005,9.7248945e-05,7.5647925,2.7764525,0.032096725
"118","sub-0145","464",58.2625,31.1573157185405,1.79235889376141,0.518225919006145,0.8375,6.9799961625,1.87357681904675,0.0228477242364688,4.2386615,-0.77613705,0.00024313085,9.7993625,4.344657,0.07548113
"119","sub-0146","61",64.5949367088608,28.9152248900931,2.63754364624619,0.979418165832188,0.675,6.4496954475,2.7045084644725,0.00929891728389075,4.5502595,0.98865105,0.00011393045,8.852602,4.3752805,0.03917722
"120","sub-0147","465",72.5822784810127,28.621135992675,2.01728802255238,0.84990470346711,0.8125,7.195467465,-1.192300717525,0.02788538205572,4.4845265,-3.4318865,0.0004892426,10.63433,1.4564915,0.0915919399999999
"121","sub-0148","466",83.025,15.4910958499685,2.33338789876434,0.808243843890152,0.825,5.946190965,1.382844114153,0.0210113047250307,3.770327,-1.1099475,0.00088320035,9.074076,3.4542765,0.0640336249999999
"122","sub-0149","467",43.3375,31.288346093487,2.55447451628861,1.16627982028489,0.8,8.04465137,4.389398851075,0.0221212342640032,5.431317,1.8458075,0.00014377345,10.71287,6.8085965,0.094268325
"123","sub-0150","468",55.6708860759494,21.7171334457897,2.9376806412416,1.15688348175916,0.65,5.52769409,2.390000093846,0.01146051207562,3.652649,1.0729795,0.00012068665,8.0725095,3.8091605,0.048188125
"124","sub-0151","469",59.6375,35.6928683973477,2.52158947623102,1.20849228985722,0.9,7.00924759,-0.40815362466575,0.0118105710808458,4.8609765,-2.699552,0.00013187745,9.119787,1.985354,0.048904145
"125","sub-0153","470",70.6625,33.7915964948519,1.88984983375995,0.649490628777137,0.8625,5.1680597575,2.195260492804,0.0058266332066825,3.5370635,0.24437415,8.662714e-05,7.2440075,3.896888,0.02323343
"126","sub-0154","471",61.5625,30.0319845321069,2.06748962753336,0.59439344526483,0.8375,5.49916365,-1.60195745271075,0.0212572493976325,3.616456,-3.5234315,0.0014483215,8.1472845,0.13628465,0.061803995
"127","sub-0155","472",80.3125,29.0379907201461,2.24553178750008,1.156638081591,0.85,6.765455165,-0.45418309194125,0.0372554135360325,4.0416075,-3.4681755,0.0008550478,10.415585,2.1061235,0.099468795
"128","sub-0156","62",25.05,24.9845015250594,3.29205438250001,1.54926883175201,0.575,6.8143768575,5.3709158738,0.0153531229018517,4.5576345,3.4276625,0.0001419037,9.807744,6.9839945,0.06840327
"129","sub-0157","63",58.175,33.3666911147834,3.33405175250005,1.34664355540768,0.85,6.4903309925,1.72422182241175,0.021785838898805,3.986192,-0.41672235,0.0005112292,9.790405,4.2286065,0.07100378
"130","sub-0158","64",67.1375,24.3756174864987,2.90142283749988,1.32784372459363,0.7875,7.5442502775,-0.60495387723575,0.01793580443687,5.0054185,-2.833202,0.0001673716,10.117495,1.6567405,0.071272595
"131","sub-0159","65",57.3125,32.8034398281181,2.43051692500007,0.908569285085943,0.675,6.72223666,-0.1933670166115,0.0107625742653033,4.7206925,-1.9312045,0.00011134785,9.176391,1.642548,0.04703825
"132","sub-0160","66",70.575,21.7865217886098,2.79837364625018,0.978467264342986,0.7125,5.7741329525,1.857892003675,0.00949917577775625,3.9225925,0.3317881,0.00010601495,8.192812,3.341409,0.04121938
"133","sub-0161","67",63.2125,36.7732338508337,2.90475395749982,1.25216556547684,0.9,5.05210522,0.70553766541425,0.00592322337172525,3.329943,-1.1810545,9.841298e-05,7.2253255,2.379731,0.023901895
"134","sub-0162","68",81.15,26.9660358341302,1.7087772249999,0.683417065168436,0.85,7.7727943,1.7606634324925,0.0153738550475147,5.366613,-0.88999095,0.0001820108,10.270555,4.406101,0.060085155
"135","sub-0163","473",90.2151898734177,22.6170294848792,2.27695788624624,0.709543173406851,0.825,6.14125174,3.46181240090875,0.041901875059725,3.6087555,0.85464905,0.001965966,9.1935355,5.973227,0.1016651
"136","sub-0164","69",63.6075949367089,32.3702212477563,2.62152356075939,1.22574251045697,0.8625,4.9136669225,1.9074760672545,0.00584274103370433,3.0922675,0.3983242,9.128542e-05,7.2471005,3.679599,0.02241416
"137","sub-0165","70",47.5,22.3504877753813,2.16751366124809,0.793210074309844,0.825,5.50779427,5.7623922925,0.00568645115513175,4.002995,3.857688,9.091829e-05,7.329264,7.7821625,0.022154255
"138","sub-0166","71",50.6625,32.3954770049732,2.21682531375172,0.909184229907667,0.6,9.674139355,6.92646273895,0.115715761241457,5.4517485,1.13652,0.00033591805,14.7364,10.671095,0.3694203
"139","sub-0168","474",84.9,28.7052238001678,2.27034112125111,1.28731732438071,0.8375,7.8134884225,1.1942364430525,0.0217066651018695,5.0936605,-1.330372,0.0001782442,10.45167,3.708561,0.079227735
"140","sub-0169","72",52.6875,39.4389750521557,2.15250783875017,0.860387602307061,0.875,5.449964205,-1.2435425021019,0.00551635909896975,3.8371195,-3.2139095,0.00010522655,7.361431,0.604193249999999,0.02162412
"141","sub-0170","73",48.3846153846154,36.1103038751275,3.69181145822756,1.41998303866106,0.6,4.790377995,-2.164036005,0.0096917838451575,3.0307555,-3.3459775,9.420832e-05,7.128914,-0.868728850000001,0.04127388
"142","sub-0171","74",84.375,25.652189187798,1.93908384499373,0.74235297769252,0.8375,6.6728660725,0.2460982111235,0.0079915047185825,4.810571,-1.8161755,9.130605e-05,8.950601,2.48564099999999,0.036146825
"143","sub-0172","475",64.3875,39.9922441056712,2.74395079249971,1.03625560904279,0.9125,4.33542542,2.44429656213,0.00463190347209675,2.989536,0.815472,8.270105e-05,5.9361935,4.2353095,0.01802473
"144","sub-0173","476",72.725,13.3045866270417,2.30258700750016,0.717337603097054,0.7375,5.1373104825,-3.504773955,0.0061461005850645,3.5442065,-5.261649,8.9529475e-05,7.164214,-1.8985945,0.024362005
"145","sub-0174","75",69.45,30.5099693190292,2.10948817372846,0.786818151064419,0.85,4.6200536675,-0.358320487093,0.00593265793313325,2.99378,-1.856519,7.7208455e-05,6.8579955,1.4717415,0.025050695
"146","sub-0175","76",69.7,31.4901632219783,2.80236505500015,1.32195342383771,0.8375,6.9122847825,1.3697498359975,0.0157669525497838,4.7225445,-0.7736687,0.0001660824,9.260407,3.5168655,0.06092057
"147","sub-0176","77",73.95,33.4455537148234,1.93563988874994,0.794006038770437,0.6625,5.095686895,6.507565275,0.00561104509909083,3.6453355,4.804256,9.796615e-05,6.935692,8.329113,0.022011975
"148","sub-0177","477",57.6835443037975,26.9056015061002,2.08169839113935,0.830464021313387,0.9125,4.8616219725,-0.5537187793225,0.005249306000237,3.4944975,-2.3623315,7.451077e-05,6.437674,1.262399,0.02172675
"149","sub-0179","78",76.9625,24.0597588032567,3.00882277875426,1.43511706818948,0.7625,9.20668905,-1.6431484507,0.031337917252355,5.9700075,-4.2604515,0.00020375835,12.59607,1.1611415,0.1226586
"150","sub-0180","79",65.7215189873418,38.0616694962607,2.26143553164637,0.781443911542848,0.8375,5.0142778425,-2.542240290237,0.0234818040157925,2.8380665,-4.770302,0.0008169722,8.2330345,0.27149045,0.06164211
"151","sub-0181","80",62.1125,35.7030629292732,1.96166885374951,0.824789913493658,0.825,6.8992205475,3.812953055,0.0208142691308118,4.710884,1.4748775,0.00037466795,9.433522,6.2146985,0.067639875
"152","sub-0182","81",72.1139240506329,25.9684163897037,2.27791217341743,1.29760684461362,0.8,6.377068125,3.614316473125,0.0078612627095475,4.5865865,1.591879,0.0001170329,8.5067945,5.677491,0.03176605
"153","sub-0183","478",56.8375,34.7039718844538,1.79187563250034,0.580841958694625,0.55,6.8467593975,4.943289226,0.0132822736818905,4.6109905,3.263211,0.0001130214,9.6944345,6.5952885,0.0585383999999999
"154","sub-0184","82",63.5316455696203,26.7973570467925,2.16582698750008,0.779294883431843,0.875,5.0426597,1.40099243515738,0.006258300194135,3.458902,-0.15334715,8.4771115e-05,7.064638,3.2227635,0.02512861
"155","sub-0185","83",59.025,21.1934877745649,2.14145895875099,0.806443652433067,0.85,5.132753425,2.7680307934,0.031112727035275,3.299653,0.8722356,0.0031160195,7.855117,4.906284,0.07876159
"156","sub-0186","479",29.974358974359,27.698269606496,4.93697510256345,1.52114119083985,0.5375,5.594272075,7.965131983,0.04635401905075,3.5417145,6.183273,0.0032079535,8.387464,9.5025335,0.1433142
"157","sub-0187","480",57.425,32.7730110481865,2.65169544999917,1.24129625712245,0.875,5.1538589475,-0.05209158708925,0.0060926467511365,3.631782,-1.787728,9.9747425e-05,7.095637,1.7333645,0.02472502
"158","sub-0188","481",48.3417721518987,29.9379212730702,2.43964559366319,1.22294082742137,0.6875,10.10183309,-2.33458570150675,0.0191502928637525,7.4903735,-4.884095,0.00013378565,13.284005,0.307291199999999,0.093293525
"159","sub-0189","482",72.9367088607595,28.4300048126081,4.1030156405118,1.46304820584043,0.7625,8.315016355,1.64797451907375,0.0260442085900645,5.5009515,-0.83889385,0.00021097475,11.299105,4.2365795,0.099119175
"160","sub-0190","483",79.4,25.0106812625164,2.39268800124992,0.85777420677043,0.925,5.3367851525,0.18852631108025,0.00590223938053,3.7223025,-1.7676875,9.899309e-05,7.238964,2.091328,0.02303192
"161","sub-0192","84",65.0253164556962,14.8107503259992,2.88572318875085,1.27576137603298,0.7875,6.83922544,4.254633214475,0.00767833130386575,5.064561,2.1558285,0.00010217585,9.0054185,6.379989,0.0332361699999999
"162","sub-0193","85",67.7375,18.2650969289184,2.64537854999508,0.891546685753194,0.6625,7.2377437075,-1.571735213225,0.2725422880606,4.042477,-5.9469605,0.1433908,12.150195,2.823801,0.3854554
"163","sub-0194","484",29.5822784810127,30.1961992832248,3.78193557974679,1.61102947921133,0.5875,6.72262928,3.89969631278,0.1363047566825,4.0516085,1.3620375,0.02902486,10.093085,6.1178045,0.2804564
"164","sub-0197","86",68.4,32.5049558052112,2.45782735125395,0.85648261948926,0.8375,6.3924114875,-2.055632005855,0.007478209017625,4.7601305,-4.046711,0.00010289365,8.4038855,0.0400309699999997,0.030136665
"165","sub-0198","87",49.3037974683544,28.5690142486216,2.96143072876148,1.24014072712099,0.65,7.4860401325,-0.89582365140475,0.01691579249003,5.2251945,-2.8221555,0.0001446589,10.494245,0.89500265,0.078469895
"166","sub-0199","485",77.575,27.3689165831735,2.41352603749838,1.17002750924952,0.8875,6.34886965,-0.0702856149625,0.0111493190895675,4.2881135,-2.428544,0.00012419755,8.4810045,2.2649575,0.042554385
"167","sub-0200","88",61.1125,35.7335405147813,2.2928342125073,1.18350336618361,0.8625,7.461324525,-1.06390520512025,0.024007898897735,4.5855915,-4.0282875,0.0002704247,10.407495,1.9330905,0.0767195799999999
"168","sub-0202","89",51.45,28.5186592260336,2.2833179075009,0.763772819052826,0.825,5.294673045,2.5156626881975,0.00597244432195475,3.683708,0.7812987,8.9766545e-05,7.292454,4.40913,0.024156735
"169","sub-0203","486",31.6,28.2769307055519,2.78134255750047,0.972803591865698,0.725,5.00514066,0.7480933166655,0.141065245525,2.9445285,-1.0051795,0.05714029,7.926462,2.519151,0.24909935
"170","sub-0204","487",62.75,33.5440386901394,2.16206244623754,1.22168013162638,0.7875,8.8728524475,2.892629943355,0.03407908145903,5.526663,0.044887295,0.00020985385,12.10107,5.6445445,0.12252745
"171","sub-0205","488",57.7848101265823,37.3282978126741,2.46685375124507,1.20661937129418,0.8875,5.854161635,1.02355521796475,0.0217079370852675,3.7949335,-1.0541035,0.001010305,8.8803045,3.405368,0.066245115
"172","sub-0206","90",81.475,23.662700981112,2.89969006124011,1.24137949510112,0.85,5.4443439975,-3.136412505,0.0065115846407375,3.7124795,-5.10708,7.527612e-05,7.7205655,-1.382902,0.02727434
"173","sub-0207","489",62.6025641025641,28.0187042089349,2.06731859113597,0.68887645296629,0.8875,5.724108725,-0.28915498311675,0.0064922841821825,4.09435,-2.4293475,8.5162485e-05,7.7451525,1.657114,0.0254946099999999
"174","sub-0208","490",54.55,34.8562690727348,2.33585590749972,0.676391290382745,0.8625,6.1749668125,1.01032850502525,0.00720307201759,4.2998505,-1.1534655,0.0001004648,8.502781,2.92701,0.02977432
"175","sub-0209","491",61.575,39.0497167690988,3.4669231487489,1.6910418133588,0.8375,7.179213995,1.185396867813,0.02506076301079,4.7140015,-1.2409515,0.0004307607,10.26497,3.391777,0.08252582
"176","sub-0210","492",56.8375,29.3910533834251,2.58021016998391,1.17928817241035,0.725,6.915154585,2.10961617884475,0.0094799546541585,4.72833,0.20443165,0.0001057567,9.6143235,4.05443,0.04110425
"177","sub-0211","493",56.75,31.3463703913046,3.67631209501706,1.64514011186786,0.825,7.3661893275,2.11539302412075,0.013797318967836,5.065451,-0.41443095,0.000125819,9.7563375,4.525748,0.05938995
"178","sub-0212","494",54.95,27.4041020675114,2.44964266748575,1.22243557536265,0.8125,7.521591545,-3.407222965375,0.038062155504395,4.1796125,-6.0461405,0.0003104755,10.892045,-0.7498704,0.10723945
"179","sub-0213","495",73.625,24.9700453455127,2.45863232250849,0.826574757290084,0.9,5.9803209975,0.21791779472575,0.0136856588830715,3.7140395,-1.8800955,0.000179133,8.2276635,2.292997,0.0480621699999999
"180","sub-0216","496",62.2125,17.2088391697296,2.50067741872917,0.997658238702991,0.8125,7.398833005,1.63043436796825,0.02013791013151,4.9226315,-0.4576585,0.000246276,10.26437,3.960068,0.0749546399999999
"181","sub-0217","497",53.85,30.4843184422102,2.85069638125133,1.15922887131476,0.85,7.8868498175,-4.082683046575,0.0296944747945875,5.0064225,-6.831933,0.0002322087,10.685495,-1.0325005,0.1016272
"182","sub-0218","91",87.675,22.4238655640691,2.28358336500823,1.06025522254609,0.85,6.3503135,-2.5988433105725,0.006407649444155,4.750215,-4.7513735,0.0001143321,8.266278,-0.453453400000002,0.024924985
"183","sub-0219","498",52.9125,27.0612029025253,3.44499461375162,1.32335738185171,0.7,8.4170661025,-0.93213249344,0.02573302399434,5.517436,-3.100444,0.0001439911,11.71669,1.269278,0.1140021
"184","sub-0220","499",56.5125,33.633540278204,2.68570758875067,1.04341244503577,0.8125,8.3849183225,6.39573748475,0.0180953315592725,5.849443,3.606491,0.00014967195,11.108525,9.028384,0.07940576
"185","sub-0221","500",55.7,26.612265184081,2.95476846124802,1.2574234677879,0.8875,5.7080332875,4.504899762775,0.00558936642987398,4.0375805,2.1332685,7.043016e-05,7.6555185,6.7049965,0.0227004
"186","sub-0222","92",88.3924050632911,20.9703195147754,2.25748007848219,1.0832345126594,0.9,4.984904485,0.8945321269575,0.0056561571993525,3.312367,-0.90134605,9.2679845e-05,7.1599755,2.9840415,0.02267063
"187","sub-0223","501",79.05,31.2850916895782,2.3537435949991,0.996712620643613,0.825,7.6511115625,-2.086507848342,0.0306522525404338,4.758581,-4.689698,0.0002845903,10.889125,0.457492499999998,0.097701925
"188","sub-0224","93",61.425,30.6481770990327,2.22730311625928,0.93184968408275,0.8875,4.6755627925,1.45317727394267,0.0046942284847805,3.228851,-0.3432579,8.1546e-05,6.346811,3.2449965,0.01831711
"189","sub-0225","502",76.9625,35.0072121863951,2.39267293376615,1.33950170019314,0.8875,6.093000235,0.480025837145963,0.0105774452221223,3.9933345,-1.7420575,0.00015074685,8.326163,2.8193235,0.038881165
"190","sub-0226","94",84.725,25.3242141592747,2.56735674999072,1.57533671105998,0.9125,4.6442601675,0.42857192055525,0.00436811515247875,3.2379215,-1.3780755,9.467212e-05,6.3813735,2.341291,0.016734715
"191","sub-0227","95",83.5063291139241,21.0133494918029,2.63478922999639,1.06419327873404,0.675,6.5605190625,2.78623671036,0.0275498872285875,4.2899295,0.89577445,0.00155147,9.8033205,4.8987585,0.083437445
"192","sub-0228","503",45.1375,38.202572565639,1.99390779749083,0.615499598440788,0.5375,7.640866965,-0.481330481615,0.0435363591749525,4.819015,-2.449843,0.001514695,11.736285,1.5805605,0.1378947
"193","sub-0229","96",52.625,27.9227573807967,2.63463318125578,0.940864884413545,0.825,5.3767841125,4.9364362298,0.0164677899760925,3.420415,2.38691,0.00053868735,8.0943515,7.0630015,0.04968477
"194","sub-0230","97",32.5875,33.2868977721136,2.47560661999742,0.875386066047752,0.6375,6.3951278475,2.0091580131,0.01072018203787,4.322127,0.39038985,0.00011041645,9.1295425,3.705857,0.0453440949999999
"195","sub-0231","98",60.7125,33.1159045310768,2.95707707125694,1.26383233694583,0.9125,5.004745605,2.072118680195,0.0113506102180675,3.1947505,0.1011343,0.00023784025,7.3223555,4.236371,0.038204225
"196","sub-0232","99",65.8125,37.5385350529832,2.16966075374221,0.86889602809785,0.9,4.9584978075,1.50059500309,0.0052414819510825,3.532873,-0.3273656,9.693269e-05,6.6033695,3.273848,0.020639595
"197","sub-0233","504",52.85,27.7292972152313,2.272053578755,0.969449536145607,0.8,6.3090802075,2.674284488031,0.01850279135613,4.2479635,0.28345535,0.00046260355,8.934723,4.739221,0.059987005
"198","sub-0234","505",84.1375,20.8592290535595,2.19464664624538,0.911912182361011,0.8375,6.29053816,-2.557639677784,0.0061132686188025,4.5007445,-4.6512775,0.00010053291,8.515032,-0.2819324,0.0251974
"199","sub-0235","506",71.2375,27.4610166728922,3.13471852498769,0.896525606038528,0.6125,6.3618188825,2.5103857033075,0.011525142702025,4.322196,0.89131915,0.00011318855,9.0913825,4.1082275,0.04935656
"200","sub-0236","507",63.55,33.1894828545414,2.21929578376003,0.798095793521423,0.9,6.1855734125,0.583140173273575,0.011685561717445,4.0631285,-1.719517,0.0001664658,8.4329595,2.763732,0.042123975
"201","sub-0237","100",54.575,24.8151520678778,2.90848810250754,0.94836189058991,0.8625,5.605319015,0.77592697367625,0.00632596569695,4.072464,-1.1980395,0.0001026879,7.5027525,2.623712,0.02554061
"202","sub-0238","101",87.2375,24.5399409643064,1.91765457249712,0.929675850107843,0.925,4.9682655775,0.93984395149025,0.0051131596180725,3.48144,-0.8478241,9.5258525e-05,6.8384705,3.0464615,0.020077895
"203","sub-0239","102",74.8101265822785,22.608187732498,2.43101771898521,0.695674967451561,0.9,6.21439852,0.8647355380475,0.007047801179703,4.463164,-1.193466,0.00010244455,8.2856045,3.1865025,0.028133635
"204","sub-0240","508",42.5125,37.8414392606367,2.49036770250241,0.966734211676972,0.675,7.811734975,-0.561510920028,0.01394306228894,5.4774455,-2.3741845,0.00013627855,10.78176,1.326122,0.0611605199999998
"205","sub-0241","509",63.5,29.8324434725737,2.0178543262271,0.711500075942501,0.875,4.26495268,4.0900392465,0.00449404669907025,3.015442,2.3421055,6.941154e-05,5.765755,5.7695755,0.017218665
"206","sub-0243","510",40.825,20.6420824923323,2.22167875376472,0.907819748923914,0.8625,7.0775175375,5.062037955275,0.0101437203168425,5.101889,2.599525,0.00011672485,9.241925,7.4464965,0.041844215
"207","sub-0244","103",63.925,36.9617575202714,2.34817564500845,1.18446807946806,0.8875,7.2133812675,0.25409958084875,0.0310876286874795,3.8302935,-2.264782,0.00023787565,10.402675,2.695819,0.097857225
"208","sub-0245","104",56.3417721518987,44.8189766573723,2.37648708733754,0.96047023226388,0.825,7.57809656,0.82995857597225,0.0491059068928442,4.485979,-2.0534145,0.0005251388,11.320465,3.78373499999999,0.12968665
"209","sub-0246","105",27.075,28.8798361613923,3.36559525624616,1.18142239780674,0.65,6.8951581625,2.093032569579,0.0150199050414867,4.8377015,0.41710425,0.00013228855,9.6416485,3.809942,0.0683715749999999
"210","sub-0247","511",57.4125,27.7865707250504,2.42199569125078,0.986463250766347,0.875,5.3913449075,0.030165283336,0.00716495750851,3.683473,-2.049245,0.00010659275,7.284621,2.053615,0.02821719
"211","sub-0248","106",72.7875,35.185113994919,2.3996498987457,1.19680480297197,0.675,6.5074660075,6.32478741,0.00742335689026675,4.740896,4.3696615,8.918835e-05,8.696581,8.3555505,0.031517185
"212","sub-0250","107",82.425,20.3561796669442,1.85770050249703,0.542822079188955,0.85,6.20756553,-1.512381397861,0.0073800919276925,4.5498065,-3.713733,8.552396e-05,8.135345,0.608911499999999,0.03119234
"213","sub-0251","512",95.2025316455696,14.2966552900656,2.4059053328908,1.25678424863363,0.85,7.5692434375,1.7963189199625,0.0372156554443735,4.7844395,-1.170831,0.0006035183,11.166,4.464432,0.10622425
"214","sub-0252","108",81.275,16.1503811139732,2.14305830375815,0.884600416786587,0.85,7.2264008175,-0.1332333988705,0.0190759965203255,4.518047,-2.556505,0.000180524,9.7409535,2.3424215,0.0713285
"215","sub-0253","513",72.45,33.9265401504822,1.93889478125784,0.736670272461132,0.875,5.1812451775,-0.944231843115,0.005223867361077,3.74504,-2.996969,0.00010123018,6.978488,0.981716249999997,0.02051681
"216","sub-0254","109",56.0128205128205,38.3126216325244,2.02210860251437,1.0679429756426,0.8625,6.2881108375,2.25868668134525,0.0282885404490725,3.7470805,-0.3024647,0.0005251707,9.2617985,4.654216,0.07843491
"217","sub-0255","110",60.3125,34.847441018956,2.65219720373862,1.28660169893237,0.8,6.81737684,2.87467682810575,0.0072692690338435,4.9766625,0.8674226,0.00010320765,9.103874,5.0278605,0.03002692
"218","sub-0256","111",50.379746835443,31.762057592341,2.89506947466385,1.12978411126794,0.6,7.3844512475,4.331347532275,0.019452380746965,4.8073965,2.293501,0.0001393586,10.6246,6.1468695,0.0841760299999997
"219","sub-0296","112",38,21.3080712009577,2.50692777833513,0.665246656857643,0.883333333333333,5.05740037,-1.8304500617375,0.01251868581802,3.499734,-3.5134165,0.00014037445,7.0322595,-0.0507308100000011,0.0515437849999999
"220","sub-0297","113",60.5333333333333,27.0075109870849,2.25203599000039,0.654914975467277,0.816666666666667,4.88115281,2.22542201907375,0.0108347312155275,3.4515945,0.7075595,0.0001109286,6.727053,3.7274685,0.048857245
"221","sub-0298","114",53.9152542372881,18.7205291477613,2.1907919728872,0.876884154539859,0.866666666666667,6.788578725,-0.2314264934275,0.014547327689256,4.8854465,-2.5557765,0.00012897065,8.9968465,2.1092415,0.062260615
"222","sub-0299","115",85.7586206896552,20.3713854568742,2.62837974655185,0.766069103372839,0.483333333333333,5.9482123925,-8.389784876395,0.176996261195,3.3831575,-11.80702,0.08325163,9.6217795,-4.284636,0.30153155
"223","sub-0300","116",50.75,37.8807938862763,2.4478760678594,1.07383740970077,0.75,5.1533564175,4.4350453415,0.00888710437422125,3.7670045,2.6536615,0.00011505,6.8682435,6.272168,0.03804377
"224","sub-0301","117",46.1333333333333,25.9787831728363,2.08017369666704,0.676875798151815,0.816666666666667,6.017544945,-0.240643757172,0.01370016342249,4.2592465,-2.1179425,0.00013024645,8.30604,1.60764,0.061544635
"225","sub-0303","118",55.2833333333333,26.0384928009405,2.16842560666579,0.684875495467403,0.75,7.838707,-6.3575549594,0.0419394609888975,4.4112435,-9.4930035,0.0002752388,11.35631,-3.1822,0.1368279
"226","sub-0304","119",65.6379310344828,28.3373773847862,2.2927426694921,0.624663110634398,0.85,4.5023252675,0.98369052479825,0.025542937058875,3.176734,-0.7071255,0.001913688,6.1287075,2.648612,0.075867525
"227","sub-0305","120",58.4821428571429,14.982403098215,0.584760450011376,0.47011647544616,0.433333333333333,6.42991181,0.6368746928525,0.445782348,3.861404,-3.951297,0.38005735,9.9379275,5.2870435,0.48880435
"228","sub-0306","121",52.7142857142857,30.0482728505101,2.57020965593194,0.813816201048583,0.833333333333333,4.7915165325,1.574320645662,0.00892585158167875,3.456809,-0.0348475949999999,9.880025e-05,6.4860035,3.117201,0.0380154549999999
"229","sub-0307","122",69.2372881355932,30.2594180169727,2.26125031525133,0.76118791760771,0.833333333333333,7.68929573,-4.2660928647,0.0196636777132357,5.1517555,-7.007436,0.0001649987,10.30203,-1.4409605,0.0874672399999999
"230","sub-0309","123",60.7333333333333,26.6533723923823,2.0583707916725,0.657962208509862,0.85,6.3680496525,2.45005244162,0.0148572109046015,4.5534005,0.20200685,0.0001177203,8.481807,4.622327,0.06515923
"231","sub-0310","124",48.5,19.8982058611129,2.78868754482668,0.747836759047598,0.833333333333333,4.97220384,-1.42541016485375,0.00932613343546175,3.5934555,-3.105341,0.0001158017,6.6457145,0.302878699999999,0.038596055
"232","sub-0311","125",62.7796610169492,15.7206955586776,2.000101272881,0.865022174179048,0.85,7.0666856425,-0.7142348346865,0.0800370321257875,4.0372075,-4.354899,0.0035809655,11.256225,3.03075,0.1713005
"233","sub-0312","126",69.2666666666667,19.3424681322299,2.20938513333288,0.605145660891743,0.866666666666667,6.9160426,-2.236415271578,0.0156951600640675,4.9570115,-4.707295,0.00012230745,9.1588175,0.235292649999998,0.0704685349999998
"234","sub-0313","127",62.2,17.479091625934,2.53162667333139,0.741367543100373,0.816666666666667,8.7939618375,-1.83311699792735,0.0497808515368325,4.785892,-5.4481115,0.0002494241,12.67513,2.36592449999999,0.15620055
"235","sub-0314","128",88.6666666666667,21.8023997020594,2.47340567999442,0.78938706704329,0.85,4.88227883,0.81743376979725,0.00926791989881225,3.5798225,-0.7558185,0.0001077843,6.530843,2.3620455,0.03859555
"236","sub-0315","129",60.5762711864407,26.0080911745918,2.78191568813597,0.692285260809753,0.833333333333333,7.3514422475,-0.5327147918295,0.0147716483515625,5.436779,-3.0164625,0.00011437415,9.619881,1.9077095,0.0658559449999999
"237","sub-0317","130",44.9661016949153,19.040760363779,2.2291349733326,0.636588092423182,0.866666666666667,4.52533295,-0.2782221034185,0.0076513280172911,3.2637275,-1.8072085,9.2089595e-05,6.074763,1.215287,0.03193321
"238","sub-0318","131",63.0333333333333,20.9178916741242,2.08778975833557,0.663952739107861,0.866666666666667,7.3736912625,-1.290177726245,0.0156342313419092,5.3786295,-3.8468725,0.0001281205,9.7402605,1.317061,0.06944419
"239","sub-0319","132",78.2105263157895,27.8835184563168,2.25709658771704,1.40849943782017,0.466666666666667,6.514952985,0.3648739598175,0.4372001105,3.80361,-4.3654975,0.3638922,10.321865,4.94327699999999,0.4882357
"240","sub-0320","133",71.0508474576271,33.3825391736942,2.64480731525247,0.983657606914707,0.783333333333333,4.238697915,2.37643947264425,0.03869100146425,2.6744955,0.67436555,0.00578274,6.402829,4.0088275,0.09665752
"241","sub-0321","134",64.1724137931034,16.730199536393,2.33917445690142,0.748203951268004,0.783333333333333,6.4830412075,-2.7546105937775,0.0120518875150775,4.810583,-4.91953,0.00010754435,8.707115,-0.582463400000001,0.05371468
"242","sub-0323","135",53.75,29.1719769177225,2.59853871333374,0.842840436652959,0.816666666666667,8.184130825,-0.16491265759125,0.0214235902120258,5.816446,-2.87822,0.0001601595,10.765505,2.532987,0.092451575
"243","sub-0324","136",47.1929824561403,32.625274271694,2.16447585261745,0.668523439084067,0.833333333333333,7.93845151,2.123957022725,0.0299592391873925,5.1153865,-0.7316157,0.00018278645,10.807395,4.9154915,0.1171067
"244","sub-0327","137",58.1833333333333,20.7956087824514,2.11189945666508,0.76572957995073,0.866666666666667,8.28200144,0.403844805755,0.0147455914243225,6.1356045,-2.3179325,0.00014647285,10.83613,3.2541655,0.0647018399999999
"245","sub-0328","138",77.5,33.3616546352246,1.94379566166802,0.44742944004541,0.816666666666667,8.57900043,2.545933946915,0.019212044938911,6.1630175,-0.1624556,0.0001467611,11.342715,5.329403,0.08585108
"246","sub-0329","139",56.2333333333333,22.875022768659,2.07243277666663,0.582792918182552,0.85,6.8082043925,-0.7379838358175,0.0136769679635925,5.159712,-3.020536,0.000133663,8.80975,1.569736,0.0627602499999999
"247","sub-0331","140",48.551724137931,17.395474722894,2.5246866965538,0.685338477879328,0.833333333333333,6.948445795,0.223740194841,0.0121975098760397,5.1928465,-2.0323705,0.0001000529,9.073659,2.530759,0.054251775
"248","sub-0332","141",49.551724137931,30.9562069924783,2.13989131723466,0.582429445291304,0.816666666666667,5.0595197025,-1.60816694982025,0.00852432484351825,3.6667395,-3.260803,0.0001064442,6.881492,0.0267439649999991,0.03791161
"249","sub-0333","142",42.9833333333333,34.2471038818436,2.59590268000029,0.620988463389759,0.783333333333333,4.3023809175,-2.1275814852,0.00903764452735175,2.8687855,-3.3943755,8.5033695e-05,6.34996,-0.843257,0.0394707049999999
"250","sub-0334","143",67.1379310344828,40.7148614083842,2.56908443792731,0.8184693632939,0.816666666666667,6.9923732025,-0.8613966404875,0.01338711151895,5.148599,-3.139812,0.0001228791,9.3114295,1.457539,0.060029415
"251","sub-0335","144",64.9310344827586,33.0241071271072,2.60417954333437,0.760718898914545,0.833333333333333,7.3542519675,-0.755841626855075,0.0154981998865825,5.3874545,-3.214955,0.0001512943,9.601912,1.724137,0.0671686949999999
"252","sub-0337","145",61.4166666666667,37.2696503358724,1.64067810500273,0.897774073959729,0.7,7.856486995,-0.33128273969525,0.15199214760231,4.1998475,-4.235589,0.013536445,13.2264,3.31200699999999,0.2845636
"253","sub-0339","146",63.9152542372881,16.832120500332,1.88193768475568,0.548331485204988,0.85,6.8457855775,-0.277042701614,0.0141487101651785,4.9522345,-2.6088875,0.0001339007,8.9552775,2.0827755,0.06244143
"254","sub-0340","147",70.4666666666667,31.8734077922927,2.06787591166891,0.671476721635776,0.833333333333333,7.1660405025,-1.6209927669375,0.0157253363590516,5.23392,-3.957523,9.984764e-05,9.5539575,0.825375649999999,0.07240042
"255","sub-0341","148",57.4833333333333,25.8447068092578,2.03060951500277,0.683856233090449,0.833333333333333,5.052736075,2.2126593737975,0.00853171046075525,3.6833875,0.4651955,0.00010678415,6.8046395,3.966085,0.035604645
"256","sub-0342","149",68.3559322033898,17.1079359603346,2.03748421017298,0.631013784820735,0.85,6.04755279,-1.18179471546825,0.0102609066345163,4.583878,-3.3290145,8.8811565e-05,7.886231,1.011158,0.046485855
"257","sub-0343","150",54.8333333333333,34.11901734565,2.08241337666598,0.683302496249326,0.866666666666667,6.773208295,-0.6696884336602,0.0175270952155475,4.7271325,-2.9612355,0.00014259835,9.101667,1.681993,0.07514741
"258","sub-0344","151",53.1864406779661,30.1149948766913,2.65830953897893,0.76153989549137,0.833333333333333,4.9050860175,3.94312727745,0.00973303680813425,3.595643,2.2650375,8.932433e-05,6.550753,5.558361,0.04069684
"259","sub-0345","152",46.271186440678,24.6428492170367,2.87901778305088,0.937785109349483,0.866666666666667,4.7081017625,1.75651242787,0.00929532513544425,3.381734,0.2807803,0.0001097417,6.424477,3.2361385,0.03951347
"260","sub-0346","153",55.4814814814815,30.7293362021404,2.34548042546111,0.649807609723238,0.833333333333333,6.3490487875,3.219541397725,0.0127470722039882,4.6913475,1.2364065,0.0001421904,8.3786835,5.1440185,0.057303815
"261","sub-0348","154",74.6166666666667,26.407556485749,2.2338282449947,0.694962820277372,0.833333333333333,4.4804781775,2.4039921879125,0.00882612709923,3.2197195,0.8889638,0.0001224303,6.101051,3.9077785,0.03656297
"262","sub-0349","155",83.0166666666667,27.7149483416787,2.102985948333,0.532371253703921,0.633333333333333,6.3680002525,0.9920944765725,0.34560504725,3.779419,-3.5650065,0.2506381,9.748377,5.5332605,0.43991285
"263","sub-0350","156",61.9,29.5122496830711,2.22840856000354,0.508565069486316,0.866666666666667,7.2079902075,1.8704304866945,0.0143313525000287,5.271202,-0.6410791,0.0001275775,9.43935,4.3511705,0.061126525
"264","sub-0351","157",73.0169491525424,31.3965139320208,2.24624205762678,0.877070505847682,0.616666666666667,6.5458343275,3.0312298815035,0.19217485768,4.0502055,-0.3627591,0.07323441,9.6516305,6.024936,0.3274793
"265","sub-0352","158",66.6101694915254,14.0749434360994,2.88877924914488,0.545936797992625,0.833333333333333,4.963740215,0.19934795785765,0.009640222636912,3.542266,-1.3850235,0.0001094023,6.901505,1.8101425,0.039409615
"266","sub-0353","159",62.5166666666667,18.5987895238215,2.26527963333065,0.538939810221127,0.85,7.5853066125,-2.27210932234,0.0165633555325445,5.429125,-4.8152045,0.00013433345,10.001,0.346468549999999,0.0737782799999999
"267","sub-0354","160",55.8833333333333,25.2620782769363,2.71944044166885,0.718634474000606,0.85,5.2866001375,0.443113243556925,0.0090086797317925,3.8778655,-1.361057,0.0001075755,7.0433055,2.256229,0.038206295
"268","sub-0355","161",67.85,34.9754514394,2.32179562000868,0.72462772477672,0.816666666666667,7.9364561875,1.55286617125675,0.02360848655502,5.5596825,-1.0727105,0.00016105855,10.61948,4.0819255,0.1033998
"269","sub-0356","162",65.3620689655172,19.9082970236313,2.12085273050332,0.724677312856691,0.866666666666667,5.734518635,2.3830692580175,0.011104344290345,4.197931,0.47535455,0.00011957705,7.679457,4.275779,0.0485708749999999
"270","sub-0357","163",53.7666666666667,23.9974339494495,2.31011469499596,0.67337608605761,0.833333333333333,6.6430437325,0.9093690518385,0.0120381676108275,4.892163,-1.3413825,0.0001168699,8.744991,3.1233505,0.05255786
"271","sub-0358","164",63.25,21.9132534774301,2.16399035833407,0.852072122209454,0.766666666666667,7.979262555,-2.835467067356,0.0792617426144407,4.4660685,-6.3373905,0.0016498855,12.974275,0.449731449999999,0.1833375
"272","sub-0359","165",48.8245614035088,26.1575738874843,2.53885104999765,0.883833894157936,0.8,7.366225085,-0.69287328138875,0.0170684415364637,5.410757,-3.0886435,0.0001156924,9.72312,1.6755105,0.07719618
"273","sub-0360","166",41.4166666666667,21.8936502416558,1.9904064366594,0.49455932335203,0.833333333333333,5.700110755,2.910127334155,0.0112329034753855,4.202097,1.0633025,0.00011267665,7.602786,4.764963,0.050121935
"274","sub-0361","167",65.0169491525424,24.8391317560401,2.65541009830461,0.649085757744892,0.783333333333333,9.315773755,1.234219231095,0.073418479077133,4.94663,-2.6541465,0.0003695289,13.996445,4.9817635,0.1919543
"275","sub-0362","168",76.3833333333333,24.1170111329887,2.12992908331022,0.810650614233832,0.833333333333333,5.833715005,-0.46160129752225,0.0115843570240445,4.2814565,-2.3064305,0.000122095,7.7828835,1.435952,0.0522102099999999
"276","sub-0363","169",50.9152542372881,15.4476737849193,2.42504766611165,0.714482652578892,0.533333333333333,5.340689575,7.5677928675,0.0112853631759488,3.7943955,5.7602245,0.0001045292,7.2269615,9.311846,0.050395415
"277","sub-0364","170",98.6440677966102,10.4151128784659,1.9375042355722,0.666682371105738,0.816666666666667,8.68494402,-0.020195883525325,0.0287178288778975,5.6894755,-3.0188235,0.0001583705,11.482125,3.0597355,0.11985645
"278","sub-0366","171",64.9166666666667,23.6881517023479,2.49548718334409,0.642057968246892,0.833333333333333,5.888040905,-2.3070084917975,0.0117934664699193,4.3058255,-4.2057915,0.0001214843,7.8492025,-0.380354900000002,0.0491281949999999
"279","sub-0367","172",47.7758620689655,34.3138471887505,2.17005343448094,0.704865046723313,0.783333333333333,6.5090576825,4.164235454825,0.0164457092860325,4.6826895,2.0985485,0.00013198465,8.7146285,6.133755,0.0754827399999999
"280","sub-0368","173",47.8474576271186,24.5811909866355,2.25828973500077,0.696637634359274,0.85,6.1332364425,1.39851250610725,0.0117135100027867,4.552246,-0.6138169,0.00010002194,8.0881795,3.382445,0.053624305
"281","sub-0369","174",83.4166666666667,22.245389289306,1.66628568667996,0.512838031826655,0.833333333333333,7.88998161,2.2825222448775,0.0155485240770645,5.8193,-0.37098335,0.00014459955,10.261025,4.929212,0.070066095
"282","sub-0371","175",55.9491525423729,27.530186397163,2.37452640339053,0.67793155327243,0.866666666666667,7.0678066525,1.0887015522928,0.0137773316135275,5.236159,-1.500732,0.0001453067,9.154248,3.567412,0.0626647199999999
"283","sub-0372","176",92.4666666666667,18.0361845965897,2.24100027999933,0.708260650885723,0.9,5.4672372125,-0.5333201135795,0.011207066872081,3.9394295,-2.40033,0.0001206069,7.295039,1.3519525,0.04829887
"284","sub-0373","177",54.3275862068966,24.4277581042798,2.17896535932244,0.618519064592467,0.833333333333333,4.9828639025,-1.15738781351125,0.0101145895931675,3.491009,-2.6441335,0.00011780935,6.912261,0.407207849999999,0.0420393799999999
"285","sub-0374","178",54.7,31.7822570691066,2.55703007667131,0.678200529466152,0.866666666666667,4.2501166725,-1.31918207678475,0.0080400908802175,3.106522,-2.7231945,9.2123675e-05,5.734071,0.129496499999999,0.03331519
"286","sub-0375","179",47.35,33.9260536850968,2.72592120665358,0.685745780080155,0.833333333333333,5.107224625,-0.5605322217335,0.00975340584622325,3.7136385,-2.1709455,0.0001011839,6.9313,1.093733,0.04214818
"287","sub-0376","180",76.5833333333333,37.732911348981,2.38844710999595,0.530523284189638,0.816666666666667,8.7558781025,2.78181341588225,0.0278926608569125,5.838689,-0.14058145,0.00015641665,11.583515,5.665766,0.11745455
"288","sub-0377","181",69.3666666666667,28.447970149902,2.30316179998918,0.645016808398177,0.833333333333333,8.2078671325,-1.4858296266225,0.0306491127752525,5.45594,-4.240318,0.0001549585,10.99751,1.4196345,0.12465765
"289","sub-0378","182",85.0666666666667,24.663750018433,2.32603931333482,0.682692551393158,0.883333333333333,7.4010205975,-3.80191236892725,0.0405891101661525,4.011365,-7.414255,0.0003243984,11.24421,-0.446011550000001,0.1180412
"290","sub-0379","183",85.9322033898305,26.9430205963339,0.775768975001605,0.565333906334081,0.55,6.4510776725,0.497002355735,0.39561355,3.883349,-4.1308145,0.30823155,9.801795,5.02398949999999,0.47080655
"291","sub-0380","184",61.5333333333333,29.9193643244959,2.04127900332678,0.548678973099397,0.783333333333333,8.3165067225,2.132448170112,0.0163182561599052,6.174674,-0.50935315,0.00013016265,10.857895,4.863569,0.076298745
"292","sub-0381","185",43.4827586206897,33.2651450163419,2.37820894654904,0.64904342271127,0.866666666666667,6.6554861425,-3.9178289652575,0.0133018177307875,4.8806645,-6.242949,0.00014031425,8.7858295,-1.42498,0.0587449199999999
"293","sub-0382","186",62.3333333333333,15.5548964078803,2.06026893504895,0.463230653453231,0.85,7.084463515,4.726762887425,0.0150890516075642,5.161903,2.101159,0.0001328912,9.3115115,7.1677035,0.0671164699999999
"294","sub-0383","187",47.9,33.3957776687667,2.01631647998972,0.588461465403225,0.816666666666667,7.5110073375,0.987153608223,0.0253600708683895,5.120448,-1.416367,0.0001574706,10.02183,3.3717365,0.1092372
"295","sub-0384","188",65.2068965517241,29.5526640356355,2.52954248983045,0.849198857644858,0.866666666666667,6.0111919,1.85786343175,0.0100752380862693,4.5086145,-0.17731585,0.000103872,7.877609,3.8939485,0.044430625
"296","sub-0385","189",63.5423728813559,22.37403207993,2.19932398305077,0.606369936026421,0.866666666666667,5.19868242,-0.5092174391474,0.00982885677883,3.790326,-2.312392,0.00012249635,6.9771485,1.327123,0.042170485
"297","sub-0387","190",41.3166666666667,33.1348000107351,2.08645395500074,0.607352333312912,0.85,4.94289712,-1.953272566477,0.00915713569451103,3.64739,-3.5912305,0.0001032156,6.669648,-0.325626950000001,0.03996236
"298","sub-0388","191",27.8771929824561,21.1238441572539,2.55285359655186,0.695364750133943,0.85,4.7489629075,-1.440619423906,0.00888709724742925,3.4088595,-2.9630435,0.00011191005,6.511866,0.10693685,0.03880127
"299","sub-0389","192",39.6724137931034,28.0265462700236,2.41851699310465,0.618646974967986,0.816666666666667,5.7098263375,0.116516537537453,0.011101290478105,4.1736625,-1.614531,0.0001104239,7.7539785,1.8104495,0.048113575
"300","sub-0390","193",67.0333333333333,17.7286196530429,1.79922469666635,0.840643055152283,0.833333333333333,6.49606156,5.45770631725,0.0140286085163983,4.638046,3.015806,0.0001012607,8.7695455,7.7150605,0.061886735
"301","sub-0391","194",60.1833333333333,17.7358123453092,2.0078146699993,0.671811752031384,0.783333333333333,5.6761852125,4.40722289925,0.010530528298376,4.1469395,2.417013,0.0001188019,7.4644335,6.4022705,0.044414565
"302","sub-0392","195",56.3965517241379,39.5420893480106,2.34768344576212,0.757311432610354,0.85,7.9171341075,-0.9466441948735,0.0195119164896225,5.408013,-3.7579385,0.00014424045,10.65723,1.8214305,0.080164885
"303","sub-0393","196",60.7833333333333,32.7895661715356,1.9503087300002,0.900883733945058,0.85,8.7254434225,1.35914285710283,0.0353504710838813,5.3178595,-1.734349,0.0002233086,11.801725,4.4350485,0.1293602
"304","sub-0394","197",69.135593220339,21.7758626474033,2.16533555254321,0.790724574151205,0.816666666666667,8.27604299,-1.799430099775,0.057743895641225,4.665565,-5.0349195,0.0003834043,12.089005,1.8814585,0.1706013
"305","sub-0395","198",51.8166666666667,33.7294779623969,2.17121198499663,0.647971136158714,0.833333333333333,6.4039253325,-0.2894894884815,0.01443022330311,4.598988,-2.4531305,0.00014365045,8.530575,1.900939,0.06127162
"306","sub-0396","199",60.3559322033898,38.6370211566238,2.21803150000245,0.718285634900333,0.833333333333333,7.1145594175,-1.7296117036525,0.0154296046973825,5.187384,-4.158682,0.0001293784,9.3168985,0.762553199999999,0.0680193849999999
"307","sub-0398","200",75.0526315789474,34.9803113258177,2.09949952982501,0.658788176138805,0.85,6.74933683,-1.7290254869725,0.0138257416124675,4.9244565,-3.9847555,0.0001067792,8.912156,0.491059699999996,0.063085515
"308","sub-0399","201",98.0508474576271,13.0124923118511,2.42677306610365,1.01209274839184,0.8,8.184219235,-0.1551484350445,0.112430257521382,4.420883,-4.454751,0.0014921805,13.470485,4.2185785,0.2293348
"309","sub-0402","202",78.9298245614035,23.4877320935258,2.06336628070271,0.742684625907026,0.866666666666667,7.2817366275,1.1265371374215,0.0164405594269543,5.1273995,-1.515889,0.0001558226,9.6483985,3.7670325,0.0676526849999999
"310","sub-0403","203",44.8793103448276,30.4118384071977,2.95339160517324,0.99210029030405,0.716666666666667,6.5611828975,3.877462037735,0.0159912124775482,4.73074,1.839692,0.00012817645,8.8393005,5.9164755,0.0702629799999999
"311","sub-0404","204",67.3333333333333,34.639385180019,2.10165488333635,0.627528256141139,0.766666666666667,5.389001915,-4.57175253725,0.0091940014930325,3.9509585,-6.3357325,0.00010847765,7.2686495,-2.7261985,0.038958315
"312","sub-0405","205",76.9491525423729,22.2543476796949,2.08107058982803,0.789607717526827,0.833333333333333,5.24473311,1.941474386955,0.0102358395417618,3.744685,0.2361748,0.00011854725,7.1756845,3.678092,0.0422260399999999
"313","sub-0406","206",54.6551724137931,39.5680855466802,2.90708771034581,0.61616154045738,0.7,5.01264911,-1.55512310865,0.01109629724547,3.355812,-2.99259,0.00010493505,7.2544435,-0.0574941300000004,0.04802904
"314","sub-0408","207",82.45,27.3002297128226,2.22965418666621,0.725429214249708,0.9,5.0243822025,-1.586305834305,0.0138969420857615,3.4123605,-3.4691825,0.00017190845,6.923164,0.34656805,0.0540966
"315","sub-0409","208",67.2333333333333,14.8727559670862,1.964177758333,0.549484951763646,0.866666666666667,6.46219759,-3.60881654583675,0.0139202355824667,4.6276045,-5.947136,0.00011784045,8.5430845,-1.26123,0.0590591999999999
"316","sub-0410","209",78.05,38.2371835180081,2.51247642833526,0.704409550791911,0.733333333333333,5.494981075,-4.210627503,0.0110142671194202,4.021977,-5.9322095,0.00010443775,7.4220095,-2.454297,0.049434945
"317","sub-0411","210",44,23.7565334456846,2.2036480933389,0.802404342769445,0.816666666666667,6.920325425,-0.88132138888975,0.013150900508605,5.0669625,-3.0995065,0.0001334147,9.105858,1.483227,0.05757665
"318","sub-0412","211",56.2166666666667,27.5201569680847,1.94444843999615,0.513985864901064,0.783333333333333,6.5520720975,-0.014173748307,0.012901820112259,4.7869895,-2.042161,0.00011249895,8.621251,2.085087,0.05753166
"319","sub-0413","212",35.2068965517241,26.6693586058092,2.34928380688733,0.783839861874675,0.883333333333333,5.63952059,0.230368528726,0.01124727779554,4.1156335,-1.759572,0.00013155695,7.5194675,2.06963,0.04607812
"320","sub-0414","213",72.7627118644068,25.8031934558301,2.34649451864268,0.55822463958859,0.866666666666667,6.8122056575,3.23113322182225,0.0131796513965267,4.9960285,0.7552275,0.00012014015,8.931069,5.6121125,0.057806625
"321","sub-0415","214",67.9166666666667,34.6582793526109,2.09024944500028,0.671185910714014,0.866666666666667,4.7601840475,-0.8186054586985,0.0142680947339575,3.1789755,-2.507107,0.00017356205,6.6930555,0.895728849999999,0.055712235
"322","sub-0416","215",71.3666666666667,20.8179898300718,2.13917449833825,0.875251914517536,0.833333333333333,5.9957541275,1.3122629905475,0.0120651875584932,4.409067,-0.59804555,0.0001351156,7.94537,3.207344,0.0539725649999998
"323","sub-0417","216",67.1186440677966,24.0567466669688,2.56367069667322,0.837125659356585,0.833333333333333,6.53106356,2.25933074006175,0.0129557708436965,4.8300975,-0.018501,0.00011060205,8.579873,4.484651,0.05708512
"324","sub-0419","217",67.6166666666667,31.7597398201926,2.13036918166908,0.631274513141404,0.883333333333333,6.44876905,-1.98677766859,0.0121654195393325,4.75551,-4.2303425,0.0001424751,8.38667,0.282919249999999,0.05358845
"325","sub-0420","218",67.8,31.7366280395702,1.97794998666116,0.444351814499187,0.833333333333333,5.9082372775,-0.5145843916015,0.0101689718327075,4.3503335,-2.474688,0.00011368825,7.881534,1.481027,0.0442174449999999
"326","sub-0421","219",54.5,29.3031643103009,2.02835164654896,0.643293545982542,0.833333333333333,5.8745319525,2.0830083971225,0.0104662636942835,4.3448725,0.1034496,0.00010446655,7.7947525,4.0214485,0.0441529649999999
"327","sub-0422","220",68.3166666666667,31.6267917247744,2.50887242166403,0.653001212707431,0.85,4.9850882175,-0.350101835712,0.00980041413625775,3.6211125,-1.9489335,0.00012118115,6.7734095,1.238098,0.04171218
"328","sub-0424","221",46.4,24.8938083650384,2.50599376999501,0.906744758631789,0.833333333333333,7.1512301,-1.52864629818,0.0142829437783,5.2212555,-3.8051155,0.0001451176,9.4497065,0.6999555,0.0633060899999999
"329","sub-0425","222",73.0847457627119,18.9830124926556,1.89922447627118,0.653274511060875,0.866666666666667,6.837393065,-0.34120285515875,0.0155592070495525,4.8885465,-2.703504,0.00014059165,9.1483225,1.9422765,0.06609624
"330","sub-0426","223",66.6779661016949,23.133376900626,2.06298451694935,0.647451726287111,0.8,8.355154535,-0.5932857125715,0.0178392104022,5.8562035,-3.3831535,0.0001489528,11.109405,2.131475,0.08177975
"331","sub-0427","224",69.2203389830509,33.8882889936567,2.11369222203347,0.729832824743334,0.85,6.288104705,2.419904820795,0.0117575421993145,4.6619415,0.2501776,0.00013869615,8.321348,4.486948,0.05098505
"332","sub-0428","225",51.7118644067797,36.8908225422444,2.60807529830456,0.731877689073596,0.766666666666667,7.66038662,-3.719920345875,0.01795753580331,5.274335,-6.3413245,0.00016748005,10.38403,-1.049859,0.078133335
"333","sub-0429","226",49.8813559322034,21.1367344440274,2.59505533389806,0.861708911906982,0.8,7.3447557125,4.326739025675,0.0169178320760125,5.4667565,1.88589,0.00013248235,9.5791105,6.6703885,0.0773505349999999
"334","sub-0430","227",84.3793103448276,21.8582575718522,2.83741837413706,0.977999349523565,0.85,8.094292715,4.3739292616,0.029707745410025,5.065739,1.092274,0.00016761695,11.046045,7.3053775,0.12147215
"335","sub-0431","228",78.8983050847458,32.3646757817384,2.05280209322099,0.684640003806775,0.833333333333333,7.55138033,3.07199154425,0.020506017365651,5.289788,0.36944775,0.00016070195,10.05155,5.6683875,0.084931705
"336","sub-0432","229",54.3,26.6835186864762,2.26269161166565,0.625466910279112,0.816666666666667,6.5400960725,2.4099143627275,0.01530633994224,4.8082735,0.29712745,0.0001117912,8.7406915,4.4862195,0.071156205
"337","sub-0433","230",45.9285714285714,21.6768474249766,3.11566350000066,0.97879904727389,0.716666666666667,5.204672885,4.162390628525,0.01036835943148,3.764944,2.49745,9.689948e-05,7.1171165,5.7733885,0.04471588
"338","sub-0434","231",63.5932203389831,30.2205220544536,2.67575900678047,0.852322818320065,0.783333333333333,5.8959930225,0.011789767449,0.0115687496828915,4.2911075,-1.8103475,0.00011932525,7.9290355,1.849673,0.049022475
"339","sub-0435","232",68.4406779661017,26.1865134981274,2.20748257627158,0.588677639737794,0.783333333333333,7.1087055925,4.4031991636725,0.0374295649130625,4.3076185,1.8647665,0.000245786,10.263495,6.9291995,0.1341433
"340","sub-0436","233",70.593220338983,18.3604885406302,2.65180898983016,0.730405676077727,0.883333333333333,6.97251663,0.861419538615,0.039330153281087,4.37705,-2.1548995,0.0009128145,9.9863945,3.97613949999999,0.1099294
"341","sub-0437","234",62.8,33.9959120174515,2.14136740666436,0.919876093043472,0.7,6.289959865,6.7801216075,0.0175022608270855,4.387737,4.421074,0.0001607089,8.56009249999999,9.018584,0.07204124
"342","sub-0438","235",67.7627118644068,23.209940634201,2.60198447287825,0.795084981620382,0.9,4.3097057275,-0.961151902646,0.008448546413056,3.0455045,-2.4172845,0.00012282395,5.940069,0.57698905,0.03406152
"343","sub-0439","236",88.8,13.7715009090562,2.04978331666643,0.379203657684182,0.916666666666667,5.218143015,0.478764684665,0.0088168715666425,3.820891,-1.4162315,0.0001136511,6.8702455,2.3269745,0.03815169
"344","sub-0440","237",56.4745762711864,25.1425974107437,2.12789889491485,0.726734324569197,0.866666666666667,5.2030488025,0.93037450914275,0.00952050218102125,3.781557,-0.75628545,9.782129e-05,7.024099,2.669363,0.04181853
"345","sub-0442","238",53.7627118644068,23.310748581192,2.75250553389739,0.793461418881011,0.816666666666667,5.7859575675,1.06848786118525,0.011941652480646,4.232232,-0.7853757,0.000112395,7.7655115,2.8992335,0.051059475
"346","sub-0443","239",72.3898305084746,27.9254036794535,2.4498044220337,0.848112675601626,0.8,6.305619655,2.03368431837,0.012188090215675,4.500183,-0.14619715,0.00013688835,8.4776,4.196732,0.05409987
"347","sub-0445","240",65.3833333333333,35.830150955782,1.99206182500347,0.804181111157112,0.833333333333333,8.81818888,0.79193096567825,0.0287187962198475,5.717585,-2.383141,0.0002067657,11.825535,3.9082085,0.11650435
"348","sub-0446","241",40.2033898305085,28.8059977357548,1.90843502499532,0.712447349717473,0.85,4.8253951525,2.0140370423625,0.00833368524083925,3.4859375,0.4103422,0.00010513615,6.5282215,3.6117735,0.035755195
"349","sub-0447","242",50.4827586206897,34.9391658680448,2.08504934166946,0.713836086145054,0.833333333333333,8.215447095,0.723315657046,0.0181550327574325,5.9307505,-2.050158,0.00013463505,10.799945,3.459293,0.0784307249999997
"350","sub-0448","243",57.3275862068966,27.7548086120032,2.11974807457813,0.82462447288307,0.883333333333333,6.2162062825,3.44395364236627,0.0121128614826638,4.515374,1.1803275,0.00013775655,8.1616965,5.606603,0.0510696099999999
"351","sub-0449","244",67.0508474576271,22.685574733596,3.0666212899979,0.716817243524763,0.833333333333333,6.28803856,-3.2786744866625,0.02803577504133,3.93032,-5.7694525,0.00037706155,9.0428875,-0.703356400000001,0.08934579
"352","sub-0450","245",60.0677966101695,30.7592791756601,2.12533808813304,0.81341356912223,0.816666666666667,6.2759272875,-0.331626636426,0.013020858612,4.5603295,-2.3294455,0.0001173176,8.376311,1.7391675,0.057789205
"353","sub-0451","246",78.2372881355932,20.8907989836236,1.92094686780109,0.692549660804872,0.833333333333333,7.80784602,1.46660214514575,0.0221932611490758,5.4984455,-1.3239785,0.00015646165,10.40689,4.1717565,0.0984844249999999
"354","sub-0452","247",49.1,30.4189392386845,2.68296640500387,0.800984489069643,0.816666666666667,7.6313913675,-0.69743200856875,0.0204146692052225,5.316706,-3.2068385,0.00012517285,10.17821,1.8200325,0.088627165
"355","sub-0453","248",48.0833333333333,30.2398836798648,2.36056810166726,0.679610784953117,0.8,6.352323865,2.3989922673425,0.0119966466447553,4.5783145,0.38650745,0.00012180495,8.648471,4.381358,0.053059825
"356","sub-0454","249",41.7931034482759,28.5182358529512,2.56080427931036,0.882844539079877,0.866666666666667,4.04094589,1.35133902776572,0.007327035111746,2.8698585,-0.03936641,0.0001004963,5.604703,2.732937,0.02896656
"357","sub-0455","250",61.9322033898305,21.4137116939041,2.39275102499523,0.781994516181865,0.866666666666667,4.4630320125,0.5300698368225,0.008357347835276,3.2164225,-0.9922504,9.888435e-05,6.0499515,2.0337415,0.0354365999999999
"358","sub-0457","251",68.1864406779661,29.7550196149358,2.55034481356773,0.660310587967545,0.883333333333333,6.3583104975,-2.667547210045,0.011638926111493,4.646306,-4.9469015,0.0001303946,8.4351625,-0.41761335,0.050471785
"359","sub-0458","252",62.5593220338983,21.6852652869851,2.21803009667589,0.844137671152181,0.8,6.3992477925,2.4910156263225,0.014700977584735,4.62228,0.43866685,0.0001089759,8.599624,4.577741,0.064526255
"360","sub-0459","253",39.8103448275862,25.3054719112475,2.72393442240768,0.782093059588496,0.816666666666667,6.4652573025,0.66094464617625,0.011696060676956,4.848569,-1.4550605,0.00011470065,8.44325,2.8246375,0.048533975
"361","sub-0460","254",57.7457627118644,26.4448634086347,1.88251537499794,0.973196119430243,0.466666666666667,6.656581875,1.08198581202867,0.437792106,3.8876515,-3.5919395,0.36458225,10.56881,5.806765,0.48887365
"362","sub-0461","255",65.1694915254237,36.8534621694479,2.98568521016593,0.966338346939134,0.866666666666667,5.3580512975,0.68294035136125,0.00888815093601875,3.934722,-1.242394,0.0001187276,7.244349,2.5686875,0.0381578
"363","sub-0462","256",35.0166666666667,48.0524048911104,2.39898561333151,0.485905239590394,0.883333333333333,5.2369397375,0.793949947216,0.0083055375254875,3.847528,-1.0648745,0.00010337675,6.988711,2.565397,0.034547575
"364","sub-0463","257",74.9491525423729,27.1372143825015,2.38026329491808,0.989745473213844,0.833333333333333,5.1805348525,3.513519489175,0.009676095491925,3.773142,1.7284235,9.6365295e-05,7.0081875,5.225981,0.042094485
"365","sub-0464","258",69.2666666666667,36.2004151426082,1.93999030665727,0.706516621430694,0.85,7.6241381675,1.68307484762,0.0167199785620675,5.5017845,-1.0611445,0.0001300526,10.037255,4.384127,0.074560705
"366","sub-0466","259",51.859649122807,38.8970429451223,2.40769664655592,0.734078171626574,0.816666666666667,8.7142893125,-1.59550134540225,0.052342332788112,4.9668455,-4.990333,0.0002994093,12.61566,2.0759585,0.15776655
"367","sub-0467","260",58.8666666666667,13.1348503526044,1.95656213166076,0.564844834161273,0.85,7.854338305,-2.21138143408225,0.0321057475010575,4.710821,-5.1039065,0.00018208605,10.649215,1.094835,0.12335355
"368","sub-0469","261",43.1333333333333,24.6414743854138,2.06043177000247,0.635321622619388,0.816666666666667,6.242112775,-1.3735948804335,0.0119298283875987,4.634783,-3.377929,0.0001174761,8.189195,0.63628615,0.053135475
"369","sub-0470","262",59.728813559322,42.0032143714455,1.85041498644001,0.54704250738709,0.816666666666667,7.5128406125,1.90334585220975,0.0171426047219873,5.418891,-0.66554215,0.00013793655,9.9355035,4.443368,0.0744983099999999
"370","sub-0471","263",78.9833333333333,27.9639548054559,2.22538063666822,0.877523565782924,0.85,8.00251698,0.82620485877325,0.0241104062932032,5.337385,-1.9025655,0.00017345515,10.763775,3.568367,0.098189925
"371","sub-0472","264",74.1333333333333,17.6735622402471,2.42850040499664,0.843830539538449,0.85,6.7007048025,-1.8945103039175,0.0148412029787215,4.836952,-4.1700465,0.00012339045,8.8764075,0.3967374,0.063086435
"372","sub-0474","265",64.7966101694915,34.3183773333427,2.67815038644076,0.63082318469927,0.833333333333333,8.1500231,1.7011518239725,0.0183665798741525,5.901335,-1.068846,0.00015109385,10.7208,4.41260199999999,0.08073075
"373","sub-0475","266",22.75,21.0983371503177,2.6452738883323,0.797959632277487,0.833333333333333,6.3640423725,-0.122854799411,0.0139641302482018,4.584143,-2.160139,0.00014225965,8.4702445,1.941034,0.06228186
"374","sub-0476","267",87.6,20.7038848397499,1.75990477833329,0.605637231331233,0.833333333333333,8.9304002575,-0.141537820224,0.0376549070810005,5.377814,-3.3286815,0.0002428435,12.277055,3.1860645,0.13616135
"375","sub-0477","268",52.0677966101695,18.6361387953433,2.2405735745738,0.742959411402305,0.9,6.013112785,0.690118950383,0.0124412963093425,4.311494,-1.4073445,0.0001106668,8.0409215,2.7976565,0.05403294
"376","sub-0478","269",63.6833333333333,29.1550453038006,2.11978497833455,0.575943243382995,0.816666666666667,7.3172875925,0.843007087775,0.0189446423865875,5.2698545,-1.546395,0.00013048165,9.7299,3.2036955,0.0831520599999999
"377","sub-0479","270",71.9333333333333,23.2582164571654,2.37551945999924,0.710912830420235,0.783333333333333,5.9945387,-2.89038571357,0.0136883006635855,4.2940625,-4.728958,9.2270685e-05,8.1382275,-0.944790700000001,0.0635224399999999
"378","sub-0480","271",69.6271186440678,23.4850637090197,2.2157013813602,0.569720202404358,0.85,7.84056167,-1.34188033984205,0.0215439033218078,5.421395,-4.0400755,0.00018381695,10.359305,1.48588,0.087535135
"379","sub-0481","272",54.1,17.6718679050698,1.8661307066679,0.526586054272147,0.85,5.01471165,-0.008786194962,0.0085863347402275,3.682747,-1.7423235,0.00010335905,6.7170605,1.6964205,0.037578355
"380","sub-0482","273",46.3166666666667,30.6165412623643,2.32477139667123,0.821908396194754,0.8,4.76446302,-2.387609639905,0.00849379677629225,3.3923745,-3.8880665,0.0001052568,6.5804935,-0.8242981,0.034491385
"381","sub-0483","274",80.5789473684211,30.9105549289403,2.04293446665581,0.659561082157973,0.833333333333333,7.95174597,-2.303272748435,0.032498454944485,4.921882,-5.1122625,0.0002094621,10.87413,0.5968457,0.1238353
"382","sub-0484","275",78.7833333333333,21.0424040537573,2.21064814833323,0.697362621183613,0.783333333333333,6.966754595,1.5600304974625,0.019197086233745,4.982962,-0.6526952,0.00013403685,9.3965965,3.7765725,0.087680505
"383","sub-0485","276",32.2931034482759,25.3992737986322,2.20268915517352,0.631133861686687,0.85,4.5007003375,0.2056737642625,0.00879329835335775,3.196899,-1.2588655,0.0001069335,6.204688,1.6553585,0.036885505
"384","sub-0486","277",53.9322033898305,32.3631678720817,2.30648952881683,0.771241259424771,0.866666666666667,4.5685518,0.1220490007665,0.0087880678062055,3.268032,-1.4626835,0.00010532625,6.254208,1.640733,0.03675082
"385","sub-0487","278",53.5,35.4010916235021,2.37601692499205,0.805421688996717,0.833333333333333,6.241635075,-0.971705591717,0.01456460522326,4.556002,-3.074368,0.0001251529,8.271348,1.1536415,0.063071565
"386","sub-0488","279",57.6949152542373,17.6139191014772,2.34146390339336,0.770471454027419,0.883333333333333,4.5624701,-2.3902786813,0.0080156688019175,3.302811,-3.9142215,0.0001046808,6.139083,-0.847774550000001,0.0346551
"387","sub-0489","280",73.9333333333333,32.843164377503,2.35295938000005,0.909404780049167,0.85,7.346366985,-3.926896144615,0.0159799494281527,5.212077,-6.575693,0.00014174765,9.6571315,-1.191605,0.06615313
"388","sub-0490","281",48.6,32.1317204274393,1.72984451333759,0.382725509391511,0.783333333333333,7.8787233575,0.3451032504655,0.044707415966515,4.681031,-2.2843865,0.00025828325,11.097735,2.990695,0.1591374
"389","sub-0491","282",56.5762711864407,26.858635925662,2.04160066949247,0.791159417773874,0.833333333333333,7.1299572375,1.0026347156725,0.0162268450759918,5.1580375,-1.340848,0.0001437615,9.467823,3.389491,0.070048245
"390","sub-0492","283",63.2631578947368,18.8921056035408,3.14420878964653,0.72936879942587,0.833333333333333,3.85212596,0.59435717550225,0.0077766129846535,2.6432255,-0.6654663,0.0001091187,5.435779,1.859332,0.03254006
"391","sub-0494","284",57,31.0724958765787,2.40736538949504,0.863190556991073,0.8,6.1440718425,2.1997801732495,0.0113400510676675,4.456618,0.1836658,0.0001230946,8.2224375,4.226919,0.0495639199999999
"392","sub-0495","285",77.4833333333333,28.5030427556021,2.61225246166675,0.820933121616561,0.85,6.9542295225,2.75347422109,0.01268592231882,5.1622605,0.33396815,0.0001193048,9.145571,5.1863945,0.05743464
"393","sub-0496","286",78.6333333333333,29.7788268921636,2.37776190667646,0.641740013101215,0.833333333333333,7.62316123,0.3655711843845,0.0202416857746475,5.408265,-2.0166365,0.00018059675,10.14323,2.8399455,0.0883247649999999
"394","sub-0497","287",65.6333333333333,18.7823995025515,2.45315303167251,0.627751302273276,0.8,4.433350575,-3.23216917355,0.0081519181328925,3.115441,-4.768978,9.7840535e-05,6.0707095,-1.638569,0.0345641
"395","sub-0498","288",55.8833333333333,28.7956515471104,2.31670722833323,0.754711274930278,0.9,5.143667725,-0.23703700435175,0.0097942776540135,3.6085785,-2.171885,0.00010744645,7.0757475,1.627784,0.0414784899999999
"396","sub-0499","289",70.9833333333333,29.5310762295727,2.14217760498868,0.637437546798954,0.85,6.0368405275,-2.36827905354,0.011550227461805,4.4330965,-4.352073,0.0001318972,8.000766,-0.294810750000001,0.04881719
"397","sub-0500","290",46.7666666666667,32.7022347583784,2.74328675333527,0.642634568983297,0.883333333333333,4.110191515,-1.868605034575,0.00757086206481,2.9462415,-3.242642,0.0001178659,5.613513,-0.4939396,0.03071168
"398","sub-0501","291",64.6842105263158,26.3344952314971,2.1687227655162,0.802945795479382,0.816666666666667,8.0432428,1.62226387109725,0.024162955801293,5.619086,-1.007108,0.0001541332,10.59974,4.3088595,0.1017783
"399","sub-0503","292",60.9666666666667,17.1562773674053,1.81788307502478,0.624673774903549,0.833333333333333,7.3622184975,5.1105257245,0.0239918178519293,4.626182,2.1765535,0.00017923595,9.99208,7.9115595,0.09781631
"400","sub-0504","293",53.0862068965517,30.612051567143,2.64877805423773,0.706505279268748,0.866666666666667,5.0281385375,2.13499216565828,0.00930711757623325,3.7146895,0.4258034,0.00011572505,6.6947775,3.7922765,0.039429095
"401","sub-0505","294",75.7241379310345,27.9189259227929,2.55455051723001,0.87779220566732,0.85,4.7725601725,2.504931506605,0.0084543234448695,3.385181,0.9661455,9.185865e-05,6.550352,4.001471,0.03557039
"402","sub-0507","295",46.0344827586207,25.7245636706156,2.63589343792711,0.809143421646828,0.816666666666667,4.0807084275,2.814839717275,0.009217978625974,2.816554,1.4755595,9.514069e-05,5.8272415,4.136622,0.03987975
"403","sub-0508","296",56.4,19.928006014873,2.37580689166789,0.689305005169275,0.75,6.8460964775,4.156413452675,0.011958525246704,5.0574645,1.8717935,0.00010858675,9.035457,6.370687,0.054262165
"404","sub-0510","297",69.6949152542373,35.9934161782728,2.32573937288124,0.748031947170577,0.85,5.714030655,0.41926103014155,0.01120037752748,4.148739,-1.45135,0.0001233334,7.682325,2.3043165,0.04816863
"405","sub-0511","298",56.8666666666667,22.4812288302378,2.8433146716794,0.887388899699436,0.816666666666667,4.9190988175,-0.173089007831,0.0102049073581235,3.475891,-1.6420585,0.00010220415,6.8503875,1.309028,0.04427855
"406","sub-0512","299",45.135593220339,32.732172103151,2.09985369322003,0.785080509793383,0.783333333333333,6.453926515,3.923285725325,0.012573796531235,4.7166925,1.8083805,0.00011903955,8.600328,6.0464925,0.054138515
"407","sub-0513","300",54.3166666666667,29.5362412642943,2.10214597833498,0.882613636737301,0.866666666666667,5.964745015,2.4781806056425,0.011393885747936,4.3877085,0.45322735,0.0001176266,7.888388,4.433106,0.0518454749999999
"408","sub-0514","301",56.5833333333333,33.0563420754994,2.38939782996895,0.906955419426781,0.816666666666667,5.2430169925,-1.48153390661325,0.0100201878839685,3.8070865,-3.0692975,0.000119173,7.1343235,0.1258792,0.04234572
"409","sub-0515","302",68.2413793103448,29.2450687670064,1.8744913516668,0.650267426303649,0.85,5.8830738575,-0.30295567016125,0.0117972089245508,4.317318,-2.2125815,0.00010780665,7.874418,1.555906,0.0509053799999999
"410","sub-0516","303",58.7666666666667,28.1228338776649,2.05098626500306,0.531734826834781,0.85,7.332863705,-4.189941124075,0.0176938831690567,5.258923,-6.637643,0.0001172374,9.797796,-1.557903,0.07953484
"411","sub-0517","304",45.6833333333333,17.6332617772196,2.41194953500138,0.716504948814207,0.85,6.5153212775,1.595988945125,0.0121564774532922,4.7410135,-0.59908665,0.00013924445,8.67754599999999,3.755356,0.05189897
"412","sub-0519","305",65.3,15.6121421672635,1.67283874832404,0.404589037365036,0.65,9.327824705,-3.31449997369925,0.0848075758173675,5.020981,-6.8461595,0.00051241525,13.950105,0.307171049999999,0.23603995
"413","sub-0520","306",51.9830508474576,26.5625426736688,2.08547730339786,0.766570319799299,0.783333333333333,5.1342956425,4.56862918525,0.0095450636807225,3.764864,2.851267,0.00011883975,6.8880125,6.260927,0.040694095
"414","sub-0521","307",60.65,27.2650673629295,2.08843952334331,0.625058803422844,0.816666666666667,4.9263412775,-0.061267762827,0.0105286519192102,3.4589545,-1.5586195,9.6569355e-05,6.917416,1.451471,0.047726345
"415","sub-0522","308",42.8666666666667,30.3914944985124,2.77481887998292,0.754906311221696,0.833333333333333,4.6504433175,-1.03465647636225,0.0095148893161825,3.2579405,-2.4441285,0.00010782255,6.437321,0.37333515,0.04180804
"416","sub-0523","309",50.2,24.9445486724971,2.33189292499998,0.741508117932145,0.8,5.49933167,1.4614975525225,0.0122527077767187,3.900827,-0.2867286,0.00012008445,7.5274575,3.218454,0.0542808
"417","sub-0524","310",67.2333333333333,26.5791856034874,2.15823858666699,0.653321926466139,0.85,7.2420433775,-0.69546575681925,0.0159038228913695,5.234663,-3.1717535,0.0001466313,9.537399,1.71946599999999,0.07008259
"418","sub-0526","311",70.6896551724138,17.1005354348836,2.26511080172073,0.849717336674438,0.85,6.3319362275,1.58233806923325,0.0126312822511178,4.666268,-0.71569945,0.0001034721,8.3891255,3.764511,0.0559745499999999
"419","sub-0527","312",67.2033898305085,30.8778347357146,2.58653844067836,0.861493358064375,0.8,6.84198439,-0.39426915262975,0.0187130737065775,4.8494935,-2.5562755,0.0001324098,9.208828,1.801258,0.0826939949999999
"420","sub-0528","313",62.3103448275862,24.8230275777275,2.32393353447671,0.715144414970168,0.883333333333333,5.67921626,1.065751352293,0.00990041432968,4.2145005,-0.9112239,0.0001242954,7.4572265,2.9767955,0.042399305
"421","sub-0530","314",84.7,29.6392433399153,1.84454831999998,0.845355546544733,0.85,8.0125430625,-1.52839204898865,0.0439340665665907,4.885374,-4.912243,0.00049416465,11.59014,1.819493,0.12017335
"422","sub-0531","315",66.4833333333333,24.0786083179878,2.36041193834972,0.777736633711581,0.833333333333333,4.80849873,1.36522626402775,0.008710314405658,3.4494325,-0.1910509,0.00010978055,6.588894,2.915703,0.0367395849999999
"423","sub-0533","316",58.7966101694915,23.7049243109273,2.43844867118839,0.606476941638848,0.866666666666667,5.72159118,-0.870196430855,0.009993521086328,4.27632,-2.8337765,0.0001053162,7.475771,1.086999,0.0458069
"424","sub-0534","317",52.55,26.4917160061245,2.45564933999898,0.67146932284825,0.85,6.6580829525,-0.84902293425725,0.014530853700692,4.844478,-3.080286,0.00013139825,8.908049,1.401433,0.064145405
"425","sub-0535","318",49.3050847457627,24.6746094803937,2.23497092665251,0.612296505523189,0.883333333333333,5.888863815,1.3090071667825,0.010146162506951,4.381272,-0.78862465,0.0001336105,7.724939,3.383058,0.043143595
"426","sub-0537","319",76.3157894736842,30.7954993782352,2.29682719823904,0.904571728503719,0.866666666666667,5.299314775,2.706577511125,0.01039143738368,3.8517305,0.85603835,0.00010924275,7.096007,4.565034,0.0441330249999999
"427","sub-0538","320",75.3,34.9688965913075,2.45395709335571,0.716294592133168,0.833333333333333,8.4769193375,2.144560301105,0.029146238009385,5.48452,-0.9264933,0.00020819775,11.22331,5.160872,0.1161757
"428","sub-0539","321",76.8666666666667,40.2700488720611,1.95025895833678,0.503408073705413,0.816666666666667,6.577802665,-1.5814348097435,0.0138821076260183,4.873921,-3.6834145,0.00013498595,8.7579135,0.4977232,0.059876935
"429","sub-0540","322",58.1864406779661,24.8064748056876,2.57781543900354,0.704052049527782,0.883333333333333,7.5145572025,-3.087719482845,0.0172138695847125,5.312009,-5.8927145,0.00012955205,9.906483,-0.2055258,0.07616766
"430","sub-0541","323",67.135593220339,34.6248155115805,2.16133040847588,0.808178503702256,0.833333333333333,7.65286888,-3.0997985969645,0.028498785743795,4.9509135,-5.7842375,0.00016047525,10.38469,-0.234003650000001,0.11474985
"431","sub-0542","324",73.0666666666667,29.6138233106339,2.0495966383256,0.728049277917736,0.866666666666667,7.285523805,5.13216422075,0.0171854596677418,5.2810985,2.5544625,0.0001225135,9.599454,7.6303445,0.075792185
"432","sub-0543","325",46.8666666666667,24.9014781854252,2.26133439833454,0.678092537927001,0.85,4.847566015,-1.2176875992244,0.009316797233993,3.5253225,-2.9103745,0.0001062069,6.5746725,0.4438958,0.03978649
"433","sub-0544","326",57.8666666666667,19.1527903588765,2.56231149333762,0.671004200748344,0.783333333333333,7.01998532,0.22180155083025,0.020734635189425,4.963947,-1.8853265,0.0001507814,9.486206,2.355648,0.092831405
"434","sub-0546","327",64.2166666666667,28.1582041912626,2.35729805834902,0.576749835247467,0.633333333333333,6.1727875725,-7.4372252025,0.0179150871458375,4.076456,-9.767409,0.00015234365,8.6503955,-4.937029,0.07471685
"435","sub-0547","328",59.2833333333333,28.3495682965168,2.17565389833956,0.639965023491756,0.866666666666667,5.4487312475,0.246172962067,0.00900696501571175,4.0363875,-1.738436,0.00010595785,7.2311,2.191973,0.037779055
"436","sub-0548","329",76.1333333333333,20.5727042022212,2.56365968166113,0.946934026348842,0.833333333333333,3.8962893725,-2.205834341025,0.007868068607025,2.7081605,-3.4495625,9.865097e-05,5.4496625,-0.8826967,0.0343517049999999
"437","sub-0549","330",56.8833333333333,35.1529788340043,2.87151839665603,0.735298413017896,0.8,5.68884346,-0.712668776061,0.010552530023571,4.203352,-2.6107955,0.00010644405,7.553017,1.151441,0.0447637499999999
"438","sub-0550","331",49.9833333333333,18.8827709711266,2.14094874334599,0.612570674274128,0.833333333333333,5.046241635,1.504988931018,0.00950868630128675,3.679724,-0.1281789,9.750085e-05,6.8790455,3.088368,0.03896261
"439","sub-0551","332",74.3666666666667,27.1773626304692,2.1962141600127,0.54985239199424,0.866666666666667,6.276547905,-0.602761379935425,0.013428487105315,4.574795,-2.7055245,0.00012216135,8.253686,1.5762475,0.05903769
"440","sub-0552","333",67.9,21.1401297239578,2.63541705833049,0.986514433961509,0.816666666666667,5.3157591475,-1.58675867813225,0.0102106438590175,3.855545,-3.330364,0.0001119691,7.1685805,0.215140899999999,0.042696175
"441","sub-0553","334",62.5166666666667,30.2562455615403,2.37731589499551,0.819254080267059,0.85,7.842990685,-3.98833825449,0.033800580800101,4.4808665,-7.048086,0.00030991025,11.19607,-0.946390850000001,0.11388385
"442","sub-0554","335",36.0847457627119,47.8082694244969,2.2877198881154,0.560224652123865,0.8,5.9821616675,1.38540401619625,0.010813376929956,4.3529005,-0.5014738,0.00011594625,8.1129205,3.251358,0.047519905
"443","sub-0555","336",73.8666666666667,22.8231718904547,2.03082878500184,0.598364186607489,0.833333333333333,7.07872639,-5.05911756843,0.0620620692638807,4.006807,-8.654875,0.00079683715,11.004215,-1.6205225,0.14986445
"444","sub-0556","337",51.0333333333333,41.3250720739953,2.0357205366871,0.556484813207845,0.85,7.563530885,1.4177224889305,0.015848167447857,5.436699,-1.169627,0.00012111375,9.938897,4.048201,0.0698431899999999
"445","sub-0557","338",83.6779661016949,21.7338451125921,2.17733998998883,0.605685545082607,0.85,7.560338665,2.51170634063,0.0180078399593075,5.4002265,-0.23898435,0.00015975315,9.9773055,5.231983,0.074678145
"446","sub-0558","339",64.6666666666667,29.4869500964189,2.05534208333896,0.652030302394926,0.833333333333333,8.35875359,-0.64736402378225,0.025525998449685,5.7149935,-3.5695955,0.00020352085,11.02635,2.28982,0.1052028
"447","sub-0560","340",87.9310344827586,19.1502481033495,2.92932695862115,0.938966489691723,0.683333333333333,5.09762014,5.13155885775,0.0106943823310725,3.6391795,3.432098,0.0001102024,7.0446005,6.763809,0.046346535
"448","sub-0561","341",68.6491228070175,25.7948577572506,2.20749990689992,0.804371263494264,0.766666666666667,8.019518705,-0.24390878730575,0.023357080083535,5.3597025,-2.76891,0.0001687328,10.908785,2.546329,0.10470985
"449","sub-0562","342",34.1333333333333,21.6829751747628,2.26439338166626,0.726520443378508,0.866666666666667,4.8867061925,1.21598648153,0.008290495199275,3.5848925,-0.4304758,0.00012748165,6.59266,2.812809,0.03430201
"450","sub-0563","343",64.65,30.6930263155457,2.14120186833219,0.721069269735053,0.783333333333333,6.8978114275,2.01719667524075,0.0172230979021625,4.954744,-0.1780089,0.00013718275,9.3176595,4.196803,0.07886402
"451","sub-0564","344",55.0677966101695,21.9708775951883,2.15052801999991,0.446476938446511,0.833333333333333,6.10055631,1.29943339124075,0.012809956948174,4.42832,-0.5360916,0.00012629185,8.219687,3.148408,0.058509125
"452","sub-0565","345",70.7666666666667,27.4673097944563,2.14626963500195,0.690836625883506,0.8,6.942267715,1.8798648891225,0.0173308030648925,5.051071,-0.2870804,0.0001271764,9.2877635,4.017525,0.07932615
"453","sub-0566","346",58.1666666666667,28.8239346557604,2.31047028166261,0.793457662438467,0.883333333333333,5.8930445725,-1.4733728365075,0.010765267046952,4.2402155,-3.554598,0.00011745125,7.8314235,0.678848749999999,0.04646916
"454","sub-0570","347",34.0344827586207,19.754604630661,2.62850193559464,0.74631848220563,0.866666666666667,5.6042133575,2.385331455645,0.0109800596208335,4.0726905,0.3902526,0.000117499,7.504792,4.358694,0.04795334
"455","sub-0571","348",74.7118644067797,21.5254867760712,2.1618550627155,0.754543148646389,0.816666666666667,6.51877719,2.60630130132,0.0151916263907825,4.7497215,0.4810591,0.00013670755,8.7232365,4.7059325,0.0701678149999999
"456","sub-0572","349",71.2105263157895,21.2525098031346,2.28761081052781,0.532431247814067,0.85,6.880286105,-0.32645997110725,0.014944523660175,5.040462,-2.639563,0.0001112545,9.091209,1.9613775,0.06618424
"457","sub-0574","350",55.4067796610169,33.809873401872,2.46900774576599,0.735255726494923,0.85,3.6186193325,-0.91752802151875,0.007689729361732,2.3765345,-2.026624,0.0001011496,5.339324,0.284998749999998,0.03252832
"458","sub-0576","351",74.0338983050847,24.7539381065434,2.57661407500079,0.671855570818493,0.816666666666667,9.391300875,2.87355975024,0.03125334539096,6.073132,-0.50007275,0.0001835315,12.789435,6.20399,0.1214544
"459","sub-0577","352",76.6833333333333,23.641741071756,2.03073316000324,0.952358672790718,0.65,6.4663508425,-0.34494655629,0.2622655991,3.8908985,-4.2577495,0.1470732,9.794087,4.218337,0.38563315
"460","sub-0578","353",51.8666666666667,28.6731828095414,2.02935612999718,0.725168902966731,0.866666666666667,5.8947361425,-0.879411252842,0.014680756726318,4.107001,-2.893714,0.00016471435,7.9654605,1.1372705,0.0625658199999999
"461","sub-0579","354",46,32.9904968340268,2.06725932499976,0.574061608203072,0.783333333333333,5.2035504475,4.30887499625,0.00889350802674525,3.7633665,2.4899735,0.00011898515,7.0773625,6.025869,0.037759445
"462","sub-0580","355",75.9333333333333,20.1316570559706,1.86797417000829,0.469430678057184,0.866666666666667,6.4831020775,1.28378871770025,0.0106328568377378,4.8783295,-1.025448,0.00011935615,8.3756875,3.4967575,0.0451007599999999
"463","sub-0581","356",73.8333333333333,10.8255295665145,1.9813879099985,0.474629942566258,0.833333333333333,5.6528072,-1.33829262977635,0.010975266525265,4.20925,-3.160397,0.00011042925,7.4819055,0.5389543,0.047017465
"464","sub-0582","357",62.864406779661,24.680340932032,2.03874236440199,0.679127146717161,0.883333333333333,6.4236109125,0.3240999846095,0.014620490787875,4.62781,-1.8461595,0.00012885405,8.4496855,2.553047,0.062701185
"465","sub-0583","358",63.6,19.7442976105911,2.29848927667287,0.819249633993711,0.85,6.586350005,4.8619608653,0.0139053123904778,4.727169,2.507302,0.00012710085,8.7343575,7.216151,0.05940763
"466","sub-0584","359",54.4,21.4438170141324,2.19487920832859,0.790016667207629,0.85,6.4454486275,0.34513928055625,0.015827007731823,4.6195365,-1.8391375,0.0001346731,8.595789,2.5577315,0.07051034
"467","sub-0585","360",55.7666666666667,18.060507216132,1.96867520166949,0.578578703537986,0.833333333333333,6.42460364,-1.0303182928765,0.0121656068734045,4.7716345,-3.17759,0.0001233627,8.478794,1.1451435,0.0542187249999999
"468","sub-0586","361",62.5084745762712,25.2138254913614,2.15277700507777,0.710355862153794,0.85,4.8903210375,-0.72495678512225,0.008523859370871,3.578877,-2.3261595,0.00010347095,6.548324,0.9416333,0.035495075
"469","sub-0587","362",81.4285714285714,38.4914900360431,2.34937383507566,0.840766206210888,0.816666666666667,7.996132065,-2.08367152761818,0.0432955994421352,4.5983775,-5.1318915,0.0001891714,11.36207,1.1131425,0.1533707
"470","sub-0588","363",63.7666666666667,21.0651665775007,2.27629562167567,0.667781314903751,0.883333333333333,4.23607147,-1.80816901463,0.00819725906629125,3.049431,-3.1808375,8.9160615e-05,5.79545,-0.40833405,0.03303074
"471","sub-0590","364",77.3898305084746,23.8544559194327,2.40540692033207,0.652797755243988,0.816666666666667,6.575024845,-2.18242783769375,0.0118006119321035,4.842952,-4.244553,0.00011532205,8.6816525,-0.0912669400000011,0.05106687
"472","sub-0591","365",51.4237288135593,26.2305450991978,2.38359670338647,0.698192967922323,0.85,6.280801925,0.56247040578425,0.012506606069961,4.567945,-1.5516335,0.00010689625,8.397196,2.6657095,0.0544887849999998
"473","sub-0592","366",48.5833333333333,26.1762550355015,2.86089693833104,0.974909588026776,0.85,5.628190005,1.80351553954375,0.011475382579335,4.140603,-0.01638486,0.0001270505,7.4293865,3.5736995,0.048746595
"474","sub-0593","367",53.6666666666667,26.2966561428214,2.44330475834431,0.76172118506411,0.833333333333333,4.70396655,3.6787616249,0.00869235917579,3.404542,2.0319295,0.00010582,6.344686,5.251668,0.03676288
"475","sub-0594","368",59.85,28.0947700060868,1.86948274499931,0.519002480941659,0.85,8.59467721,0.351655078353,0.0236477827101077,5.781897,-2.637134,0.0001698573,11.477025,3.2573625,0.0989772
"476","sub-0596","369",70.2068965517241,25.5856035593824,2.53451039482762,0.907110640530044,0.85,7.56985,5.096410046485,0.0206048046607063,5.078198,2.2764155,0.00018950355,10.415775,7.848901,0.080679895
"477","sub-0597","370",56.4833333333333,32.8316154301218,2.35350422499275,0.940917604322465,0.766666666666667,7.4904937575,3.9984652415975,0.0168358398217025,5.429105,1.5901645,0.00013448595,9.9387865,6.4301975,0.0750476999999999
"478","sub-0598","371",87.6666666666667,18.1179437852547,1.85080411333402,0.684563479206549,0.9,4.82575455,1.18407172563473,0.00931192456217925,3.4574825,-0.49065925,0.00010560605,6.5544975,2.821878,0.040115415
"479","sub-0599","372",42.8275862068966,19.6612879332508,2.65237799309724,0.812486367924463,0.833333333333333,4.1293841675,0.35660755530345,0.00854698889053775,2.741198,-0.89021755,0.00011323485,6.064146,1.6069545,0.03589601
"480","sub-0600","373",52.1896551724138,26.1543709382821,2.31756022758707,0.923424043824839,0.866666666666667,5.63990332,0.551046727838,0.00916354636163775,4.278186,-1.3174365,0.00011525715,7.377163,2.415414,0.03929537
"481","sub-0601","374",68.5862068965517,27.9968886007868,1.81485372758872,0.699353594493344,0.866666666666667,5.8185310875,2.1218867087925,0.00946202755510025,4.275908,0.12632625,0.0001226245,7.75194,4.2077185,0.04057833
"482","sub-0602","375",60.7966101694915,43.1595994280958,1.91691050847392,0.642541715684429,0.85,6.464635065,-2.30930198406575,0.011667189254589,4.846903,-4.485239,0.00011439635,8.4855125,-0.1208365,0.04963208
"483","sub-0604","376",60.0833333333333,25.8629318318294,2.06485760999931,0.589776467076341,0.85,6.949658395,1.14604128262375,0.01477655818412,5.0797975,-1.341557,0.000144147,9.1215905,3.557215,0.0619694199999999
"484","sub-0605","377",69.3448275862069,17.4512370487354,2.90785466207007,0.995563731121301,0.883333333333333,5.49323222,1.55919351430125,0.0095212702326775,4.0779435,-0.40187695,0.0001354394,7.213442,3.479873,0.040246275
"485","sub-0606","378",81.95,18.9981488839557,1.96111989833056,0.656169486029747,0.866666666666667,7.20768984,-0.1292568889285,0.0165926758648675,5.0480115,-2.8063815,0.00018101565,9.54019849999999,2.5166575,0.06970855
"486","sub-0607","379",60.4406779661017,20.1590838482656,2.49600196779524,0.857681556269724,0.833333333333333,5.3138888175,-1.45116976331815,0.009483995248264,3.916918,-3.2225985,0.00011784375,7.058857,0.26099715,0.03909171
"487","sub-0608","380",39.7666666666667,25.3366263099167,2.31360533166735,0.802839461139781,0.866666666666667,4.2761109575,2.1102696416925,0.00833305293612075,3.0147915,0.71558945,9.9500265e-05,5.9590915,3.442917,0.0347929799999999
"488","sub-0609","381",53.5,26.5850091567486,2.18111607333412,0.696709546917473,0.85,6.1402311075,0.7797658750755,0.011332188761367,4.5599315,-1.3163535,0.00010785795,8.041851,2.942084,0.049729555
"489","sub-0610","382",69.2666666666667,22.6138300766249,1.91435507332984,0.65912913978169,0.833333333333333,8.22162246,0.399795536856,0.026353151289905,5.486936,-2.481513,0.0001895594,11.042465,3.2664755,0.1092158
"490","sub-0611","383",65.0877192982456,17.8858290891285,1.77995892240995,0.923344449899416,0.75,9.60581537,4.0021690372725,0.075079060527315,5.34829,0.064390355,0.000505207,14.22052,7.896513,0.2013428
"491","sub-0612","384",43.3559322033898,22.2065249123986,2.68268864406904,0.750918195132008,0.883333333333333,5.3434125175,2.5525567011265,0.0094688186976075,3.8834595,0.721104,9.55772e-05,7.1426165,4.4136455,0.039867135
"492","sub-0613","385",52.5593220338983,32.5964199358746,1.85840407288752,0.556352262784196,0.783333333333333,8.2395266375,-0.3339023522695,0.110354071061765,4.3238965,-4.140781,0.00098119335,13.22325,3.797688,0.236656
"493","sub-0614","386",66.4464285714286,32.3334443475579,2.35595803859689,0.87813513739977,0.783333333333333,7.930148435,2.83982194894675,0.107466007552775,4.229474,-1.3640155,0.001644492,13.20074,7.15594199999999,0.22096245
"494","sub-0615","387",71.948275862069,26.5365834299197,2.18202613276261,0.881369005533792,0.833333333333333,7.8889106025,-0.20924914324025,0.0177396007184613,5.5944245,-3.036462,0.00014062615,10.396595,2.6083425,0.0735987
"495","sub-0616","388",53.3620689655172,22.8716466439495,2.32957397068947,0.667734442172739,0.866666666666667,5.2943540175,2.1410911672625,0.0109554100991607,3.8505805,0.34498405,0.00011585415,7.141699,3.948587,0.048678995
"496","sub-0617","389",71.15,24.5169087276378,1.76945154500136,0.56177757163381,0.866666666666667,6.1994122775,1.01017307032255,0.0108227474904875,4.643492,-1.1022515,0.00011522335,8.158305,3.1121885,0.046933935
"497","sub-0619","390",52.7666666666667,25.1236715082907,2.38512034166585,0.653080471407917,0.85,7.1531367775,0.429195975472925,0.019956132131645,4.805376,-2.06981,0.00017072205,9.6853905,2.933854,0.08176063
"498","sub-0620","391",32.0357142857143,14.5938521124657,2.56256238597837,0.776103490859607,0.833333333333333,5.8870930725,1.740301527106,0.010951363957303,4.278654,0.010538963,0.00011933475,7.8863795,3.5179745,0.04748788
"499","sub-0621","392",54.8474576271186,34.7765346766257,1.88269144067367,0.62077500521327,0.816666666666667,7.00817206,5.79091303975,0.0119193061569918,5.211483,3.5661425,0.0001289563,9.25069,7.9682275,0.0521020649999998
"500","sub-0622","393",49.5333333333333,28.5392781177139,2.21431290666903,0.67986582274984,0.833333333333333,5.7827128475,0.82464985360775,0.01044894271208,4.2420685,-1.0269845,9.8465445e-05,7.6846945,2.721176,0.044226185
"501","sub-0623","394",57.1333333333333,30.7049748449008,2.05069806333146,0.756872732249798,0.833333333333333,5.6254869375,-0.69478638041275,0.0100883041088632,4.2109175,-2.5975115,9.8085265e-05,7.442855,1.1785625,0.044302785
"502","sub-0624","395",47.0677966101695,34.9669126395815,2.40365757118473,0.787999556762729,0.866666666666667,6.740911375,-0.7796782864565,0.0135389919499375,4.9047115,-3.0783075,0.00011882175,8.8064195,1.4998235,0.058160475
"503","sub-0625","396",82.7368421052632,26.8571128619253,2.8468230052508,0.85462904447225,0.866666666666667,7.6679250475,-2.140530712573,0.017772969056865,5.473028,-4.72223,0.00013517875,10.04017,0.54784595,0.080270465
"504","sub-0626","397",62.8833333333333,32.5425883496869,2.46674061499264,0.716641888628015,0.9,3.9671334425,-1.3923998214275,0.00736569241939575,2.8139025,-2.800705,7.818849e-05,5.4817005,0.00534816149999922,0.029912095
"505","sub-0627","398",61.0333333333333,20.8383338631497,1.98222400999706,0.619166265888146,0.9,6.0351857875,2.440512785215,0.013737448215233,4.266698,0.061662015,0.0001457899,8.0320125,4.752514,0.05511971
"506","sub-0628","399",62.75,29.0911047036952,2.19841361499081,0.559430243635708,0.85,7.314452055,-1.1117194857845,0.017201072406955,5.2906065,-3.614654,0.00013045055,9.51498,1.4758625,0.0743306149999999
"507","sub-0629","400",79.1186440677966,25.8464195784697,2.12479876608083,0.781682599550655,0.866666666666667,7.16477693,0.668155068551775,0.0158746921595775,5.2763765,-1.8808565,0.00015784105,9.343819,3.174564,0.07130968
"508","sub-0630","401",72.5172413793103,29.282197081857,1.92964459137975,0.860582223763286,0.8,8.2947510775,0.7630827018458,0.0973154528105975,4.258184,-2.979921,0.00085212405,13.2624,4.4215855,0.2177615
"509","sub-0631","402",63.2166666666667,28.252548507615,2.06780631501848,0.606945928982802,0.85,7.5723383725,-4.046266970365,0.0236557905275,4.726864,-7.0233085,0.00017307775,10.303575,-0.8945252,0.0914485999999999
"510","sub-0632","403",35.5,23.0417241679432,2.10467128167511,0.956241851881617,0.616666666666667,6.2595903275,1.73032976151,0.292660371225,3.653129,-1.9033215,0.1767363,9.9729455,5.269501,0.40752435
"511","sub-0633","404",84.406779661017,32.7283061310731,2.00319433729046,1.048244028749,0.733333333333333,8.4306393825,1.459392427165,0.133215875188608,4.508564,-2.284466,0.003463415,14.28584,5.4511665,0.2560072
"512","sub-0638","405",74.6440677966102,24.6119978534891,2.62934028498324,0.790970860933329,0.833333333333333,7.094828045,-2.5335201724125,0.100479285655048,3.866529,-6.679692,0.003372649,12.11937,1.145297,0.20035295
"513","sub-0639","406",63.0833333333333,30.70046191154,1.94377394835077,0.588748863766208,0.85,6.7896076325,0.97436601441025,0.0146504592294838,4.904258,-1.38005,0.00014290125,8.927641,3.3831855,0.0607064149999998
